2025-08-29T18:06:22: 🚀 Starting WhatsApp service...
2025-08-29T18:06:22: ❌ Error starting WhatsApp service: TypeError: logger.child is not a function
    at makeNoiseHandler (C:\Users\55519\Desktop\DIGITAL MARKETING\SAAS AND APP DEVELOPMENT\Caio Website Personal Brand\caio_personal_brand_current_one\node_modules\@whiskeysockets\baileys\lib\Utils\noise-handler.js:15:21)
    at makeSocket (C:\Users\55519\Desktop\DIGITAL MARKETING\SAAS AND APP DEVELOPMENT\Caio Website Personal Brand\caio_personal_brand_current_one\node_modules\@whiskeysockets\baileys\lib\Socket\socket.js:39:48)
    at makeUSyncSocket (C:\Users\55519\Desktop\DIGITAL MARKETING\SAAS AND APP DEVELOPMENT\Caio Website Personal Brand\caio_personal_brand_current_one\node_modules\@whiskeysockets\baileys\lib\Socket\usync.js:8:42)
    at makeChatsSocket (C:\Users\55519\Desktop\DIGITAL MARKETING\SAAS AND APP DEVELOPMENT\Caio Website Personal Brand\caio_personal_brand_current_one\node_modules\@whiskeysockets\baileys\lib\Socket\chats.js:21:46)
    at makeGroupsSocket (C:\Users\55519\Desktop\DIGITAL MARKETING\SAAS AND APP DEVELOPMENT\Caio Website Personal Brand\caio_personal_brand_current_one\node_modules\@whiskeysockets\baileys\lib\Socket\groups.js:10:46)
    at makeMessagesSocket (C:\Users\55519\Desktop\DIGITAL MARKETING\SAAS AND APP DEVELOPMENT\Caio Website Personal Brand\caio_personal_brand_current_one\node_modules\@whiskeysockets\baileys\lib\Socket\messages-send.js:18:48)
    at makeMessagesRecvSocket (C:\Users\55519\Desktop\DIGITAL MARKETING\SAAS AND APP DEVELOPMENT\Caio Website Personal Brand\caio_personal_brand_current_one\node_modules\@whiskeysockets\baileys\lib\Socket\messages-recv.js:20:57)
    at makeBusinessSocket (C:\Users\55519\Desktop\DIGITAL MARKETING\SAAS AND APP DEVELOPMENT\Caio Website Personal Brand\caio_personal_brand_current_one\node_modules\@whiskeysockets\baileys\lib\Socket\business.js:9:61)
    at makeWASocket (C:\Users\55519\Desktop\DIGITAL MARKETING\SAAS AND APP DEVELOPMENT\Caio Website Personal Brand\caio_personal_brand_current_one\node_modules\@whiskeysockets\baileys\lib\Socket\index.js:6:69)
    at WhatsAppService.start (C:\Users\55519\Desktop\DIGITAL MARKETING\SAAS AND APP DEVELOPMENT\Caio Website Personal Brand\caio_personal_brand_current_one\whatsapp-service.js:19:19)
2025-08-29T18:06:22: 🔄 Scheduling reconnect attempt 1/10 in 5s...
2025-08-29T18:06:27: 🚀 Starting WhatsApp service...
2025-08-29T18:06:27: ❌ Error starting WhatsApp service: TypeError: logger.child is not a function
    at makeNoiseHandler (C:\Users\55519\Desktop\DIGITAL MARKETING\SAAS AND APP DEVELOPMENT\Caio Website Personal Brand\caio_personal_brand_current_one\node_modules\@whiskeysockets\baileys\lib\Utils\noise-handler.js:15:21)
    at makeSocket (C:\Users\55519\Desktop\DIGITAL MARKETING\SAAS AND APP DEVELOPMENT\Caio Website Personal Brand\caio_personal_brand_current_one\node_modules\@whiskeysockets\baileys\lib\Socket\socket.js:39:48)
    at makeUSyncSocket (C:\Users\55519\Desktop\DIGITAL MARKETING\SAAS AND APP DEVELOPMENT\Caio Website Personal Brand\caio_personal_brand_current_one\node_modules\@whiskeysockets\baileys\lib\Socket\usync.js:8:42)
    at makeChatsSocket (C:\Users\55519\Desktop\DIGITAL MARKETING\SAAS AND APP DEVELOPMENT\Caio Website Personal Brand\caio_personal_brand_current_one\node_modules\@whiskeysockets\baileys\lib\Socket\chats.js:21:46)
    at makeGroupsSocket (C:\Users\55519\Desktop\DIGITAL MARKETING\SAAS AND APP DEVELOPMENT\Caio Website Personal Brand\caio_personal_brand_current_one\node_modules\@whiskeysockets\baileys\lib\Socket\groups.js:10:46)
    at makeMessagesSocket (C:\Users\55519\Desktop\DIGITAL MARKETING\SAAS AND APP DEVELOPMENT\Caio Website Personal Brand\caio_personal_brand_current_one\node_modules\@whiskeysockets\baileys\lib\Socket\messages-send.js:18:48)
    at makeMessagesRecvSocket (C:\Users\55519\Desktop\DIGITAL MARKETING\SAAS AND APP DEVELOPMENT\Caio Website Personal Brand\caio_personal_brand_current_one\node_modules\@whiskeysockets\baileys\lib\Socket\messages-recv.js:20:57)
    at makeBusinessSocket (C:\Users\55519\Desktop\DIGITAL MARKETING\SAAS AND APP DEVELOPMENT\Caio Website Personal Brand\caio_personal_brand_current_one\node_modules\@whiskeysockets\baileys\lib\Socket\business.js:9:61)
    at makeWASocket (C:\Users\55519\Desktop\DIGITAL MARKETING\SAAS AND APP DEVELOPMENT\Caio Website Personal Brand\caio_personal_brand_current_one\node_modules\@whiskeysockets\baileys\lib\Socket\index.js:6:69)
    at WhatsAppService.start (C:\Users\55519\Desktop\DIGITAL MARKETING\SAAS AND APP DEVELOPMENT\Caio Website Personal Brand\caio_personal_brand_current_one\whatsapp-service.js:19:19)
2025-08-29T18:06:27: 🔄 Scheduling reconnect attempt 2/10 in 10s...
2025-08-29T18:06:37: 🚀 Starting WhatsApp service...
2025-08-29T18:06:37: ❌ Error starting WhatsApp service: TypeError: logger.child is not a function
    at makeNoiseHandler (C:\Users\55519\Desktop\DIGITAL MARKETING\SAAS AND APP DEVELOPMENT\Caio Website Personal Brand\caio_personal_brand_current_one\node_modules\@whiskeysockets\baileys\lib\Utils\noise-handler.js:15:21)
    at makeSocket (C:\Users\55519\Desktop\DIGITAL MARKETING\SAAS AND APP DEVELOPMENT\Caio Website Personal Brand\caio_personal_brand_current_one\node_modules\@whiskeysockets\baileys\lib\Socket\socket.js:39:48)
    at makeUSyncSocket (C:\Users\55519\Desktop\DIGITAL MARKETING\SAAS AND APP DEVELOPMENT\Caio Website Personal Brand\caio_personal_brand_current_one\node_modules\@whiskeysockets\baileys\lib\Socket\usync.js:8:42)
    at makeChatsSocket (C:\Users\55519\Desktop\DIGITAL MARKETING\SAAS AND APP DEVELOPMENT\Caio Website Personal Brand\caio_personal_brand_current_one\node_modules\@whiskeysockets\baileys\lib\Socket\chats.js:21:46)
    at makeGroupsSocket (C:\Users\55519\Desktop\DIGITAL MARKETING\SAAS AND APP DEVELOPMENT\Caio Website Personal Brand\caio_personal_brand_current_one\node_modules\@whiskeysockets\baileys\lib\Socket\groups.js:10:46)
    at makeMessagesSocket (C:\Users\55519\Desktop\DIGITAL MARKETING\SAAS AND APP DEVELOPMENT\Caio Website Personal Brand\caio_personal_brand_current_one\node_modules\@whiskeysockets\baileys\lib\Socket\messages-send.js:18:48)
    at makeMessagesRecvSocket (C:\Users\55519\Desktop\DIGITAL MARKETING\SAAS AND APP DEVELOPMENT\Caio Website Personal Brand\caio_personal_brand_current_one\node_modules\@whiskeysockets\baileys\lib\Socket\messages-recv.js:20:57)
    at makeBusinessSocket (C:\Users\55519\Desktop\DIGITAL MARKETING\SAAS AND APP DEVELOPMENT\Caio Website Personal Brand\caio_personal_brand_current_one\node_modules\@whiskeysockets\baileys\lib\Socket\business.js:9:61)
    at makeWASocket (C:\Users\55519\Desktop\DIGITAL MARKETING\SAAS AND APP DEVELOPMENT\Caio Website Personal Brand\caio_personal_brand_current_one\node_modules\@whiskeysockets\baileys\lib\Socket\index.js:6:69)
    at WhatsAppService.start (C:\Users\55519\Desktop\DIGITAL MARKETING\SAAS AND APP DEVELOPMENT\Caio Website Personal Brand\caio_personal_brand_current_one\whatsapp-service.js:19:19)
2025-08-29T18:06:37: 🔄 Scheduling reconnect attempt 3/10 in 15s...
2025-08-29T18:06:52: 🚀 Starting WhatsApp service...
2025-08-29T18:06:52: ❌ Error starting WhatsApp service: TypeError: logger.child is not a function
    at makeNoiseHandler (C:\Users\55519\Desktop\DIGITAL MARKETING\SAAS AND APP DEVELOPMENT\Caio Website Personal Brand\caio_personal_brand_current_one\node_modules\@whiskeysockets\baileys\lib\Utils\noise-handler.js:15:21)
    at makeSocket (C:\Users\55519\Desktop\DIGITAL MARKETING\SAAS AND APP DEVELOPMENT\Caio Website Personal Brand\caio_personal_brand_current_one\node_modules\@whiskeysockets\baileys\lib\Socket\socket.js:39:48)
    at makeUSyncSocket (C:\Users\55519\Desktop\DIGITAL MARKETING\SAAS AND APP DEVELOPMENT\Caio Website Personal Brand\caio_personal_brand_current_one\node_modules\@whiskeysockets\baileys\lib\Socket\usync.js:8:42)
    at makeChatsSocket (C:\Users\55519\Desktop\DIGITAL MARKETING\SAAS AND APP DEVELOPMENT\Caio Website Personal Brand\caio_personal_brand_current_one\node_modules\@whiskeysockets\baileys\lib\Socket\chats.js:21:46)
    at makeGroupsSocket (C:\Users\55519\Desktop\DIGITAL MARKETING\SAAS AND APP DEVELOPMENT\Caio Website Personal Brand\caio_personal_brand_current_one\node_modules\@whiskeysockets\baileys\lib\Socket\groups.js:10:46)
    at makeMessagesSocket (C:\Users\55519\Desktop\DIGITAL MARKETING\SAAS AND APP DEVELOPMENT\Caio Website Personal Brand\caio_personal_brand_current_one\node_modules\@whiskeysockets\baileys\lib\Socket\messages-send.js:18:48)
    at makeMessagesRecvSocket (C:\Users\55519\Desktop\DIGITAL MARKETING\SAAS AND APP DEVELOPMENT\Caio Website Personal Brand\caio_personal_brand_current_one\node_modules\@whiskeysockets\baileys\lib\Socket\messages-recv.js:20:57)
    at makeBusinessSocket (C:\Users\55519\Desktop\DIGITAL MARKETING\SAAS AND APP DEVELOPMENT\Caio Website Personal Brand\caio_personal_brand_current_one\node_modules\@whiskeysockets\baileys\lib\Socket\business.js:9:61)
    at makeWASocket (C:\Users\55519\Desktop\DIGITAL MARKETING\SAAS AND APP DEVELOPMENT\Caio Website Personal Brand\caio_personal_brand_current_one\node_modules\@whiskeysockets\baileys\lib\Socket\index.js:6:69)
    at WhatsAppService.start (C:\Users\55519\Desktop\DIGITAL MARKETING\SAAS AND APP DEVELOPMENT\Caio Website Personal Brand\caio_personal_brand_current_one\whatsapp-service.js:19:19)
2025-08-29T18:06:52: 🔄 Scheduling reconnect attempt 4/10 in 20s...
2025-08-29T18:07:12: 🚀 Starting WhatsApp service...
2025-08-29T18:07:12: ❌ Error starting WhatsApp service: TypeError: logger.child is not a function
    at makeNoiseHandler (C:\Users\55519\Desktop\DIGITAL MARKETING\SAAS AND APP DEVELOPMENT\Caio Website Personal Brand\caio_personal_brand_current_one\node_modules\@whiskeysockets\baileys\lib\Utils\noise-handler.js:15:21)
    at makeSocket (C:\Users\55519\Desktop\DIGITAL MARKETING\SAAS AND APP DEVELOPMENT\Caio Website Personal Brand\caio_personal_brand_current_one\node_modules\@whiskeysockets\baileys\lib\Socket\socket.js:39:48)
    at makeUSyncSocket (C:\Users\55519\Desktop\DIGITAL MARKETING\SAAS AND APP DEVELOPMENT\Caio Website Personal Brand\caio_personal_brand_current_one\node_modules\@whiskeysockets\baileys\lib\Socket\usync.js:8:42)
    at makeChatsSocket (C:\Users\55519\Desktop\DIGITAL MARKETING\SAAS AND APP DEVELOPMENT\Caio Website Personal Brand\caio_personal_brand_current_one\node_modules\@whiskeysockets\baileys\lib\Socket\chats.js:21:46)
    at makeGroupsSocket (C:\Users\55519\Desktop\DIGITAL MARKETING\SAAS AND APP DEVELOPMENT\Caio Website Personal Brand\caio_personal_brand_current_one\node_modules\@whiskeysockets\baileys\lib\Socket\groups.js:10:46)
    at makeMessagesSocket (C:\Users\55519\Desktop\DIGITAL MARKETING\SAAS AND APP DEVELOPMENT\Caio Website Personal Brand\caio_personal_brand_current_one\node_modules\@whiskeysockets\baileys\lib\Socket\messages-send.js:18:48)
    at makeMessagesRecvSocket (C:\Users\55519\Desktop\DIGITAL MARKETING\SAAS AND APP DEVELOPMENT\Caio Website Personal Brand\caio_personal_brand_current_one\node_modules\@whiskeysockets\baileys\lib\Socket\messages-recv.js:20:57)
    at makeBusinessSocket (C:\Users\55519\Desktop\DIGITAL MARKETING\SAAS AND APP DEVELOPMENT\Caio Website Personal Brand\caio_personal_brand_current_one\node_modules\@whiskeysockets\baileys\lib\Socket\business.js:9:61)
    at makeWASocket (C:\Users\55519\Desktop\DIGITAL MARKETING\SAAS AND APP DEVELOPMENT\Caio Website Personal Brand\caio_personal_brand_current_one\node_modules\@whiskeysockets\baileys\lib\Socket\index.js:6:69)
    at WhatsAppService.start (C:\Users\55519\Desktop\DIGITAL MARKETING\SAAS AND APP DEVELOPMENT\Caio Website Personal Brand\caio_personal_brand_current_one\whatsapp-service.js:19:19)
2025-08-29T18:07:12: 🔄 Scheduling reconnect attempt 5/10 in 25s...
2025-08-29T18:07:37: 🚀 Starting WhatsApp service...
2025-08-29T18:07:37: ❌ Error starting WhatsApp service: TypeError: logger.child is not a function
    at makeNoiseHandler (C:\Users\55519\Desktop\DIGITAL MARKETING\SAAS AND APP DEVELOPMENT\Caio Website Personal Brand\caio_personal_brand_current_one\node_modules\@whiskeysockets\baileys\lib\Utils\noise-handler.js:15:21)
    at makeSocket (C:\Users\55519\Desktop\DIGITAL MARKETING\SAAS AND APP DEVELOPMENT\Caio Website Personal Brand\caio_personal_brand_current_one\node_modules\@whiskeysockets\baileys\lib\Socket\socket.js:39:48)
    at makeUSyncSocket (C:\Users\55519\Desktop\DIGITAL MARKETING\SAAS AND APP DEVELOPMENT\Caio Website Personal Brand\caio_personal_brand_current_one\node_modules\@whiskeysockets\baileys\lib\Socket\usync.js:8:42)
    at makeChatsSocket (C:\Users\55519\Desktop\DIGITAL MARKETING\SAAS AND APP DEVELOPMENT\Caio Website Personal Brand\caio_personal_brand_current_one\node_modules\@whiskeysockets\baileys\lib\Socket\chats.js:21:46)
    at makeGroupsSocket (C:\Users\55519\Desktop\DIGITAL MARKETING\SAAS AND APP DEVELOPMENT\Caio Website Personal Brand\caio_personal_brand_current_one\node_modules\@whiskeysockets\baileys\lib\Socket\groups.js:10:46)
    at makeMessagesSocket (C:\Users\55519\Desktop\DIGITAL MARKETING\SAAS AND APP DEVELOPMENT\Caio Website Personal Brand\caio_personal_brand_current_one\node_modules\@whiskeysockets\baileys\lib\Socket\messages-send.js:18:48)
    at makeMessagesRecvSocket (C:\Users\55519\Desktop\DIGITAL MARKETING\SAAS AND APP DEVELOPMENT\Caio Website Personal Brand\caio_personal_brand_current_one\node_modules\@whiskeysockets\baileys\lib\Socket\messages-recv.js:20:57)
    at makeBusinessSocket (C:\Users\55519\Desktop\DIGITAL MARKETING\SAAS AND APP DEVELOPMENT\Caio Website Personal Brand\caio_personal_brand_current_one\node_modules\@whiskeysockets\baileys\lib\Socket\business.js:9:61)
    at makeWASocket (C:\Users\55519\Desktop\DIGITAL MARKETING\SAAS AND APP DEVELOPMENT\Caio Website Personal Brand\caio_personal_brand_current_one\node_modules\@whiskeysockets\baileys\lib\Socket\index.js:6:69)
    at WhatsAppService.start (C:\Users\55519\Desktop\DIGITAL MARKETING\SAAS AND APP DEVELOPMENT\Caio Website Personal Brand\caio_personal_brand_current_one\whatsapp-service.js:19:19)
2025-08-29T18:07:37: 🔄 Scheduling reconnect attempt 6/10 in 30s...
2025-08-29T18:08:07: 🚀 Starting WhatsApp service...
2025-08-29T18:08:07: ❌ Error starting WhatsApp service: TypeError: logger.child is not a function
    at makeNoiseHandler (C:\Users\55519\Desktop\DIGITAL MARKETING\SAAS AND APP DEVELOPMENT\Caio Website Personal Brand\caio_personal_brand_current_one\node_modules\@whiskeysockets\baileys\lib\Utils\noise-handler.js:15:21)
    at makeSocket (C:\Users\55519\Desktop\DIGITAL MARKETING\SAAS AND APP DEVELOPMENT\Caio Website Personal Brand\caio_personal_brand_current_one\node_modules\@whiskeysockets\baileys\lib\Socket\socket.js:39:48)
    at makeUSyncSocket (C:\Users\55519\Desktop\DIGITAL MARKETING\SAAS AND APP DEVELOPMENT\Caio Website Personal Brand\caio_personal_brand_current_one\node_modules\@whiskeysockets\baileys\lib\Socket\usync.js:8:42)
    at makeChatsSocket (C:\Users\55519\Desktop\DIGITAL MARKETING\SAAS AND APP DEVELOPMENT\Caio Website Personal Brand\caio_personal_brand_current_one\node_modules\@whiskeysockets\baileys\lib\Socket\chats.js:21:46)
    at makeGroupsSocket (C:\Users\55519\Desktop\DIGITAL MARKETING\SAAS AND APP DEVELOPMENT\Caio Website Personal Brand\caio_personal_brand_current_one\node_modules\@whiskeysockets\baileys\lib\Socket\groups.js:10:46)
    at makeMessagesSocket (C:\Users\55519\Desktop\DIGITAL MARKETING\SAAS AND APP DEVELOPMENT\Caio Website Personal Brand\caio_personal_brand_current_one\node_modules\@whiskeysockets\baileys\lib\Socket\messages-send.js:18:48)
    at makeMessagesRecvSocket (C:\Users\55519\Desktop\DIGITAL MARKETING\SAAS AND APP DEVELOPMENT\Caio Website Personal Brand\caio_personal_brand_current_one\node_modules\@whiskeysockets\baileys\lib\Socket\messages-recv.js:20:57)
    at makeBusinessSocket (C:\Users\55519\Desktop\DIGITAL MARKETING\SAAS AND APP DEVELOPMENT\Caio Website Personal Brand\caio_personal_brand_current_one\node_modules\@whiskeysockets\baileys\lib\Socket\business.js:9:61)
    at makeWASocket (C:\Users\55519\Desktop\DIGITAL MARKETING\SAAS AND APP DEVELOPMENT\Caio Website Personal Brand\caio_personal_brand_current_one\node_modules\@whiskeysockets\baileys\lib\Socket\index.js:6:69)
    at WhatsAppService.start (C:\Users\55519\Desktop\DIGITAL MARKETING\SAAS AND APP DEVELOPMENT\Caio Website Personal Brand\caio_personal_brand_current_one\whatsapp-service.js:19:19)
2025-08-29T18:08:07: 🔄 Scheduling reconnect attempt 7/10 in 30s...
2025-08-29T18:08:37: 🚀 Starting WhatsApp service...
2025-08-29T18:08:37: ❌ Error starting WhatsApp service: TypeError: logger.child is not a function
    at makeNoiseHandler (C:\Users\55519\Desktop\DIGITAL MARKETING\SAAS AND APP DEVELOPMENT\Caio Website Personal Brand\caio_personal_brand_current_one\node_modules\@whiskeysockets\baileys\lib\Utils\noise-handler.js:15:21)
    at makeSocket (C:\Users\55519\Desktop\DIGITAL MARKETING\SAAS AND APP DEVELOPMENT\Caio Website Personal Brand\caio_personal_brand_current_one\node_modules\@whiskeysockets\baileys\lib\Socket\socket.js:39:48)
    at makeUSyncSocket (C:\Users\55519\Desktop\DIGITAL MARKETING\SAAS AND APP DEVELOPMENT\Caio Website Personal Brand\caio_personal_brand_current_one\node_modules\@whiskeysockets\baileys\lib\Socket\usync.js:8:42)
    at makeChatsSocket (C:\Users\55519\Desktop\DIGITAL MARKETING\SAAS AND APP DEVELOPMENT\Caio Website Personal Brand\caio_personal_brand_current_one\node_modules\@whiskeysockets\baileys\lib\Socket\chats.js:21:46)
    at makeGroupsSocket (C:\Users\55519\Desktop\DIGITAL MARKETING\SAAS AND APP DEVELOPMENT\Caio Website Personal Brand\caio_personal_brand_current_one\node_modules\@whiskeysockets\baileys\lib\Socket\groups.js:10:46)
    at makeMessagesSocket (C:\Users\55519\Desktop\DIGITAL MARKETING\SAAS AND APP DEVELOPMENT\Caio Website Personal Brand\caio_personal_brand_current_one\node_modules\@whiskeysockets\baileys\lib\Socket\messages-send.js:18:48)
    at makeMessagesRecvSocket (C:\Users\55519\Desktop\DIGITAL MARKETING\SAAS AND APP DEVELOPMENT\Caio Website Personal Brand\caio_personal_brand_current_one\node_modules\@whiskeysockets\baileys\lib\Socket\messages-recv.js:20:57)
    at makeBusinessSocket (C:\Users\55519\Desktop\DIGITAL MARKETING\SAAS AND APP DEVELOPMENT\Caio Website Personal Brand\caio_personal_brand_current_one\node_modules\@whiskeysockets\baileys\lib\Socket\business.js:9:61)
    at makeWASocket (C:\Users\55519\Desktop\DIGITAL MARKETING\SAAS AND APP DEVELOPMENT\Caio Website Personal Brand\caio_personal_brand_current_one\node_modules\@whiskeysockets\baileys\lib\Socket\index.js:6:69)
    at WhatsAppService.start (C:\Users\55519\Desktop\DIGITAL MARKETING\SAAS AND APP DEVELOPMENT\Caio Website Personal Brand\caio_personal_brand_current_one\whatsapp-service.js:19:19)
2025-08-29T18:08:37: 🔄 Scheduling reconnect attempt 8/10 in 30s...
2025-08-29T18:09:07: 🚀 Starting WhatsApp service...
2025-08-29T18:09:07: ❌ Error starting WhatsApp service: TypeError: logger.child is not a function
    at makeNoiseHandler (C:\Users\55519\Desktop\DIGITAL MARKETING\SAAS AND APP DEVELOPMENT\Caio Website Personal Brand\caio_personal_brand_current_one\node_modules\@whiskeysockets\baileys\lib\Utils\noise-handler.js:15:21)
    at makeSocket (C:\Users\55519\Desktop\DIGITAL MARKETING\SAAS AND APP DEVELOPMENT\Caio Website Personal Brand\caio_personal_brand_current_one\node_modules\@whiskeysockets\baileys\lib\Socket\socket.js:39:48)
    at makeUSyncSocket (C:\Users\55519\Desktop\DIGITAL MARKETING\SAAS AND APP DEVELOPMENT\Caio Website Personal Brand\caio_personal_brand_current_one\node_modules\@whiskeysockets\baileys\lib\Socket\usync.js:8:42)
    at makeChatsSocket (C:\Users\55519\Desktop\DIGITAL MARKETING\SAAS AND APP DEVELOPMENT\Caio Website Personal Brand\caio_personal_brand_current_one\node_modules\@whiskeysockets\baileys\lib\Socket\chats.js:21:46)
    at makeGroupsSocket (C:\Users\55519\Desktop\DIGITAL MARKETING\SAAS AND APP DEVELOPMENT\Caio Website Personal Brand\caio_personal_brand_current_one\node_modules\@whiskeysockets\baileys\lib\Socket\groups.js:10:46)
    at makeMessagesSocket (C:\Users\55519\Desktop\DIGITAL MARKETING\SAAS AND APP DEVELOPMENT\Caio Website Personal Brand\caio_personal_brand_current_one\node_modules\@whiskeysockets\baileys\lib\Socket\messages-send.js:18:48)
    at makeMessagesRecvSocket (C:\Users\55519\Desktop\DIGITAL MARKETING\SAAS AND APP DEVELOPMENT\Caio Website Personal Brand\caio_personal_brand_current_one\node_modules\@whiskeysockets\baileys\lib\Socket\messages-recv.js:20:57)
    at makeBusinessSocket (C:\Users\55519\Desktop\DIGITAL MARKETING\SAAS AND APP DEVELOPMENT\Caio Website Personal Brand\caio_personal_brand_current_one\node_modules\@whiskeysockets\baileys\lib\Socket\business.js:9:61)
    at makeWASocket (C:\Users\55519\Desktop\DIGITAL MARKETING\SAAS AND APP DEVELOPMENT\Caio Website Personal Brand\caio_personal_brand_current_one\node_modules\@whiskeysockets\baileys\lib\Socket\index.js:6:69)
    at WhatsAppService.start (C:\Users\55519\Desktop\DIGITAL MARKETING\SAAS AND APP DEVELOPMENT\Caio Website Personal Brand\caio_personal_brand_current_one\whatsapp-service.js:19:19)
2025-08-29T18:09:07: 🔄 Scheduling reconnect attempt 9/10 in 30s...
2025-08-29T18:09:37: 🚀 Starting WhatsApp service...
2025-08-29T18:09:37: ❌ Error starting WhatsApp service: TypeError: logger.child is not a function
    at makeNoiseHandler (C:\Users\55519\Desktop\DIGITAL MARKETING\SAAS AND APP DEVELOPMENT\Caio Website Personal Brand\caio_personal_brand_current_one\node_modules\@whiskeysockets\baileys\lib\Utils\noise-handler.js:15:21)
    at makeSocket (C:\Users\55519\Desktop\DIGITAL MARKETING\SAAS AND APP DEVELOPMENT\Caio Website Personal Brand\caio_personal_brand_current_one\node_modules\@whiskeysockets\baileys\lib\Socket\socket.js:39:48)
    at makeUSyncSocket (C:\Users\55519\Desktop\DIGITAL MARKETING\SAAS AND APP DEVELOPMENT\Caio Website Personal Brand\caio_personal_brand_current_one\node_modules\@whiskeysockets\baileys\lib\Socket\usync.js:8:42)
    at makeChatsSocket (C:\Users\55519\Desktop\DIGITAL MARKETING\SAAS AND APP DEVELOPMENT\Caio Website Personal Brand\caio_personal_brand_current_one\node_modules\@whiskeysockets\baileys\lib\Socket\chats.js:21:46)
    at makeGroupsSocket (C:\Users\55519\Desktop\DIGITAL MARKETING\SAAS AND APP DEVELOPMENT\Caio Website Personal Brand\caio_personal_brand_current_one\node_modules\@whiskeysockets\baileys\lib\Socket\groups.js:10:46)
    at makeMessagesSocket (C:\Users\55519\Desktop\DIGITAL MARKETING\SAAS AND APP DEVELOPMENT\Caio Website Personal Brand\caio_personal_brand_current_one\node_modules\@whiskeysockets\baileys\lib\Socket\messages-send.js:18:48)
    at makeMessagesRecvSocket (C:\Users\55519\Desktop\DIGITAL MARKETING\SAAS AND APP DEVELOPMENT\Caio Website Personal Brand\caio_personal_brand_current_one\node_modules\@whiskeysockets\baileys\lib\Socket\messages-recv.js:20:57)
    at makeBusinessSocket (C:\Users\55519\Desktop\DIGITAL MARKETING\SAAS AND APP DEVELOPMENT\Caio Website Personal Brand\caio_personal_brand_current_one\node_modules\@whiskeysockets\baileys\lib\Socket\business.js:9:61)
    at makeWASocket (C:\Users\55519\Desktop\DIGITAL MARKETING\SAAS AND APP DEVELOPMENT\Caio Website Personal Brand\caio_personal_brand_current_one\node_modules\@whiskeysockets\baileys\lib\Socket\index.js:6:69)
    at WhatsAppService.start (C:\Users\55519\Desktop\DIGITAL MARKETING\SAAS AND APP DEVELOPMENT\Caio Website Personal Brand\caio_personal_brand_current_one\whatsapp-service.js:19:19)
2025-08-29T18:09:37: 🔄 Scheduling reconnect attempt 10/10 in 30s...
2025-08-29T18:10:07: 🚀 Starting WhatsApp service...
2025-08-29T18:10:08: ❌ Error starting WhatsApp service: TypeError: logger.child is not a function
    at makeNoiseHandler (C:\Users\55519\Desktop\DIGITAL MARKETING\SAAS AND APP DEVELOPMENT\Caio Website Personal Brand\caio_personal_brand_current_one\node_modules\@whiskeysockets\baileys\lib\Utils\noise-handler.js:15:21)
    at makeSocket (C:\Users\55519\Desktop\DIGITAL MARKETING\SAAS AND APP DEVELOPMENT\Caio Website Personal Brand\caio_personal_brand_current_one\node_modules\@whiskeysockets\baileys\lib\Socket\socket.js:39:48)
    at makeUSyncSocket (C:\Users\55519\Desktop\DIGITAL MARKETING\SAAS AND APP DEVELOPMENT\Caio Website Personal Brand\caio_personal_brand_current_one\node_modules\@whiskeysockets\baileys\lib\Socket\usync.js:8:42)
    at makeChatsSocket (C:\Users\55519\Desktop\DIGITAL MARKETING\SAAS AND APP DEVELOPMENT\Caio Website Personal Brand\caio_personal_brand_current_one\node_modules\@whiskeysockets\baileys\lib\Socket\chats.js:21:46)
    at makeGroupsSocket (C:\Users\55519\Desktop\DIGITAL MARKETING\SAAS AND APP DEVELOPMENT\Caio Website Personal Brand\caio_personal_brand_current_one\node_modules\@whiskeysockets\baileys\lib\Socket\groups.js:10:46)
    at makeMessagesSocket (C:\Users\55519\Desktop\DIGITAL MARKETING\SAAS AND APP DEVELOPMENT\Caio Website Personal Brand\caio_personal_brand_current_one\node_modules\@whiskeysockets\baileys\lib\Socket\messages-send.js:18:48)
    at makeMessagesRecvSocket (C:\Users\55519\Desktop\DIGITAL MARKETING\SAAS AND APP DEVELOPMENT\Caio Website Personal Brand\caio_personal_brand_current_one\node_modules\@whiskeysockets\baileys\lib\Socket\messages-recv.js:20:57)
    at makeBusinessSocket (C:\Users\55519\Desktop\DIGITAL MARKETING\SAAS AND APP DEVELOPMENT\Caio Website Personal Brand\caio_personal_brand_current_one\node_modules\@whiskeysockets\baileys\lib\Socket\business.js:9:61)
    at makeWASocket (C:\Users\55519\Desktop\DIGITAL MARKETING\SAAS AND APP DEVELOPMENT\Caio Website Personal Brand\caio_personal_brand_current_one\node_modules\@whiskeysockets\baileys\lib\Socket\index.js:6:69)
    at WhatsAppService.start (C:\Users\55519\Desktop\DIGITAL MARKETING\SAAS AND APP DEVELOPMENT\Caio Website Personal Brand\caio_personal_brand_current_one\whatsapp-service.js:19:19)
2025-08-29T18:10:08: 🔄 Scheduling reconnect attempt 11/10 in 30s...
2025-08-29T18:10:38: 🚀 Starting WhatsApp service...
2025-08-29T18:10:38: ❌ Error starting WhatsApp service: TypeError: logger.child is not a function
    at makeNoiseHandler (C:\Users\55519\Desktop\DIGITAL MARKETING\SAAS AND APP DEVELOPMENT\Caio Website Personal Brand\caio_personal_brand_current_one\node_modules\@whiskeysockets\baileys\lib\Utils\noise-handler.js:15:21)
    at makeSocket (C:\Users\55519\Desktop\DIGITAL MARKETING\SAAS AND APP DEVELOPMENT\Caio Website Personal Brand\caio_personal_brand_current_one\node_modules\@whiskeysockets\baileys\lib\Socket\socket.js:39:48)
    at makeUSyncSocket (C:\Users\55519\Desktop\DIGITAL MARKETING\SAAS AND APP DEVELOPMENT\Caio Website Personal Brand\caio_personal_brand_current_one\node_modules\@whiskeysockets\baileys\lib\Socket\usync.js:8:42)
    at makeChatsSocket (C:\Users\55519\Desktop\DIGITAL MARKETING\SAAS AND APP DEVELOPMENT\Caio Website Personal Brand\caio_personal_brand_current_one\node_modules\@whiskeysockets\baileys\lib\Socket\chats.js:21:46)
    at makeGroupsSocket (C:\Users\55519\Desktop\DIGITAL MARKETING\SAAS AND APP DEVELOPMENT\Caio Website Personal Brand\caio_personal_brand_current_one\node_modules\@whiskeysockets\baileys\lib\Socket\groups.js:10:46)
    at makeMessagesSocket (C:\Users\55519\Desktop\DIGITAL MARKETING\SAAS AND APP DEVELOPMENT\Caio Website Personal Brand\caio_personal_brand_current_one\node_modules\@whiskeysockets\baileys\lib\Socket\messages-send.js:18:48)
    at makeMessagesRecvSocket (C:\Users\55519\Desktop\DIGITAL MARKETING\SAAS AND APP DEVELOPMENT\Caio Website Personal Brand\caio_personal_brand_current_one\node_modules\@whiskeysockets\baileys\lib\Socket\messages-recv.js:20:57)
    at makeBusinessSocket (C:\Users\55519\Desktop\DIGITAL MARKETING\SAAS AND APP DEVELOPMENT\Caio Website Personal Brand\caio_personal_brand_current_one\node_modules\@whiskeysockets\baileys\lib\Socket\business.js:9:61)
    at makeWASocket (C:\Users\55519\Desktop\DIGITAL MARKETING\SAAS AND APP DEVELOPMENT\Caio Website Personal Brand\caio_personal_brand_current_one\node_modules\@whiskeysockets\baileys\lib\Socket\index.js:6:69)
    at WhatsAppService.start (C:\Users\55519\Desktop\DIGITAL MARKETING\SAAS AND APP DEVELOPMENT\Caio Website Personal Brand\caio_personal_brand_current_one\whatsapp-service.js:19:19)
2025-08-29T18:10:38: 🔄 Scheduling reconnect attempt 12/10 in 30s...
2025-08-29T18:11:08: 🚀 Starting WhatsApp service...
2025-08-29T18:11:08: ❌ Error starting WhatsApp service: TypeError: logger.child is not a function
    at makeNoiseHandler (C:\Users\55519\Desktop\DIGITAL MARKETING\SAAS AND APP DEVELOPMENT\Caio Website Personal Brand\caio_personal_brand_current_one\node_modules\@whiskeysockets\baileys\lib\Utils\noise-handler.js:15:21)
    at makeSocket (C:\Users\55519\Desktop\DIGITAL MARKETING\SAAS AND APP DEVELOPMENT\Caio Website Personal Brand\caio_personal_brand_current_one\node_modules\@whiskeysockets\baileys\lib\Socket\socket.js:39:48)
    at makeUSyncSocket (C:\Users\55519\Desktop\DIGITAL MARKETING\SAAS AND APP DEVELOPMENT\Caio Website Personal Brand\caio_personal_brand_current_one\node_modules\@whiskeysockets\baileys\lib\Socket\usync.js:8:42)
    at makeChatsSocket (C:\Users\55519\Desktop\DIGITAL MARKETING\SAAS AND APP DEVELOPMENT\Caio Website Personal Brand\caio_personal_brand_current_one\node_modules\@whiskeysockets\baileys\lib\Socket\chats.js:21:46)
    at makeGroupsSocket (C:\Users\55519\Desktop\DIGITAL MARKETING\SAAS AND APP DEVELOPMENT\Caio Website Personal Brand\caio_personal_brand_current_one\node_modules\@whiskeysockets\baileys\lib\Socket\groups.js:10:46)
    at makeMessagesSocket (C:\Users\55519\Desktop\DIGITAL MARKETING\SAAS AND APP DEVELOPMENT\Caio Website Personal Brand\caio_personal_brand_current_one\node_modules\@whiskeysockets\baileys\lib\Socket\messages-send.js:18:48)
    at makeMessagesRecvSocket (C:\Users\55519\Desktop\DIGITAL MARKETING\SAAS AND APP DEVELOPMENT\Caio Website Personal Brand\caio_personal_brand_current_one\node_modules\@whiskeysockets\baileys\lib\Socket\messages-recv.js:20:57)
    at makeBusinessSocket (C:\Users\55519\Desktop\DIGITAL MARKETING\SAAS AND APP DEVELOPMENT\Caio Website Personal Brand\caio_personal_brand_current_one\node_modules\@whiskeysockets\baileys\lib\Socket\business.js:9:61)
    at makeWASocket (C:\Users\55519\Desktop\DIGITAL MARKETING\SAAS AND APP DEVELOPMENT\Caio Website Personal Brand\caio_personal_brand_current_one\node_modules\@whiskeysockets\baileys\lib\Socket\index.js:6:69)
    at WhatsAppService.start (C:\Users\55519\Desktop\DIGITAL MARKETING\SAAS AND APP DEVELOPMENT\Caio Website Personal Brand\caio_personal_brand_current_one\whatsapp-service.js:19:19)
2025-08-29T18:11:08: 🔄 Scheduling reconnect attempt 13/10 in 30s...
2025-08-29T18:11:38: 🚀 Starting WhatsApp service...
2025-08-29T18:11:38: ❌ Error starting WhatsApp service: TypeError: logger.child is not a function
    at makeNoiseHandler (C:\Users\55519\Desktop\DIGITAL MARKETING\SAAS AND APP DEVELOPMENT\Caio Website Personal Brand\caio_personal_brand_current_one\node_modules\@whiskeysockets\baileys\lib\Utils\noise-handler.js:15:21)
    at makeSocket (C:\Users\55519\Desktop\DIGITAL MARKETING\SAAS AND APP DEVELOPMENT\Caio Website Personal Brand\caio_personal_brand_current_one\node_modules\@whiskeysockets\baileys\lib\Socket\socket.js:39:48)
    at makeUSyncSocket (C:\Users\55519\Desktop\DIGITAL MARKETING\SAAS AND APP DEVELOPMENT\Caio Website Personal Brand\caio_personal_brand_current_one\node_modules\@whiskeysockets\baileys\lib\Socket\usync.js:8:42)
    at makeChatsSocket (C:\Users\55519\Desktop\DIGITAL MARKETING\SAAS AND APP DEVELOPMENT\Caio Website Personal Brand\caio_personal_brand_current_one\node_modules\@whiskeysockets\baileys\lib\Socket\chats.js:21:46)
    at makeGroupsSocket (C:\Users\55519\Desktop\DIGITAL MARKETING\SAAS AND APP DEVELOPMENT\Caio Website Personal Brand\caio_personal_brand_current_one\node_modules\@whiskeysockets\baileys\lib\Socket\groups.js:10:46)
    at makeMessagesSocket (C:\Users\55519\Desktop\DIGITAL MARKETING\SAAS AND APP DEVELOPMENT\Caio Website Personal Brand\caio_personal_brand_current_one\node_modules\@whiskeysockets\baileys\lib\Socket\messages-send.js:18:48)
    at makeMessagesRecvSocket (C:\Users\55519\Desktop\DIGITAL MARKETING\SAAS AND APP DEVELOPMENT\Caio Website Personal Brand\caio_personal_brand_current_one\node_modules\@whiskeysockets\baileys\lib\Socket\messages-recv.js:20:57)
    at makeBusinessSocket (C:\Users\55519\Desktop\DIGITAL MARKETING\SAAS AND APP DEVELOPMENT\Caio Website Personal Brand\caio_personal_brand_current_one\node_modules\@whiskeysockets\baileys\lib\Socket\business.js:9:61)
    at makeWASocket (C:\Users\55519\Desktop\DIGITAL MARKETING\SAAS AND APP DEVELOPMENT\Caio Website Personal Brand\caio_personal_brand_current_one\node_modules\@whiskeysockets\baileys\lib\Socket\index.js:6:69)
    at WhatsAppService.start (C:\Users\55519\Desktop\DIGITAL MARKETING\SAAS AND APP DEVELOPMENT\Caio Website Personal Brand\caio_personal_brand_current_one\whatsapp-service.js:19:19)
2025-08-29T18:11:38: 🔄 Scheduling reconnect attempt 14/10 in 30s...
2025-08-29T18:12:08: 🚀 Starting WhatsApp service...
2025-08-29T18:12:08: ❌ Error starting WhatsApp service: TypeError: logger.child is not a function
    at makeNoiseHandler (C:\Users\55519\Desktop\DIGITAL MARKETING\SAAS AND APP DEVELOPMENT\Caio Website Personal Brand\caio_personal_brand_current_one\node_modules\@whiskeysockets\baileys\lib\Utils\noise-handler.js:15:21)
    at makeSocket (C:\Users\55519\Desktop\DIGITAL MARKETING\SAAS AND APP DEVELOPMENT\Caio Website Personal Brand\caio_personal_brand_current_one\node_modules\@whiskeysockets\baileys\lib\Socket\socket.js:39:48)
    at makeUSyncSocket (C:\Users\55519\Desktop\DIGITAL MARKETING\SAAS AND APP DEVELOPMENT\Caio Website Personal Brand\caio_personal_brand_current_one\node_modules\@whiskeysockets\baileys\lib\Socket\usync.js:8:42)
    at makeChatsSocket (C:\Users\55519\Desktop\DIGITAL MARKETING\SAAS AND APP DEVELOPMENT\Caio Website Personal Brand\caio_personal_brand_current_one\node_modules\@whiskeysockets\baileys\lib\Socket\chats.js:21:46)
    at makeGroupsSocket (C:\Users\55519\Desktop\DIGITAL MARKETING\SAAS AND APP DEVELOPMENT\Caio Website Personal Brand\caio_personal_brand_current_one\node_modules\@whiskeysockets\baileys\lib\Socket\groups.js:10:46)
    at makeMessagesSocket (C:\Users\55519\Desktop\DIGITAL MARKETING\SAAS AND APP DEVELOPMENT\Caio Website Personal Brand\caio_personal_brand_current_one\node_modules\@whiskeysockets\baileys\lib\Socket\messages-send.js:18:48)
    at makeMessagesRecvSocket (C:\Users\55519\Desktop\DIGITAL MARKETING\SAAS AND APP DEVELOPMENT\Caio Website Personal Brand\caio_personal_brand_current_one\node_modules\@whiskeysockets\baileys\lib\Socket\messages-recv.js:20:57)
    at makeBusinessSocket (C:\Users\55519\Desktop\DIGITAL MARKETING\SAAS AND APP DEVELOPMENT\Caio Website Personal Brand\caio_personal_brand_current_one\node_modules\@whiskeysockets\baileys\lib\Socket\business.js:9:61)
    at makeWASocket (C:\Users\55519\Desktop\DIGITAL MARKETING\SAAS AND APP DEVELOPMENT\Caio Website Personal Brand\caio_personal_brand_current_one\node_modules\@whiskeysockets\baileys\lib\Socket\index.js:6:69)
    at WhatsAppService.start (C:\Users\55519\Desktop\DIGITAL MARKETING\SAAS AND APP DEVELOPMENT\Caio Website Personal Brand\caio_personal_brand_current_one\whatsapp-service.js:19:19)
2025-08-29T18:12:08: 🔄 Scheduling reconnect attempt 15/10 in 30s...
2025-08-29T18:12:38: 🚀 Starting WhatsApp service...
2025-08-29T18:12:38: ❌ Error starting WhatsApp service: TypeError: logger.child is not a function
    at makeNoiseHandler (C:\Users\55519\Desktop\DIGITAL MARKETING\SAAS AND APP DEVELOPMENT\Caio Website Personal Brand\caio_personal_brand_current_one\node_modules\@whiskeysockets\baileys\lib\Utils\noise-handler.js:15:21)
    at makeSocket (C:\Users\55519\Desktop\DIGITAL MARKETING\SAAS AND APP DEVELOPMENT\Caio Website Personal Brand\caio_personal_brand_current_one\node_modules\@whiskeysockets\baileys\lib\Socket\socket.js:39:48)
    at makeUSyncSocket (C:\Users\55519\Desktop\DIGITAL MARKETING\SAAS AND APP DEVELOPMENT\Caio Website Personal Brand\caio_personal_brand_current_one\node_modules\@whiskeysockets\baileys\lib\Socket\usync.js:8:42)
    at makeChatsSocket (C:\Users\55519\Desktop\DIGITAL MARKETING\SAAS AND APP DEVELOPMENT\Caio Website Personal Brand\caio_personal_brand_current_one\node_modules\@whiskeysockets\baileys\lib\Socket\chats.js:21:46)
    at makeGroupsSocket (C:\Users\55519\Desktop\DIGITAL MARKETING\SAAS AND APP DEVELOPMENT\Caio Website Personal Brand\caio_personal_brand_current_one\node_modules\@whiskeysockets\baileys\lib\Socket\groups.js:10:46)
    at makeMessagesSocket (C:\Users\55519\Desktop\DIGITAL MARKETING\SAAS AND APP DEVELOPMENT\Caio Website Personal Brand\caio_personal_brand_current_one\node_modules\@whiskeysockets\baileys\lib\Socket\messages-send.js:18:48)
    at makeMessagesRecvSocket (C:\Users\55519\Desktop\DIGITAL MARKETING\SAAS AND APP DEVELOPMENT\Caio Website Personal Brand\caio_personal_brand_current_one\node_modules\@whiskeysockets\baileys\lib\Socket\messages-recv.js:20:57)
    at makeBusinessSocket (C:\Users\55519\Desktop\DIGITAL MARKETING\SAAS AND APP DEVELOPMENT\Caio Website Personal Brand\caio_personal_brand_current_one\node_modules\@whiskeysockets\baileys\lib\Socket\business.js:9:61)
    at makeWASocket (C:\Users\55519\Desktop\DIGITAL MARKETING\SAAS AND APP DEVELOPMENT\Caio Website Personal Brand\caio_personal_brand_current_one\node_modules\@whiskeysockets\baileys\lib\Socket\index.js:6:69)
    at WhatsAppService.start (C:\Users\55519\Desktop\DIGITAL MARKETING\SAAS AND APP DEVELOPMENT\Caio Website Personal Brand\caio_personal_brand_current_one\whatsapp-service.js:19:19)
2025-08-29T18:12:38: 🔄 Scheduling reconnect attempt 16/10 in 30s...
2025-08-29T18:13:08: 🚀 Starting WhatsApp service...
2025-08-29T18:13:08: ❌ Error starting WhatsApp service: TypeError: logger.child is not a function
    at makeNoiseHandler (C:\Users\55519\Desktop\DIGITAL MARKETING\SAAS AND APP DEVELOPMENT\Caio Website Personal Brand\caio_personal_brand_current_one\node_modules\@whiskeysockets\baileys\lib\Utils\noise-handler.js:15:21)
    at makeSocket (C:\Users\55519\Desktop\DIGITAL MARKETING\SAAS AND APP DEVELOPMENT\Caio Website Personal Brand\caio_personal_brand_current_one\node_modules\@whiskeysockets\baileys\lib\Socket\socket.js:39:48)
    at makeUSyncSocket (C:\Users\55519\Desktop\DIGITAL MARKETING\SAAS AND APP DEVELOPMENT\Caio Website Personal Brand\caio_personal_brand_current_one\node_modules\@whiskeysockets\baileys\lib\Socket\usync.js:8:42)
    at makeChatsSocket (C:\Users\55519\Desktop\DIGITAL MARKETING\SAAS AND APP DEVELOPMENT\Caio Website Personal Brand\caio_personal_brand_current_one\node_modules\@whiskeysockets\baileys\lib\Socket\chats.js:21:46)
    at makeGroupsSocket (C:\Users\55519\Desktop\DIGITAL MARKETING\SAAS AND APP DEVELOPMENT\Caio Website Personal Brand\caio_personal_brand_current_one\node_modules\@whiskeysockets\baileys\lib\Socket\groups.js:10:46)
    at makeMessagesSocket (C:\Users\55519\Desktop\DIGITAL MARKETING\SAAS AND APP DEVELOPMENT\Caio Website Personal Brand\caio_personal_brand_current_one\node_modules\@whiskeysockets\baileys\lib\Socket\messages-send.js:18:48)
    at makeMessagesRecvSocket (C:\Users\55519\Desktop\DIGITAL MARKETING\SAAS AND APP DEVELOPMENT\Caio Website Personal Brand\caio_personal_brand_current_one\node_modules\@whiskeysockets\baileys\lib\Socket\messages-recv.js:20:57)
    at makeBusinessSocket (C:\Users\55519\Desktop\DIGITAL MARKETING\SAAS AND APP DEVELOPMENT\Caio Website Personal Brand\caio_personal_brand_current_one\node_modules\@whiskeysockets\baileys\lib\Socket\business.js:9:61)
    at makeWASocket (C:\Users\55519\Desktop\DIGITAL MARKETING\SAAS AND APP DEVELOPMENT\Caio Website Personal Brand\caio_personal_brand_current_one\node_modules\@whiskeysockets\baileys\lib\Socket\index.js:6:69)
    at WhatsAppService.start (C:\Users\55519\Desktop\DIGITAL MARKETING\SAAS AND APP DEVELOPMENT\Caio Website Personal Brand\caio_personal_brand_current_one\whatsapp-service.js:19:19)
2025-08-29T18:13:08: 🔄 Scheduling reconnect attempt 17/10 in 30s...
2025-08-29T18:14:39: 🚀 Starting WhatsApp service...
2025-08-29T18:14:39: 📱 WhatsApp service started. Waiting for connection...
2025-08-29T18:14:39: {"level":30,"time":"2025-08-29T17:14:39.510Z","pid":12988,"hostname":"LAPTOP-R3IJ5HFS","class":"baileys","browser":["Ubuntu","Chrome","22.04.4"],"helloMsg":{"clientHello":{"ephemeral":"EQp+hqINJ++sJXUYZxhCrKvCBZ2KTDtULFoqsFTTxnM="}},"msg":"connected to WA"}
2025-08-29T18:14:39: {"level":30,"time":"2025-08-29T17:14:39.628Z","pid":12988,"hostname":"LAPTOP-R3IJ5HFS","class":"baileys","node":{"username":"555193288772","passive":false,"userAgent":{"platform":"WEB","appVersion":{"primary":2,"secondary":3000,"tertiary":1023223821},"mcc":"000","mnc":"000","osVersion":"0.1","device":"Desktop","osBuildNumber":"0.1","releaseChannel":"RELEASE","localeLanguageIso6391":"en","localeCountryIso31661Alpha2":"US"},"webInfo":{"webSubPlatform":"WEB_BROWSER"},"connectType":"WIFI_UNKNOWN","connectReason":"USER_ACTIVATED","device":51,"pull":true},"msg":"logging in..."}
2025-08-29T18:14:39: {"level":30,"time":"2025-08-29T17:14:39.963Z","pid":12988,"hostname":"LAPTOP-R3IJ5HFS","class":"baileys","msg":"14 pre-keys found on server"}
2025-08-29T18:14:39: {"level":30,"time":"2025-08-29T17:14:39.996Z","pid":12988,"hostname":"LAPTOP-R3IJ5HFS","class":"baileys","msg":"offline preview received"}
2025-08-29T18:14:40: {"level":30,"time":"2025-08-29T17:14:40.001Z","pid":12988,"hostname":"LAPTOP-R3IJ5HFS","class":"baileys","msg":"handled 1 offline messages/notifications"}
2025-08-29T18:14:40: {"level":30,"time":"2025-08-29T17:14:40.074Z","pid":12988,"hostname":"LAPTOP-R3IJ5HFS","class":"baileys","msg":"opened connection to WA"}
2025-08-29T18:14:40: ✅ WhatsApp connected successfully!
2025-08-29T18:27:26: {"level":30,"time":"2025-08-29T17:27:26.285Z","pid":12988,"hostname":"LAPTOP-R3IJ5HFS","class":"baileys","msg":"resyncing critical_unblock_low from v2"}
2025-08-29T18:27:26: {"level":30,"time":"2025-08-29T17:27:26.534Z","pid":12988,"hostname":"LAPTOP-R3IJ5HFS","class":"baileys","msg":"synced critical_unblock_low to v3"}
2025-08-29T18:54:04: 🚀 Starting WhatsApp service...
2025-08-29T18:54:04: 📱 WhatsApp service started. Waiting for connection...
2025-08-29T18:54:04: (node:24548) Warning: Setting the NODE_TLS_REJECT_UNAUTHORIZED environment variable to '0' makes TLS connections and HTTPS requests insecure by disabling certificate verification.
(Use `node --trace-warnings ...` to show where the warning was created)
2025-08-29T18:54:04: {"level":30,"time":"2025-08-29T17:54:04.695Z","pid":24548,"hostname":"LAPTOP-R3IJ5HFS","class":"baileys","browser":["Chrome (Linux)","",""],"helloMsg":{"clientHello":{"ephemeral":"BgzeGg/KRr1iz8vN5fgviRpWfAg/DLoaXpLj6xizqE4="}},"msg":"connected to WA"}
2025-08-29T18:54:04: {"level":30,"time":"2025-08-29T17:54:04.885Z","pid":24548,"hostname":"LAPTOP-R3IJ5HFS","class":"baileys","node":{"username":"555193288772","passive":false,"userAgent":{"platform":"WEB","appVersion":{"primary":2,"secondary":3000,"tertiary":1023223821},"mcc":"000","mnc":"000","osVersion":"0.1","device":"Desktop","osBuildNumber":"0.1","releaseChannel":"RELEASE","localeLanguageIso6391":"en","localeCountryIso31661Alpha2":"US"},"webInfo":{"webSubPlatform":"WEB_BROWSER"},"connectType":"WIFI_UNKNOWN","connectReason":"USER_ACTIVATED","device":51,"pull":true},"msg":"logging in..."}
2025-08-29T18:54:05: {"level":30,"time":"2025-08-29T17:54:05.268Z","pid":24548,"hostname":"LAPTOP-R3IJ5HFS","class":"baileys","msg":"30 pre-keys found on server"}
2025-08-29T18:54:05: {"level":30,"time":"2025-08-29T17:54:05.328Z","pid":24548,"hostname":"LAPTOP-R3IJ5HFS","class":"baileys","msg":"handled 0 offline messages/notifications"}
2025-08-29T18:54:05: {"level":30,"time":"2025-08-29T17:54:05.414Z","pid":24548,"hostname":"LAPTOP-R3IJ5HFS","class":"baileys","msg":"opened connection to WA"}
2025-08-29T18:54:05: ✅ WhatsApp connected successfully!
2025-08-29T18:57:41: {"level":50,"time":"2025-08-29T17:57:41.126Z","pid":24548,"hostname":"LAPTOP-R3IJ5HFS","class":"baileys","node":{"tag":"stream:error","attrs":{},"content":[{"tag":"conflict","attrs":{"type":"replaced"}}]},"msg":"stream errored out"}
2025-08-29T18:57:41: {"level":30,"time":"2025-08-29T17:57:41.155Z","pid":24548,"hostname":"LAPTOP-R3IJ5HFS","class":"baileys","trace":"Error: Stream Errored (conflict)\n    at WebSocketClient.<anonymous> (C:\\Users\\55519\\Desktop\\DIGITAL MARKETING\\SAAS AND APP DEVELOPMENT\\Caio Website Personal Brand\\caio_personal_brand_current_one\\node_modules\\@whiskeysockets\\baileys\\lib\\Socket\\socket.js:524:13)\n    at WebSocketClient.emit (node:events:518:28)\n    at C:\\Users\\55519\\Desktop\\DIGITAL MARKETING\\SAAS AND APP DEVELOPMENT\\Caio Website Personal Brand\\caio_personal_brand_current_one\\node_modules\\@whiskeysockets\\baileys\\lib\\Socket\\socket.js:241:35\n    at Object.decodeFrame (C:\\Users\\55519\\Desktop\\DIGITAL MARKETING\\SAAS AND APP DEVELOPMENT\\Caio Website Personal Brand\\caio_personal_brand_current_one\\node_modules\\@whiskeysockets\\baileys\\lib\\Utils\\noise-handler.js:144:17)\n    at process.processTicksAndRejections (node:internal/process/task_queues:105:5)","msg":"connection errored"}
2025-08-29T18:57:41: 🔄 Scheduling reconnect attempt 1/10 in 5s...
2025-08-29T18:57:46: 🚀 Starting WhatsApp service...
2025-08-29T18:57:46: 📱 WhatsApp service started. Waiting for connection...
2025-08-29T18:57:46: {"level":30,"time":"2025-08-29T17:57:46.499Z","pid":24548,"hostname":"LAPTOP-R3IJ5HFS","class":"baileys","browser":["Chrome (Linux)","",""],"helloMsg":{"clientHello":{"ephemeral":"kqYIi1C/TAqeuMQoKIhSe/+j0PsxlONlLDFP5RQH7ic="}},"msg":"connected to WA"}
2025-08-29T18:57:46: {"level":30,"time":"2025-08-29T17:57:46.581Z","pid":24548,"hostname":"LAPTOP-R3IJ5HFS","class":"baileys","node":{"username":"555193288772","passive":false,"userAgent":{"platform":"WEB","appVersion":{"primary":2,"secondary":3000,"tertiary":1023223821},"mcc":"000","mnc":"000","osVersion":"0.1","device":"Desktop","osBuildNumber":"0.1","releaseChannel":"RELEASE","localeLanguageIso6391":"en","localeCountryIso31661Alpha2":"US"},"webInfo":{"webSubPlatform":"WEB_BROWSER"},"connectType":"WIFI_UNKNOWN","connectReason":"USER_ACTIVATED","device":51,"pull":true},"msg":"logging in..."}
2025-08-29T18:57:47: {"level":30,"time":"2025-08-29T17:57:47.171Z","pid":24548,"hostname":"LAPTOP-R3IJ5HFS","class":"baileys","msg":"handled 0 offline messages/notifications"}
2025-08-29T18:57:47: {"level":30,"time":"2025-08-29T17:57:47.299Z","pid":24548,"hostname":"LAPTOP-R3IJ5HFS","class":"baileys","msg":"29 pre-keys found on server"}
2025-08-29T18:57:47: {"level":30,"time":"2025-08-29T17:57:47.366Z","pid":24548,"hostname":"LAPTOP-R3IJ5HFS","class":"baileys","msg":"opened connection to WA"}
2025-08-29T18:57:47: ✅ WhatsApp connected successfully!
2025-08-29T18:57:52: {"level":50,"time":"2025-08-29T17:57:52.534Z","pid":24548,"hostname":"LAPTOP-R3IJ5HFS","class":"baileys","node":{"tag":"stream:error","attrs":{},"content":[{"tag":"conflict","attrs":{"type":"replaced"}}]},"msg":"stream errored out"}
2025-08-29T18:57:52: {"level":30,"time":"2025-08-29T17:57:52.535Z","pid":24548,"hostname":"LAPTOP-R3IJ5HFS","class":"baileys","trace":"Error: Stream Errored (conflict)\n    at WebSocketClient.<anonymous> (C:\\Users\\55519\\Desktop\\DIGITAL MARKETING\\SAAS AND APP DEVELOPMENT\\Caio Website Personal Brand\\caio_personal_brand_current_one\\node_modules\\@whiskeysockets\\baileys\\lib\\Socket\\socket.js:524:13)\n    at WebSocketClient.emit (node:events:518:28)\n    at C:\\Users\\55519\\Desktop\\DIGITAL MARKETING\\SAAS AND APP DEVELOPMENT\\Caio Website Personal Brand\\caio_personal_brand_current_one\\node_modules\\@whiskeysockets\\baileys\\lib\\Socket\\socket.js:241:35\n    at Object.decodeFrame (C:\\Users\\55519\\Desktop\\DIGITAL MARKETING\\SAAS AND APP DEVELOPMENT\\Caio Website Personal Brand\\caio_personal_brand_current_one\\node_modules\\@whiskeysockets\\baileys\\lib\\Utils\\noise-handler.js:144:17)\n    at process.processTicksAndRejections (node:internal/process/task_queues:105:5)","msg":"connection errored"}
2025-08-29T18:57:52: 🔄 Scheduling reconnect attempt 1/10 in 5s...
2025-08-29T18:57:57: 🚀 Starting WhatsApp service...
2025-08-29T18:57:57: 📱 WhatsApp service started. Waiting for connection...
2025-08-29T18:57:57: {"level":30,"time":"2025-08-29T17:57:57.709Z","pid":24548,"hostname":"LAPTOP-R3IJ5HFS","class":"baileys","browser":["Chrome (Linux)","",""],"helloMsg":{"clientHello":{"ephemeral":"V4tBB18cagO4HIWrXXyO0VmUSOGxZr1RdEtmA0kxSQY="}},"msg":"connected to WA"}
2025-08-29T18:57:57: {"level":30,"time":"2025-08-29T17:57:57.816Z","pid":24548,"hostname":"LAPTOP-R3IJ5HFS","class":"baileys","node":{"username":"555193288772","passive":false,"userAgent":{"platform":"WEB","appVersion":{"primary":2,"secondary":3000,"tertiary":1023223821},"mcc":"000","mnc":"000","osVersion":"0.1","device":"Desktop","osBuildNumber":"0.1","releaseChannel":"RELEASE","localeLanguageIso6391":"en","localeCountryIso31661Alpha2":"US"},"webInfo":{"webSubPlatform":"WEB_BROWSER"},"connectType":"WIFI_UNKNOWN","connectReason":"USER_ACTIVATED","device":51,"pull":true},"msg":"logging in..."}
2025-08-29T18:57:58: {"level":30,"time":"2025-08-29T17:57:58.142Z","pid":24548,"hostname":"LAPTOP-R3IJ5HFS","class":"baileys","msg":"29 pre-keys found on server"}
2025-08-29T18:57:58: {"level":30,"time":"2025-08-29T17:57:58.176Z","pid":24548,"hostname":"LAPTOP-R3IJ5HFS","class":"baileys","msg":"handled 0 offline messages/notifications"}
2025-08-29T18:57:58: {"level":30,"time":"2025-08-29T17:57:58.243Z","pid":24548,"hostname":"LAPTOP-R3IJ5HFS","class":"baileys","msg":"opened connection to WA"}
2025-08-29T18:57:58: ✅ WhatsApp connected successfully!
2025-08-29T18:58:03: {"level":50,"time":"2025-08-29T17:58:03.832Z","pid":24548,"hostname":"LAPTOP-R3IJ5HFS","class":"baileys","node":{"tag":"stream:error","attrs":{},"content":[{"tag":"conflict","attrs":{"type":"replaced"}}]},"msg":"stream errored out"}
2025-08-29T18:58:03: {"level":30,"time":"2025-08-29T17:58:03.833Z","pid":24548,"hostname":"LAPTOP-R3IJ5HFS","class":"baileys","trace":"Error: Stream Errored (conflict)\n    at WebSocketClient.<anonymous> (C:\\Users\\55519\\Desktop\\DIGITAL MARKETING\\SAAS AND APP DEVELOPMENT\\Caio Website Personal Brand\\caio_personal_brand_current_one\\node_modules\\@whiskeysockets\\baileys\\lib\\Socket\\socket.js:524:13)\n    at WebSocketClient.emit (node:events:518:28)\n    at C:\\Users\\55519\\Desktop\\DIGITAL MARKETING\\SAAS AND APP DEVELOPMENT\\Caio Website Personal Brand\\caio_personal_brand_current_one\\node_modules\\@whiskeysockets\\baileys\\lib\\Socket\\socket.js:241:35\n    at Object.decodeFrame (C:\\Users\\55519\\Desktop\\DIGITAL MARKETING\\SAAS AND APP DEVELOPMENT\\Caio Website Personal Brand\\caio_personal_brand_current_one\\node_modules\\@whiskeysockets\\baileys\\lib\\Utils\\noise-handler.js:144:17)\n    at process.processTicksAndRejections (node:internal/process/task_queues:105:5)","msg":"connection errored"}
2025-08-29T18:58:03: 🔄 Scheduling reconnect attempt 1/10 in 5s...
2025-08-29T18:58:08: 🚀 Starting WhatsApp service...
2025-08-29T18:58:08: 📱 WhatsApp service started. Waiting for connection...
2025-08-29T18:58:09: {"level":30,"time":"2025-08-29T17:58:09.228Z","pid":24548,"hostname":"LAPTOP-R3IJ5HFS","class":"baileys","browser":["Chrome (Linux)","",""],"helloMsg":{"clientHello":{"ephemeral":"X2RordOJmTN7nxxo6bKJK+gpe7bRghXyWb2KLUUJtF4="}},"msg":"connected to WA"}
2025-08-29T18:58:09: {"level":30,"time":"2025-08-29T17:58:09.406Z","pid":24548,"hostname":"LAPTOP-R3IJ5HFS","class":"baileys","node":{"username":"555193288772","passive":false,"userAgent":{"platform":"WEB","appVersion":{"primary":2,"secondary":3000,"tertiary":1023223821},"mcc":"000","mnc":"000","osVersion":"0.1","device":"Desktop","osBuildNumber":"0.1","releaseChannel":"RELEASE","localeLanguageIso6391":"en","localeCountryIso31661Alpha2":"US"},"webInfo":{"webSubPlatform":"WEB_BROWSER"},"connectType":"WIFI_UNKNOWN","connectReason":"USER_ACTIVATED","device":51,"pull":true},"msg":"logging in..."}
2025-08-29T18:58:09: {"level":30,"time":"2025-08-29T17:58:09.961Z","pid":24548,"hostname":"LAPTOP-R3IJ5HFS","class":"baileys","msg":"handled 0 offline messages/notifications"}
2025-08-29T18:58:10: {"level":30,"time":"2025-08-29T17:58:10.114Z","pid":24548,"hostname":"LAPTOP-R3IJ5HFS","class":"baileys","msg":"29 pre-keys found on server"}
2025-08-29T18:58:10: {"level":30,"time":"2025-08-29T17:58:10.576Z","pid":24548,"hostname":"LAPTOP-R3IJ5HFS","class":"baileys","msg":"opened connection to WA"}
2025-08-29T18:58:10: ✅ WhatsApp connected successfully!
2025-08-29T18:58:15: {"level":50,"time":"2025-08-29T17:58:15.968Z","pid":24548,"hostname":"LAPTOP-R3IJ5HFS","class":"baileys","node":{"tag":"stream:error","attrs":{},"content":[{"tag":"conflict","attrs":{"type":"replaced"}}]},"msg":"stream errored out"}
2025-08-29T18:58:15: {"level":30,"time":"2025-08-29T17:58:15.968Z","pid":24548,"hostname":"LAPTOP-R3IJ5HFS","class":"baileys","trace":"Error: Stream Errored (conflict)\n    at WebSocketClient.<anonymous> (C:\\Users\\55519\\Desktop\\DIGITAL MARKETING\\SAAS AND APP DEVELOPMENT\\Caio Website Personal Brand\\caio_personal_brand_current_one\\node_modules\\@whiskeysockets\\baileys\\lib\\Socket\\socket.js:524:13)\n    at WebSocketClient.emit (node:events:518:28)\n    at C:\\Users\\55519\\Desktop\\DIGITAL MARKETING\\SAAS AND APP DEVELOPMENT\\Caio Website Personal Brand\\caio_personal_brand_current_one\\node_modules\\@whiskeysockets\\baileys\\lib\\Socket\\socket.js:241:35\n    at Object.decodeFrame (C:\\Users\\55519\\Desktop\\DIGITAL MARKETING\\SAAS AND APP DEVELOPMENT\\Caio Website Personal Brand\\caio_personal_brand_current_one\\node_modules\\@whiskeysockets\\baileys\\lib\\Utils\\noise-handler.js:144:17)\n    at process.processTicksAndRejections (node:internal/process/task_queues:105:5)","msg":"connection errored"}
2025-08-29T18:58:16: 🔄 Scheduling reconnect attempt 1/10 in 5s...
2025-08-29T18:58:21: 🚀 Starting WhatsApp service...
2025-08-29T18:58:21: 📱 WhatsApp service started. Waiting for connection...
2025-08-29T18:58:21: {"level":30,"time":"2025-08-29T17:58:21.202Z","pid":24548,"hostname":"LAPTOP-R3IJ5HFS","class":"baileys","browser":["Chrome (Linux)","",""],"helloMsg":{"clientHello":{"ephemeral":"kR0Kk2pIQ58vG2pbvvbR25KgmWyetceByyIAMfTvmyY="}},"msg":"connected to WA"}
2025-08-29T18:58:21: {"level":30,"time":"2025-08-29T17:58:21.271Z","pid":24548,"hostname":"LAPTOP-R3IJ5HFS","class":"baileys","node":{"username":"555193288772","passive":false,"userAgent":{"platform":"WEB","appVersion":{"primary":2,"secondary":3000,"tertiary":1023223821},"mcc":"000","mnc":"000","osVersion":"0.1","device":"Desktop","osBuildNumber":"0.1","releaseChannel":"RELEASE","localeLanguageIso6391":"en","localeCountryIso31661Alpha2":"US"},"webInfo":{"webSubPlatform":"WEB_BROWSER"},"connectType":"WIFI_UNKNOWN","connectReason":"USER_ACTIVATED","device":51,"pull":true},"msg":"logging in..."}
2025-08-29T18:58:21: {"level":30,"time":"2025-08-29T17:58:21.862Z","pid":24548,"hostname":"LAPTOP-R3IJ5HFS","class":"baileys","msg":"handled 0 offline messages/notifications"}
2025-08-29T18:58:22: {"level":30,"time":"2025-08-29T17:58:22.103Z","pid":24548,"hostname":"LAPTOP-R3IJ5HFS","class":"baileys","msg":"29 pre-keys found on server"}
2025-08-29T18:58:22: {"level":30,"time":"2025-08-29T17:58:22.170Z","pid":24548,"hostname":"LAPTOP-R3IJ5HFS","class":"baileys","msg":"opened connection to WA"}
2025-08-29T18:58:22: ✅ WhatsApp connected successfully!
2025-08-29T18:58:27: {"level":50,"time":"2025-08-29T17:58:27.116Z","pid":24548,"hostname":"LAPTOP-R3IJ5HFS","class":"baileys","node":{"tag":"stream:error","attrs":{},"content":[{"tag":"conflict","attrs":{"type":"replaced"}}]},"msg":"stream errored out"}
2025-08-29T18:58:27: {"level":30,"time":"2025-08-29T17:58:27.116Z","pid":24548,"hostname":"LAPTOP-R3IJ5HFS","class":"baileys","trace":"Error: Stream Errored (conflict)\n    at WebSocketClient.<anonymous> (C:\\Users\\55519\\Desktop\\DIGITAL MARKETING\\SAAS AND APP DEVELOPMENT\\Caio Website Personal Brand\\caio_personal_brand_current_one\\node_modules\\@whiskeysockets\\baileys\\lib\\Socket\\socket.js:524:13)\n    at WebSocketClient.emit (node:events:518:28)\n    at C:\\Users\\55519\\Desktop\\DIGITAL MARKETING\\SAAS AND APP DEVELOPMENT\\Caio Website Personal Brand\\caio_personal_brand_current_one\\node_modules\\@whiskeysockets\\baileys\\lib\\Socket\\socket.js:241:35\n    at Object.decodeFrame (C:\\Users\\55519\\Desktop\\DIGITAL MARKETING\\SAAS AND APP DEVELOPMENT\\Caio Website Personal Brand\\caio_personal_brand_current_one\\node_modules\\@whiskeysockets\\baileys\\lib\\Utils\\noise-handler.js:144:17)\n    at process.processTicksAndRejections (node:internal/process/task_queues:105:5)","msg":"connection errored"}
2025-08-29T18:58:27: 🔄 Scheduling reconnect attempt 1/10 in 5s...
2025-08-29T18:58:32: 🚀 Starting WhatsApp service...
2025-08-29T18:58:32: 📱 WhatsApp service started. Waiting for connection...
2025-08-29T18:58:32: {"level":30,"time":"2025-08-29T17:58:32.285Z","pid":24548,"hostname":"LAPTOP-R3IJ5HFS","class":"baileys","browser":["Chrome (Linux)","",""],"helloMsg":{"clientHello":{"ephemeral":"42SFJR7eeWatM10wb45hSvTsucTYqOu8RmbzGZEDXE4="}},"msg":"connected to WA"}
2025-08-29T18:58:32: {"level":30,"time":"2025-08-29T17:58:32.396Z","pid":24548,"hostname":"LAPTOP-R3IJ5HFS","class":"baileys","node":{"username":"555193288772","passive":false,"userAgent":{"platform":"WEB","appVersion":{"primary":2,"secondary":3000,"tertiary":1023223821},"mcc":"000","mnc":"000","osVersion":"0.1","device":"Desktop","osBuildNumber":"0.1","releaseChannel":"RELEASE","localeLanguageIso6391":"en","localeCountryIso31661Alpha2":"US"},"webInfo":{"webSubPlatform":"WEB_BROWSER"},"connectType":"WIFI_UNKNOWN","connectReason":"USER_ACTIVATED","device":51,"pull":true},"msg":"logging in..."}
2025-08-29T18:58:32: {"level":30,"time":"2025-08-29T17:58:32.724Z","pid":24548,"hostname":"LAPTOP-R3IJ5HFS","class":"baileys","msg":"29 pre-keys found on server"}
2025-08-29T18:58:32: {"level":30,"time":"2025-08-29T17:58:32.760Z","pid":24548,"hostname":"LAPTOP-R3IJ5HFS","class":"baileys","msg":"handled 0 offline messages/notifications"}
2025-08-29T18:58:32: {"level":30,"time":"2025-08-29T17:58:32.829Z","pid":24548,"hostname":"LAPTOP-R3IJ5HFS","class":"baileys","msg":"opened connection to WA"}
2025-08-29T18:58:32: ✅ WhatsApp connected successfully!
2025-08-29T18:58:38: {"level":50,"time":"2025-08-29T17:58:38.215Z","pid":24548,"hostname":"LAPTOP-R3IJ5HFS","class":"baileys","node":{"tag":"stream:error","attrs":{},"content":[{"tag":"conflict","attrs":{"type":"replaced"}}]},"msg":"stream errored out"}
2025-08-29T18:58:38: {"level":30,"time":"2025-08-29T17:58:38.216Z","pid":24548,"hostname":"LAPTOP-R3IJ5HFS","class":"baileys","trace":"Error: Stream Errored (conflict)\n    at WebSocketClient.<anonymous> (C:\\Users\\55519\\Desktop\\DIGITAL MARKETING\\SAAS AND APP DEVELOPMENT\\Caio Website Personal Brand\\caio_personal_brand_current_one\\node_modules\\@whiskeysockets\\baileys\\lib\\Socket\\socket.js:524:13)\n    at WebSocketClient.emit (node:events:518:28)\n    at C:\\Users\\55519\\Desktop\\DIGITAL MARKETING\\SAAS AND APP DEVELOPMENT\\Caio Website Personal Brand\\caio_personal_brand_current_one\\node_modules\\@whiskeysockets\\baileys\\lib\\Socket\\socket.js:241:35\n    at Object.decodeFrame (C:\\Users\\55519\\Desktop\\DIGITAL MARKETING\\SAAS AND APP DEVELOPMENT\\Caio Website Personal Brand\\caio_personal_brand_current_one\\node_modules\\@whiskeysockets\\baileys\\lib\\Utils\\noise-handler.js:144:17)\n    at process.processTicksAndRejections (node:internal/process/task_queues:105:5)","msg":"connection errored"}
2025-08-29T18:58:38: 🔄 Scheduling reconnect attempt 1/10 in 5s...
2025-08-29T18:58:43: 🚀 Starting WhatsApp service...
2025-08-29T18:58:43: 📱 WhatsApp service started. Waiting for connection...
2025-08-29T18:58:43: {"level":30,"time":"2025-08-29T17:58:43.412Z","pid":24548,"hostname":"LAPTOP-R3IJ5HFS","class":"baileys","browser":["Chrome (Linux)","",""],"helloMsg":{"clientHello":{"ephemeral":"WKJws91Iz89CADBlaQFNLVHO5hweskTsOgEW97gK5ls="}},"msg":"connected to WA"}
2025-08-29T18:58:43: {"level":30,"time":"2025-08-29T17:58:43.505Z","pid":24548,"hostname":"LAPTOP-R3IJ5HFS","class":"baileys","node":{"username":"555193288772","passive":false,"userAgent":{"platform":"WEB","appVersion":{"primary":2,"secondary":3000,"tertiary":1023223821},"mcc":"000","mnc":"000","osVersion":"0.1","device":"Desktop","osBuildNumber":"0.1","releaseChannel":"RELEASE","localeLanguageIso6391":"en","localeCountryIso31661Alpha2":"US"},"webInfo":{"webSubPlatform":"WEB_BROWSER"},"connectType":"WIFI_UNKNOWN","connectReason":"USER_ACTIVATED","device":51,"pull":true},"msg":"logging in..."}
2025-08-29T18:58:44: {"level":30,"time":"2025-08-29T17:58:44.393Z","pid":24548,"hostname":"LAPTOP-R3IJ5HFS","class":"baileys","msg":"handled 0 offline messages/notifications"}
2025-08-29T18:58:44: {"level":30,"time":"2025-08-29T17:58:44.564Z","pid":24548,"hostname":"LAPTOP-R3IJ5HFS","class":"baileys","msg":"29 pre-keys found on server"}
2025-08-29T18:58:44: {"level":30,"time":"2025-08-29T17:58:44.653Z","pid":24548,"hostname":"LAPTOP-R3IJ5HFS","class":"baileys","msg":"opened connection to WA"}
2025-08-29T18:58:44: ✅ WhatsApp connected successfully!
2025-08-29T18:58:49: {"level":50,"time":"2025-08-29T17:58:49.818Z","pid":24548,"hostname":"LAPTOP-R3IJ5HFS","class":"baileys","node":{"tag":"stream:error","attrs":{},"content":[{"tag":"conflict","attrs":{"type":"replaced"}}]},"msg":"stream errored out"}
2025-08-29T18:58:49: {"level":30,"time":"2025-08-29T17:58:49.818Z","pid":24548,"hostname":"LAPTOP-R3IJ5HFS","class":"baileys","trace":"Error: Stream Errored (conflict)\n    at WebSocketClient.<anonymous> (C:\\Users\\55519\\Desktop\\DIGITAL MARKETING\\SAAS AND APP DEVELOPMENT\\Caio Website Personal Brand\\caio_personal_brand_current_one\\node_modules\\@whiskeysockets\\baileys\\lib\\Socket\\socket.js:524:13)\n    at WebSocketClient.emit (node:events:518:28)\n    at C:\\Users\\55519\\Desktop\\DIGITAL MARKETING\\SAAS AND APP DEVELOPMENT\\Caio Website Personal Brand\\caio_personal_brand_current_one\\node_modules\\@whiskeysockets\\baileys\\lib\\Socket\\socket.js:241:35\n    at Object.decodeFrame (C:\\Users\\55519\\Desktop\\DIGITAL MARKETING\\SAAS AND APP DEVELOPMENT\\Caio Website Personal Brand\\caio_personal_brand_current_one\\node_modules\\@whiskeysockets\\baileys\\lib\\Utils\\noise-handler.js:144:17)\n    at process.processTicksAndRejections (node:internal/process/task_queues:105:5)","msg":"connection errored"}
2025-08-29T18:58:49: 🔄 Scheduling reconnect attempt 1/10 in 5s...
2025-08-29T18:58:54: 🚀 Starting WhatsApp service...
2025-08-29T18:58:54: 📱 WhatsApp service started. Waiting for connection...
2025-08-29T18:58:55: {"level":30,"time":"2025-08-29T17:58:55.292Z","pid":24548,"hostname":"LAPTOP-R3IJ5HFS","class":"baileys","browser":["Chrome (Linux)","",""],"helloMsg":{"clientHello":{"ephemeral":"3I5ZqNKuEEO3vwv0ukNeKeELNPs9HVOowk8Bj+2t/FA="}},"msg":"connected to WA"}
2025-08-29T18:58:55: {"level":30,"time":"2025-08-29T17:58:55.440Z","pid":24548,"hostname":"LAPTOP-R3IJ5HFS","class":"baileys","node":{"username":"555193288772","passive":false,"userAgent":{"platform":"WEB","appVersion":{"primary":2,"secondary":3000,"tertiary":1023223821},"mcc":"000","mnc":"000","osVersion":"0.1","device":"Desktop","osBuildNumber":"0.1","releaseChannel":"RELEASE","localeLanguageIso6391":"en","localeCountryIso31661Alpha2":"US"},"webInfo":{"webSubPlatform":"WEB_BROWSER"},"connectType":"WIFI_UNKNOWN","connectReason":"USER_ACTIVATED","device":51,"pull":true},"msg":"logging in..."}
2025-08-29T18:58:55: {"level":30,"time":"2025-08-29T17:58:55.818Z","pid":24548,"hostname":"LAPTOP-R3IJ5HFS","class":"baileys","msg":"29 pre-keys found on server"}
2025-08-29T18:58:55: {"level":30,"time":"2025-08-29T17:58:55.869Z","pid":24548,"hostname":"LAPTOP-R3IJ5HFS","class":"baileys","msg":"handled 0 offline messages/notifications"}
2025-08-29T18:58:55: {"level":30,"time":"2025-08-29T17:58:55.964Z","pid":24548,"hostname":"LAPTOP-R3IJ5HFS","class":"baileys","msg":"opened connection to WA"}
2025-08-29T18:58:55: ✅ WhatsApp connected successfully!
2025-08-29T18:59:01: {"level":50,"time":"2025-08-29T17:59:01.616Z","pid":24548,"hostname":"LAPTOP-R3IJ5HFS","class":"baileys","node":{"tag":"stream:error","attrs":{},"content":[{"tag":"conflict","attrs":{"type":"replaced"}}]},"msg":"stream errored out"}
2025-08-29T18:59:01: {"level":30,"time":"2025-08-29T17:59:01.617Z","pid":24548,"hostname":"LAPTOP-R3IJ5HFS","class":"baileys","trace":"Error: Stream Errored (conflict)\n    at WebSocketClient.<anonymous> (C:\\Users\\55519\\Desktop\\DIGITAL MARKETING\\SAAS AND APP DEVELOPMENT\\Caio Website Personal Brand\\caio_personal_brand_current_one\\node_modules\\@whiskeysockets\\baileys\\lib\\Socket\\socket.js:524:13)\n    at WebSocketClient.emit (node:events:518:28)\n    at C:\\Users\\55519\\Desktop\\DIGITAL MARKETING\\SAAS AND APP DEVELOPMENT\\Caio Website Personal Brand\\caio_personal_brand_current_one\\node_modules\\@whiskeysockets\\baileys\\lib\\Socket\\socket.js:241:35\n    at Object.decodeFrame (C:\\Users\\55519\\Desktop\\DIGITAL MARKETING\\SAAS AND APP DEVELOPMENT\\Caio Website Personal Brand\\caio_personal_brand_current_one\\node_modules\\@whiskeysockets\\baileys\\lib\\Utils\\noise-handler.js:144:17)\n    at process.processTicksAndRejections (node:internal/process/task_queues:105:5)","msg":"connection errored"}
2025-08-29T18:59:01: 🔄 Scheduling reconnect attempt 1/10 in 5s...
2025-08-29T18:59:06: 🚀 Starting WhatsApp service...
2025-08-29T18:59:06: 📱 WhatsApp service started. Waiting for connection...
2025-08-29T18:59:06: {"level":30,"time":"2025-08-29T17:59:06.877Z","pid":24548,"hostname":"LAPTOP-R3IJ5HFS","class":"baileys","browser":["Chrome (Linux)","",""],"helloMsg":{"clientHello":{"ephemeral":"HYzizWfJPLBDl0O3MsfrVyUVCV1dlj1ov4RdnDB0PVA="}},"msg":"connected to WA"}
2025-08-29T18:59:07: {"level":30,"time":"2025-08-29T17:59:07.055Z","pid":24548,"hostname":"LAPTOP-R3IJ5HFS","class":"baileys","node":{"username":"555193288772","passive":false,"userAgent":{"platform":"WEB","appVersion":{"primary":2,"secondary":3000,"tertiary":1023223821},"mcc":"000","mnc":"000","osVersion":"0.1","device":"Desktop","osBuildNumber":"0.1","releaseChannel":"RELEASE","localeLanguageIso6391":"en","localeCountryIso31661Alpha2":"US"},"webInfo":{"webSubPlatform":"WEB_BROWSER"},"connectType":"WIFI_UNKNOWN","connectReason":"USER_ACTIVATED","device":51,"pull":true},"msg":"logging in..."}
2025-08-29T18:59:07: {"level":30,"time":"2025-08-29T17:59:07.571Z","pid":24548,"hostname":"LAPTOP-R3IJ5HFS","class":"baileys","msg":"29 pre-keys found on server"}
2025-08-29T18:59:07: {"level":30,"time":"2025-08-29T17:59:07.636Z","pid":24548,"hostname":"LAPTOP-R3IJ5HFS","class":"baileys","msg":"handled 0 offline messages/notifications"}
2025-08-29T18:59:07: {"level":30,"time":"2025-08-29T17:59:07.744Z","pid":24548,"hostname":"LAPTOP-R3IJ5HFS","class":"baileys","msg":"opened connection to WA"}
2025-08-29T18:59:07: ✅ WhatsApp connected successfully!
2025-08-29T18:59:13: {"level":50,"time":"2025-08-29T17:59:13.123Z","pid":24548,"hostname":"LAPTOP-R3IJ5HFS","class":"baileys","node":{"tag":"stream:error","attrs":{},"content":[{"tag":"conflict","attrs":{"type":"replaced"}}]},"msg":"stream errored out"}
2025-08-29T18:59:13: {"level":30,"time":"2025-08-29T17:59:13.123Z","pid":24548,"hostname":"LAPTOP-R3IJ5HFS","class":"baileys","trace":"Error: Stream Errored (conflict)\n    at WebSocketClient.<anonymous> (C:\\Users\\55519\\Desktop\\DIGITAL MARKETING\\SAAS AND APP DEVELOPMENT\\Caio Website Personal Brand\\caio_personal_brand_current_one\\node_modules\\@whiskeysockets\\baileys\\lib\\Socket\\socket.js:524:13)\n    at WebSocketClient.emit (node:events:518:28)\n    at C:\\Users\\55519\\Desktop\\DIGITAL MARKETING\\SAAS AND APP DEVELOPMENT\\Caio Website Personal Brand\\caio_personal_brand_current_one\\node_modules\\@whiskeysockets\\baileys\\lib\\Socket\\socket.js:241:35\n    at Object.decodeFrame (C:\\Users\\55519\\Desktop\\DIGITAL MARKETING\\SAAS AND APP DEVELOPMENT\\Caio Website Personal Brand\\caio_personal_brand_current_one\\node_modules\\@whiskeysockets\\baileys\\lib\\Utils\\noise-handler.js:144:17)\n    at process.processTicksAndRejections (node:internal/process/task_queues:105:5)","msg":"connection errored"}
2025-08-29T18:59:13: 🔄 Scheduling reconnect attempt 1/10 in 5s...
2025-08-29T18:59:18: 🚀 Starting WhatsApp service...
2025-08-29T18:59:18: 📱 WhatsApp service started. Waiting for connection...
2025-08-29T18:59:18: {"level":30,"time":"2025-08-29T17:59:18.399Z","pid":24548,"hostname":"LAPTOP-R3IJ5HFS","class":"baileys","browser":["Chrome (Linux)","",""],"helloMsg":{"clientHello":{"ephemeral":"OiGMAN2xTjxO3VvqTJjlMG51hsP/v9tQoBsxLoFFcFU="}},"msg":"connected to WA"}
2025-08-29T18:59:18: {"level":30,"time":"2025-08-29T17:59:18.490Z","pid":24548,"hostname":"LAPTOP-R3IJ5HFS","class":"baileys","node":{"passive":false,"userAgent":{"platform":"WEB","appVersion":{"primary":2,"secondary":3000,"tertiary":1023223821},"mcc":"000","mnc":"000","osVersion":"0.1","device":"Desktop","osBuildNumber":"0.1","releaseChannel":"RELEASE","localeLanguageIso6391":"en","localeCountryIso31661Alpha2":"US"},"webInfo":{"webSubPlatform":"WEB_BROWSER"},"connectType":"WIFI_UNKNOWN","connectReason":"USER_ACTIVATED","devicePairingData":{"eRegid":"AAAAnA==","eKeytype":"BQ==","eIdent":"5N3maIqWBRDIszKnVKUd1zKAuYUZYdAvQWITykWrCSA=","eSkeyId":"AAAB","eSkeyVal":"zS1HYUcETJbMh2WYsCkeBah0PAN/sYoGQL7psgULi0Q=","eSkeySig":"mROBWNxw9Hh7+Lg8M4dZ/lTyu1N7bKIq1G0F3sJaN6mCMGzIsJSpybQc4pMDp7r7O27xOgVNux/lDiNwdOSRjw==","buildHash":"c9lQeUMlTdrMrIi/+YcPiA==","deviceProps":"Cg5DaHJvbWUgKExpbnV4KRgHIAA="},"pull":false},"msg":"not logged in, attempting registration..."}
2025-08-29T18:59:18: 🎯 QR Code detected! Displaying...
2025-08-29T18:59:18: ▄▄▄▄▄▄▄▄▄▄▄▄▄▄▄▄▄▄▄▄▄▄▄▄▄▄▄▄▄▄▄▄▄▄▄▄▄▄▄▄▄▄▄▄▄▄▄▄▄▄▄▄▄▄▄▄▄▄▄
█ ▄▄▄▄▄ █▄█▀██▀█▀█▀█▄█     ▀ ▄▄▄█▀ ▀▄█▄▀▀▀▄ ▀▄ ▄ ██ ▄▄▄▄▄ █
█ █   █ █ ▄▄█▀▀▄▄▄  ██▀▄▀  █▀█ ▀ ▄ ▄▀  ▀██▀  ▄▀▄ ██ █   █ █
█ █▄▄▄█ █▄▄▄▄▀▄█▀▀█▄ ▀   █▀ ▄▄▄ ▄▄▀██▀▄ ▄█▀▀██▄▀▄██ █▄▄▄█ █
█▄▄▄▄▄▄▄█▄█ █ ▀▄█▄▀ ▀▄▀ ▀▄█ █▄█ ▀ ▀ █ ▀ █▄▀ █▄█ █ █▄▄▄▄▄▄▄█
█ ▄ ▄▀█▄▀▄▄█ ██▀▄▄▄██▄▄  ▀▀ ▄    █ ▄▀█▀▄    ▄███▀  ██▄▄ ▀ █
██▄██▄▄▄ ▄ ▀▄  ▀██ ██ ▄▄█ ████▀▀█▄▀██▀█▄▀██▄ ▄▀▀▄██▄██ ▄  █
██ ██▀▀▄ ▀▄█▀█▄ ▄▄█▄▀ █▄██▄██▀█▀ ▀ ▄▄▄▀▀▀█▄█ ▀ ▄ █▄▀███▄▀▄█
█▄ ▄ ▀ ▄██▀█ ▀ ▀  ██▄  ▀  ▀▄ █▀▀   ▀ █  ▀██▀▄█▄▄█▀█  ▀ ▀█▀█
█▀▀█ █ ▄█ █▄▄▄   ▀██▄█ █ ▄ ▄▄▄ █▀▄█▀▄▀▀▄▄▀▀█  █▀ ▄▄▄ ▀▀█  █
█ █▀▀ █▄▄ ██▄▀▀▀█▄██▀▄ ▄   ▀▀ ██ ▀█▄▀▀▄▄ ▀▀██▄▀  ▄ ▄▀▄▄▄ ▀█
█▄▄   ▄▄ █▄▄▀█ ██ ▀███▄ ▀█▀▀▄▄▀ ▀█▄▄▄█ ▄▄▄ ▀▀█▀▄▄  ▄  █ ▀▀█
█▀▄▀  █▄▀▀▄▀█▄▀▀▀▄   ▄██  █▀▀██ ▀█ ▄█▀▀ ▄▀██▀█▄▄█ ▄▀ █ ██▄█
██▄█ ▀█▄▄▄▄▀ ▄ ▀█▄▄ █ ████▀▀▀███▄▄  ▄ ▄ ▀▀▄▄ █▀█▄▄▀▀█▀▀▄ ▄█
█▀ ▀▀ ▄▄▄ ▄█▀█▀ ▄ ▄▄▀▀█▄▄█  ▄▄▄ ▀▄█▄ ▀█ ▀▄ ▀▄▀██▄ ▄▄▄ ▀▀▀▀█
███▀  █▄█ ▄ █▄▄█  █▄▄█▀▀█▄▀ █▄█ ▄▄  ▀▀▄█▄▀ █▄▄▀▀▀ █▄█ ▄ ▀▄█
█▄▄█ ▄ ▄   ██▄█ ██▄▀▄█▀█▄▀▄▄ ▄▄▄▄▀  █▀ ▀▀▀▄▀▄ ▄▀  ▄ ▄ ██▄▀█
█ █▄█▀ ▄██ ▀█ ▄▀ █ ▀ ██ ▀ ▄▄█▄▀▀▀▀ ▄▄█ ██▄▀ █▀█▄▀▄█▀█▄█▄█▀█
█▄▀█▄▀▄▄▄███ ▄▄▄▀▄▀▀█▄▀▀█▀ ▀█  █▄▄█▄▄▀  █▀ ▄█▄▀   ▄ █  ▄▄▄█
██▀███▄▄ ▄▄█ ▄▄ ██▄ ▀███ ▄▄▄██▀  █ ▄ ▄  ▀▀▄█▄█▀██▄█  ▄▄▄█▄█
██ █▀▀█▄ ▄▀ ▀▀██ ▄▀   █ ▄▀▄▄ ▄▄▀▀█▀▄▄▀ ▄ █▀▀███ ▀██▀ █  █▄█
█ ▄ ▀▀▀▄▄██▀█▄█▄▀▀▀▀ █ ▀▀▄▀ ▀▀█▀█▄▄▀▀▀██ ▀ ▄ ▄▀  █▄▄▄   ▀▄█
██ ▄ ▀▀▄▄ ▀ ▀▀  ▄ █▄▄▀█ █▄██ █▄▄▀██▀▀▄  ▄▄  ▄█▄▄▀ ▀██▄▄█▄▀█
█ █▄██▀▄▀▄▄▄▄█ ▄▄▄▀▀ ▄ █▀ █▄██▀ ▀█ ▄▄█▄▄   ▀▀▀██▀▄█▀██ ▄███
█ ▀ ▀▀▄▄  ▄ ▄▄▀ ▀████▄▄▀ █▀▀█▄█▀█  ▄▀█▄█▀█▄ █▄█▄▄▀█ █▀▀█▄ █
███████▄▄ ▄███▄█ █  ▀▀▀▀▄█  ▄▄▄ ██ █▄ ▄ ▀█▄█ ▀ ▄█ ▄▄▄  ▄▀██
█ ▄▄▄▄▄ ██▄▀ ▄▄ █▀▄▀ ▄▀▀▄ ▄ █▄█  ▀▀ ██▀  ▀█  ▀█   █▄█   ▄██
█ █   █ █▀█▄ ▄ ▄▀██▀ ▄▄▀ ▀  ▄    ▄  █▀██▄▀ ▄█ █  ▄ ▄ ▄ █ ▄█
█ █▄▄▄█ █   ██▀█  ▀ ▄▀ ▀█▀▀ █▀█▀█▀ ▀▄▄ ▀▀  ▄▀██ ▄  ▀▀█▄▄█▀█
█▄▄▄▄▄▄▄█▄▄█▄██▄█▄▄█▄█▄▄▄███▄████▄██▄█▄█▄▄▄▄▄██▄▄█████▄████

2025-08-29T18:59:18: 📱 Scan this QR code with your WhatsApp!
2025-08-29T19:01:33: 🚀 Starting WhatsApp service...
2025-08-29T19:01:34: 📱 WhatsApp service started. Waiting for connection...
2025-08-29T19:01:34: (node:7084) Warning: Setting the NODE_TLS_REJECT_UNAUTHORIZED environment variable to '0' makes TLS connections and HTTPS requests insecure by disabling certificate verification.
(Use `node --trace-warnings ...` to show where the warning was created)
2025-08-29T19:01:34: {"level":30,"time":"2025-08-29T18:01:34.245Z","pid":7084,"hostname":"LAPTOP-R3IJ5HFS","class":"baileys","browser":["Chrome (Linux)","",""],"helloMsg":{"clientHello":{"ephemeral":"pWKTh7obmjDu6Q4WaSMQFxy2LbKUqG3SYkgRA3z+ZyU="}},"msg":"connected to WA"}
2025-08-29T19:01:34: {"level":30,"time":"2025-08-29T18:01:34.333Z","pid":7084,"hostname":"LAPTOP-R3IJ5HFS","class":"baileys","node":{"passive":false,"userAgent":{"platform":"WEB","appVersion":{"primary":2,"secondary":3000,"tertiary":1023223821},"mcc":"000","mnc":"000","osVersion":"0.1","device":"Desktop","osBuildNumber":"0.1","releaseChannel":"RELEASE","localeLanguageIso6391":"en","localeCountryIso31661Alpha2":"US"},"webInfo":{"webSubPlatform":"WEB_BROWSER"},"connectType":"WIFI_UNKNOWN","connectReason":"USER_ACTIVATED","devicePairingData":{"eRegid":"AAAAdA==","eKeytype":"BQ==","eIdent":"GpdqE8px2UlabJdR8fLGuzeb3JZb1PaUkmw7dbdrojs=","eSkeyId":"AAAB","eSkeyVal":"0TjZLUco2rT+QmEsbetWU/fBOrhzi64mhwBAx+P9IlY=","eSkeySig":"vixMtj/9uaPYyDePzG5f40md7BcVCfJgdeswPzpj40ZTt9kizIIzZt9FMYE3TuDqAU5agk34LL8g6m6f3QZ5jQ==","buildHash":"c9lQeUMlTdrMrIi/+YcPiA==","deviceProps":"Cg5DaHJvbWUgKExpbnV4KRgHIAA="},"pull":false},"msg":"not logged in, attempting registration..."}
2025-08-29T19:01:34: 🎯 QR Code detected! Displaying...
2025-08-29T19:01:34: ▄▄▄▄▄▄▄▄▄▄▄▄▄▄▄▄▄▄▄▄▄▄▄▄▄▄▄▄▄▄▄▄▄▄▄▄▄▄▄▄▄▄▄▄▄▄▄▄▄▄▄▄▄▄▄▄▄▄▄
█ ▄▄▄▄▄ █▀ ██ ▄ █▀▄▀▀██ ▀▄▄▀██ ▄▄ █▀▀▄▄██▄█▄██▄▄ ██ ▄▄▄▄▄ █
█ █   █ █▀▄▀ ▄ ▄▄▄  ██▀█  ▀█▄▄██▀▄█▀▀ █▀▀▄█▀ █ ▄ ██ █   █ █
█ █▄▄▄█ █▀ ▄█▀█▀▄███▄ █▄▀ █ ▄▄▄ █▀█▀▄▀▄███ ▄ █▀▀▄██ █▄▄▄█ █
█▄▄▄▄▄▄▄█▄█▄█▄█▄▀▄█ ▀ ▀▄█ █ █▄█ ▀▄█ ▀▄█▄█▄█ █ █ ▀▄█▄▄▄▄▄▄▄█
█     ▀▄▄▄▄▀▄▀ █▀▄▀▄ ██▀▀▀▄▄▄   ▀█▀█▀▄▄▄▀▀▀▀▄▀▄█ ▀ █▄█▄▀ ▀█
███▄  ▀▄ ▄  █ ▄  █▀ ▀▀▀ █▀ ▄█ ▀█▀█▄▀█▀█▄▀▀▄▀▀  ███▀▄▄▀▀▀▀██
█▀█▄█▀ ▄▄   ▄█▄▄▄▄▀  █▀▄▀ ▄▄█▀▀█▄▀▄▄▄  ▄██▀ ▀█ █   █▄██  ██
█▄████▀▄▀▀▄▀ ▄ ▀   ▄▀█ ███ ▄▀█▀ █ ▄█▄▀██ █▀▄ █▀ ███▀ ▀  ▄▀█
█▄███ █▄██▄▀▀▀ █▄█▀▄▀█▄▀▀▀█▀▀ ▄▀▄█▀▄  ▄█▀█ ▀ █▄▄▀ ▄█▀▀▄█▀▀█
█▄█ ▀▄ ▄ █▄ ▀▄▀█ █ ▀▀▄▄▄█▀ ▄█▄▄▀ ██▄ ▄▄ ▄ ▄ ▄▀█  ▀ ▄▄   ▀██
█▄▀▀▄▀▄▄▀▄ ▀██▀█▄▀▄ ▄█▀█▀▄▀ ██ ▀ ▀███ ▀▄▀█▀ ▄█▄█▄▀ ▄ █▀▀ ▀█
█▀▄▄▀ ▄▄▀▀▄▄█   ▄ ▄ ▄█ ▀▀█▀  █▄▀███ █▄█ █▀▄▀▀ ▄▀▄█ ███ ▀▀██
█▀█▀▄▀▀▄▀ ▄█  ▀▄█▄▄▄█▄▀▀▀▀▀█▀██▀▄ ▄    ▄ █ ▀▄▀▄▄▀  ▄▀▀█   █
██▀▀▀ ▄▄▄  ▀▀▄██ ▄▄█ ▀▄█▀   ▄▄▄ ▄▄▄█▄    ▀▄▄▄█ ██ ▄▄▄ ▀ ▄██
█  ▄▀ █▄█  ▄▄ ▀▀█▄▄▀▄▄▄█▀▀▀ █▄█  ▀▄▄▄▄ ▄▀█   █▄█▀ █▄█ ▀▀▄▀█
█ █▄▀  ▄   ▄█  ▄ ▄█  ▄ ▄ ▀▀▄▄▄ ▄█▀▄   █▄█ ███▀▄▄▄▄▄    ▀ ██
█ █ ██ ▄▄▀▄█▄▀▀▀█▄▄▄▀▄█▀▄▀█ ██▀  █▀█ ▄ ▄▀█▀▀ ▀███ █ ▄██▄▄▀█
█▄▀ █ █▄▀▄▀▄  ▀▀ ▀ ▄ ▀██▄  ▄▀▄▀  █   ▀▀█▀█▄██▄▄▄ ▀ ▀█ ▀▀ ▀█
██▄▀▀█▀▄▄▄ ▀█ ▀█▀█▄▄▀▀▀▀▄ █ ▀█▀ ▄▀▄▄▄ ▀████  ▀█▄█▀ ███▀██▀█
██▀▀▄▄█▄ █ ██▄▄ ▀█▄▄▀ █ ▄ ▄ ▀█▄▄ █ ▄▀█ █▄▀▄█▀██  ▄▄▀▀ ▀▀▄▄█
█  ▀▄▀█▄    ▄ ▄ ▀▄▄ ▄▄▀▀▀▀█▀▄▄ ▄▀█▀█▀▄▀█▀█▀▀▄▀▄█▀▄▄▀▄▄█ █▀█
█▀▀▀▀ ▄▄▀▄▀▄▄  ███▀ ▄▄▀  ▀█▀ ██▄▀▀▀█▄██▄▀ ██▀▀█▄█▄▀▀ █▀▀▄▀█
█ ▄  ▄▀▄█▀ ▄▄███▄▄▀ ▀▄▀▄▀▀▄ ▀▄▀ █▀██▄ █▄██  ▄███▀▀ ███▄▄ ▀█
█ ▀ ▀▀▄▄█   ▀█▀▄█▄ █▀▄ ▄▀▄▄ █   ██▄▀███▄▀█ ▀▄█▄  ▄▄▀█▄█▀▀██
███████▄█ ▄██ ▄▀██▄ ▀█▄▀  ▀ ▄▄▄  ▀▄█  ▀▄█▀▀  ▀▄██ ▄▄▄  █▄██
█ ▄▄▄▄▄ █▄▀▄  ▀ █▄▄▀▄█  ▄ █ █▄█  ▀▄█ ██▄▄▀█▀▀▄ █▀ █▄█ █ ▄██
█ █   █ █ ▀▄▀▄█▀▄▀ ▄▄█▄▀▀▄▄ ▄  ▄▄███▀▄█▄ ▀▀▀▄█▄██  ▄ ▄ █▄██
█ █▄▄▄█ █  ▄ ▀ ▄▄ ▀ ▄█  ▀█ ▀▀▀▀█▄▄▄ ▄█▄   ▄ ▄▀   ▄▀▄██▀ ███
█▄▄▄▄▄▄▄█▄█▄▄▄██▄█▄▄▄▄██▄███▄██▄▄▄▄▄█▄▄███▄▄▄███▄███▄██▄▄██

2025-08-29T19:01:34: 📱 Scan this QR code with your WhatsApp!
2025-08-29T19:02:34: 🎯 QR Code detected! Displaying...
2025-08-29T19:02:34: ▄▄▄▄▄▄▄▄▄▄▄▄▄▄▄▄▄▄▄▄▄▄▄▄▄▄▄▄▄▄▄▄▄▄▄▄▄▄▄▄▄▄▄▄▄▄▄▄▄▄▄▄▄▄▄▄▄▄▄
█ ▄▄▄▄▄ █▀ ██ █ ▀▀▄▀▄▀▄▀ ▄▄▀██ ▄▄ ▄▀ ██▀ ▄▀▄█▀▄▄ ██ ▄▄▄▄▄ █
█ █   █ █▀▄▀ ▄ ▄██  ██▀█  ▀█▄▄██ ▄█▀▀▀█▀▄▄█▀▄▄ ▄ ██ █   █ █
█ █▄▄▄█ █▀    █▀▄███▄ █▄▀ █ ▄▄▄   █▀  ▄███ ▄█▄▀▀▄██ █▄▄▄█ █
█▄▄▄▄▄▄▄█▄█ ▀▄█▄▀▄█ ▀ ▀▄█ █ █▄█ ▀▄█ ▀▄█▄█▄█ █ █ ▀▄█▄▄▄▄▄▄▄█
█    ▄▀▄▄ ▀ █▄ █▀▄▀▄ ██▀▀▀ ▄▄   ▀█▀█▀▄▄▄▀▀▀▀▄▀▄█ ▀ █ █▄▀ ▀█
███▄   ▄██ █ █▄  █▀ ▀▀▀ █▀▀▄█ ▀█▀█▄██▀█▄▀▀▄▀▀ ▄█   █ ▄▀▀▀██
█▀█▄▀▀ ▄ ▄▀▀▄█▄▄▄▄▀  █▀▄▀ █▄▀█▀█▄▀█▄▄ ▀▄██▀▀▀█▄█ ▀ █▀█▀  ██
█ ▄▀██▀▄▀ ▄▀ ▄ ▀  ▀▀▀██ ██ ▄▀██▄█  ▀▄██▀▄▀█▀ ▀█▄▄▀█▀    ▄▀█
█▀  █ █▄██▄▀▀▀ ███  ▀▄▀█▄▀█▀▀ ▀▀▄█ ██ ▄▄▄▀▀▀▄▀ █▀ ▄█▀▀█▄▀▀█
███▄  ▄▄ █▄ ▀▄▀█▀█ ▀█▄▄▄▄  ▄█▄█ ▄▀█▄▀█▄  █▄ ▄██  ▀ ▄▄    ▀█
█ ▀▀▄  ▄▀▄ ▀▄▄▀█▄▀▄ ▄█▀█▀▄▀ ██ ▀████▄▄▀▄▀█▀ ▄▀▄█▄▀▀▄ █▀▀▀ █
█▀▄▄▀ █▄█▀▀▄ ▀▄ ▄ ▄ ▄█ ▀▀█▀  █▄▀█▄█ ███ █▀▄▀ ▀▄▀▄█▄▀█▀ ▀▀██
█▀█▀▄ █▄▄▀ ▀▄ █▄█▄▄▄█▄▀▀▀▀▀▀▀██▀▄ ▄    ▄ █ ▀▄▀▄▄▀ ▀▄▀▀█   █
██▀▀▀ ▄▄▄ █▀▄▄▀█ ▄▄█ ▀▄█▀ █ ▄▄▄ ▄▄ ▀▄ ▄  ▀▄ ▄█ ▀  ▄▄▄ ▀ ▄██
█  █▀ █▄█ ▀▄▄ ▄▀█▄▄▀▄▄▄█▀▀▀ █▄█  ▀ █▄▄▀▄▀█ ▀ █▄▄▀ █▄█  ▀▄▀█
█▄▀▄▀ ▄▄▄  ▄█  ▄ ▄█▀ ▄▄  ▀ ▄▄▄ ▄█▀█ ▄ ▀▄█  ▀█▀▄██▄▄▄ ▄▀  ██
█ █▀▀█ ▄█▀▄█▄▀▀▀██▄ ▄▄▀▀▀▀█ ▄▄▀  █▀█▄ ▀█▀▀▀ ▄▀ █▀▄█ ▀▄▄▄▄▀█
█▄▀▀█ █▄▀ ▀▄  ▀▀▀▀ ▄ ▄██▀▀ ▄▀▀▀  ▀  ▄  ███▄█▀ ▄▄▀▀ ▀▄▄▀▀▄▀█
█▀▄▀▀█▀▄▄▄ ▀  ▀█▀█▄▄▀▀▀▀▄ █ ▀█ ▄▄█▄▄▄▄▀██▀█ ▄██▄█▀ ███▀██▀█
██▀▀▄▄█▄ █▄ ▀▀  ▀█▄▄▀ █ ▄ ▄ ▀█ ▄▀▄ ▄▀█ █▄ ▄█▀██  ▄▄▀▀ ▀▀▄▄█
█  ▀▄█▀▄  ██▄ ▀▀▀▄▄ ▄▄▀▀▀▀█▀▄▄ ▄▀█▀█▀▄▀█▀█▀▀▄▀▄█▀▄▄█▄▄█ █▀█
█▀▀▀▀▀▀▄▀▄  █▄▄███▀ ▄▄▀  ▀▀▀ ██▄▀▀██▄█▀▄▀ █▀▀▀█▄▀▄ ▀ █▀ ▄▀█
█ ▄▄▀▄▄▄█▄██▄█▄▀▄▄▀ ▀▄▀▄▀▀█▀▀▄▀ █▀█▄▄ ▀▄██▄▀▄████▄ █▀▄▄▀ ▀█
█ ▀ ▀▀▄▄█   ▀█▀▄█▄ ▀▀▄▄▄▀▄█▄█   ███ █▀█ ▀██▀ █  ▄█▄█▀██ ▀██
███████▄▄▀▄██ ▄▀▄█▀▄ █▀█▀ ▀ ▄▄▄  ▀▄█  ▀██▀▀▀ ██▄█ ▄▄▄  █▄██
█ ▄▄▄▄▄ █▄▀▄  ▀ ▄█▄▀▀▀  ▀▀█ █▄█  █▄█▀███ ▄█▀▀▄▀▄█ █▄█ █ ▄██
█ █   █ █ ▀▄  █▀▄▀ ▄▄█▄▀▀▄▄ ▄▄ ▄▄███ ▄█▄█▀▀▀▄█▄█▄  ▄ ▄ █▄██
█ █▄▄▄█ █  █▄▄▄█▄ ▀ ▄█  ▀█ ▀██▀██▄▄ ██▄   ▄ ▄▀   ▄▀▄▀█▀ ███
█▄▄▄▄▄▄▄█▄█▄████▄█▄▄▄▄██▄███▄██▄▄▄▄▄█▄▄███▄▄▄███▄███▄▄█▄▄██

2025-08-29T19:02:34: 📱 Scan this QR code with your WhatsApp!
2025-08-29T19:02:54: 🎯 QR Code detected! Displaying...
2025-08-29T19:02:54: ▄▄▄▄▄▄▄▄▄▄▄▄▄▄▄▄▄▄▄▄▄▄▄▄▄▄▄▄▄▄▄▄▄▄▄▄▄▄▄▄▄▄▄▄▄▄▄▄▄▄▄▄▄▄▄▄▄▄▄
█ ▄▄▄▄▄ █▀ ██ █ ███  ▀▄▀ ▄▄▀██ ▄▄ ▀█ ▀ ██   █▀▄▄ ██ ▄▄▄▄▄ █
█ █   █ █▀▄▀▄  ▄▄▄  ██▀█  ▀█▄▄██ ▄█▀  █▀▄██▀▀█ ▄ ██ █   █ █
█ █▄▄▄█ █▀▄ ▀██▀▄███▄ █▄▀ █ ▄▄▄ █ █▀▀▄▄███ ▄▀█▀▀▄██ █▄▄▄█ █
█▄▄▄▄▄▄▄█▄▀ ▀ █▄▀▄█ ▀ ▀▄█ █ █▄█ ▀▄█ ▀▄█▄█▄█ █ █ ▀▄█▄▄▄▄▄▄▄█
█    ▄█▄▄ ▀▀▀▄ █▀▄▀▄ ██▀▀▀  ▄   ▀█▀█▀▄▄▄▀▀▀▀▄▀▄█▄▀ █ █▄▀ ▀█
███▄ ▀▀▄ █  ▀▄▄  █▀ ▀▀▀ █▀██▀ ▀█▀█ ██▀▀▄▀▀▄█▀ ▄█▄▀ █▄▄▀▀▀██
█▀█▀▀▀ ▄▀▄  ▄█▄▄▄▄▀  █▀▄▀ █▄█▀▀█▄▀█▄▄  ███▀ ▀█▀▄▀▀ ██▀▀  ██
█  █ █▀▄  ▄▀ ▄ ▀  ▀▀▀█▄███ ▄ █▀ █ ▄█▄▀▀▄ ▀  ▄██▄▀ █▀▀ █▀▄▀█
█▄▄▄█ █▄██▄▀▀▀ █▀▄▄ ▀█▀█▄▀█▀▀  ▀▄█▀█▄ ▀█▄█   ███▀ ▄█▀▀▄█▀▀█
█▄ ▄  ▄▄ █▄ ▀▄▀█▄▄ ▀ ▄▄▄█▄ ▄█▄▄ ▄▀█▄█ ▄ █▀▄ ▀▀▄▀ ▀ ▄▄   ▀██
█▀ ▀▄█ ▄▀▄ ▀▄▀▀█▄▀▄ ▄█▀█▀▄▀ ██ ▀▄███ ▄▀▄██▀ █▀▄█▄▀▄▄ █▀▀▀▀█
█▀▄▄▀█▀▄▀█ █ ▀▀▄▄ ▄ ▄█ ▀▀█▀  █▄▀█▄█ █▄█ ▄ ▄▀ ▀▄▀▄█ ▄█▀ ▀▀██
█▀█▀▄▀ ▄▀▀▀ █ █ █▄▄▄█▄▀▀▀▀█▀▀██▀▄ ▄    ▄ █ ▀▄▀▄▄▀▀ ▄▀██   █
██▀▀▀ ▄▄▄ ▀██▄▀▀ ▄▄█ ▀▄█▀   ▄▄▄ ▄▄ ▀▄    ▀  ▄█▄██ ▄▄▄ ▀ ▄██
█  █▀ █▄█ █▀▄ ▄██▄▄▀▄▄▄█▀▀▀ █▄█  ▀█▄▄▄ ▄▀█ ▀ █▄▄▄ █▄█ █▄▄▀█
█▄█▄ ▄ ▄▄▄ ▄█  ▄ ▄ ▀ ▄▄█ ▀  ▄▄ ▄█▀█  ▄▄▄▀ █▄▀█▄▄ ▄    ▀  ██
███▀▄█ ▄▄▄▄█▄▀▀▀▄█▄  ▄▄▀▀ █ ▄█▀  █▀██ ▀█▀▀▀▀▄▀██▀██  ▄██ ▀█
██ █▀ █▄▄▀▀▄  ▀▀█▄ ▄▄▀██▄▀ ▄ █▀  ▀   █ █▄▄██▄ ██▀▀ ▀  ▀▀▄▀█
█▄▀▀▀█▀▄▄▄ ▀█▀▀█▀█▄▄▀▀▀▀▄ █ ▀█▀▄▀█▄▄▀ ▀██▀█ ▄██▄█▀ ███▀█▄▀█
██▀▀▄▄█▄ █▀▄▀ ▄█▀█▄▄▀ █ ▄ ▄ ▀█▄  ▄ ▄▀█ █▄ ▄█▀██  ▄▄▀▀ ▀▀▄▄█
█  ▀▄█▄▄  █ ▀▀█▀▀▄▄ ▄▄▀▀▀▀█▀▄▄ ▄▀█▀█▀▄▀█▀█▀▀▄▀▄█▀▄▀█▄▄█ █▀█
█▀▀▀▀ ▀▄▀▄▀██▄ ▀██▀ ▄▄▀  ▀▀▀ ██▄▀▀▀█▄██ ▀ ▀█▀▀█ █▄ █ █  ▄▀█
█ ▄▀▄▀▄▄██▄█▄█ ▄▄▄▀ ▀▄▀▄▀▀▄█▀▄▀ █▀█▄▄  ███▀ ▄█▀██▀████▄█ ▀█
█ ▀ ▀▀▄▄ ▀  ▀█▀▄█▄▄▀▀▄▄█▀▄▄▀█   ███▀█▀▄█▀███▄█▄▄ ▄▄█  ▀ ▀██
███████▄▄ ▄██ ▄▀▀▄▄▄ ▄▀█▄▀▀ ▄▄▄  ▀▄█  ▀▄██▀ ▄▀▄██ ▄▄▄ ▀▄▄▀█
█ ▄▄▄▄▄ █▄▀▄  ▀  ▄▄▀▀▀    █ █▄█ ▄█▄█▄▄▄█ ▄▄  █ ██ █▄█ █ ▄▀█
█ █   █ █ ▀▄▀▀█▀▄▀ ▄▄█▄▀▀▄▄ ▄  ▄ ▀██▄ █▄▀▀▀▀ ▀▄█▄  ▄   ████
█ █▄▄▄█ █   ▀█  ▄ ▀ ▄█  ▀█ ▀█▀▀█▄█▄ █▄▄  ▀▄ █    ▄▀▄██▀ ███
█▄▄▄▄▄▄▄█▄██▄▄▄█▄█▄▄▄▄██▄███▄██▄▄▄▄▄█▄▄███▄▄▄███▄███▄██▄▄██

2025-08-29T19:02:54: 📱 Scan this QR code with your WhatsApp!
2025-08-29T19:03:14: 🎯 QR Code detected! Displaying...
2025-08-29T19:03:14: ▄▄▄▄▄▄▄▄▄▄▄▄▄▄▄▄▄▄▄▄▄▄▄▄▄▄▄▄▄▄▄▄▄▄▄▄▄▄▄▄▄▄▄▄▄▄▄▄▄▄▄▄▄▄▄▄▄▄▄
█ ▄▄▄▄▄ █▄▄█▀▄▄▄▄▀▀█▄▀▀ ▀▄▄█▀█▄ ▄▄ ▀▀█████  █▀ ▄ ██ ▄▄▄▄▄ █
█ █   █ █ █ ▄█▀▄█▄ ▀▄▄ ▄ ▀ ████▄ █▄ █ ▄▀███  █▀▄ ██ █   █ █
█ █▄▄▄█ █▄█   ▀ ▀▀▄  ▀   █▀ ▄▄▄  ▀ █▄▄ ▄▄█▀▀ █▄▀▄██ █▄▄▄█ █
█▄▄▄▄▄▄▄█▄▀ █ █ █▄▀▄▀▄█▄▀▄█ █▄█ ▀ ▀ █ █ ▀▄▀▄█▄▀ █ █▄▄▄▄▄▄▄█
█    ▀█▄█▄█▀▄ ▀█ █▀█▀█▄ ▀ ▀ ▄    █ ▄▀██▄  ▀ █▀█▄ ▀ █▀▄▄ ▀ █
█ ▀███▀▄  █▀▀  ▀█▀ ██ ▄▄▄▄█▄▄▄  █▄██▄▄█▀▄█▀ █▀▀▀ ▄█▄▀▄ ▄█▄█
███ ▀▀▄▄ ▀▀█ ▀▄  ▄█▄ ▀█▄█▄▄ ▀██▀▄█▀▄ ▄  ▀███▀▀ ██▄ ▀▀▀▀▄ ▀█
█ ▀██▄▀▄  █  █▀▀▀▀▀▀ █  █▄▀▄▀▄█▀▄  ▄▄ ▀ ▀   ▀███▀▀▄▀  ▀ █▀█
█▄ █ ▄▄▄▀▄▀█ ▄▄▄ ▀ ▀█▄▄▀█▄▀ ▄▄▀▄ ▄█▀▀▀ █▄▀▀█▄▄▀▀ █ ▄▄█▄ █ █
██▄ ▀  ▄ ▀  █ ▀▀▀ ▄█ ▀ ▄    ▀▄▀▄▄▀▀▄█ ▄▄██ ▄██ ▀▄█▄▄  ▄▄▄▀█
█▄▄▀███▄ ▄▀  ▄ ██ ▄▀██ ▄▀█  ▄▄  ▀█▄▄██ ▄▄ ▀▀█▀█▄▄  ▄▀▄▀  ▀█
█▄ █▄ ▄▄▀  ▄ ███▀▄██ ▄██  █▀█▀█▄▀█ ▄▄▀▀▀ ██▄▄ ▀██ █▄▄▀▀▄█▄█
████ ▄ ▄▄██▀██  ▀▄  █ █▀██████▀█▄▄  ▄▄  ▄█▄█▄█ ▄▄█ ▀▀█▀▄ ▄█
█▄ ▀  ▄▄▄ ▀██▀██▀█▄▄▀▀█▄▀▀█ ▄▄▄ █▄▀ ▄▀█▄▀ ▄▀██▀ ▄ ▄▄▄ █▀███
██▄ ▄ █▄█ ▀▄██▄█  █▄ █▀▀ ▄█ █▄█ ▄ ▀▀█▀▄█▄▀▀▄▄▄█▀▀ █▄█ ▀   █
██▄▄▀  ▄ ▄▄▄▀▄  ▄▄▀█  █ ▄█ ▄ ▄▄ ██▀▀▄▄█ ▀▄  ██▀▄▄▄  ▄ █▄ ▀█
█  ▀█▄ ▄▄ █▄▄  ▀██ █▀█  ▄ ▄ ▄█▀▀▀█ ▄▄█▀█▄  ▀▀▀▄▄█▀▄ ███▄▀▀█
█▄▀  ▄▄▄  ▄ ▀██ ▄▄▀▀▀  ▀██▄█▄▄ █▄ █▄▀▀██  █▀▄ ▀ ▀▄▄ █▀ ▄ ▄█
█▀▄████▄▄ ▄▀▄▄▀▀██  ▀██▀ ▄█▄██▄█▀▀ ▄  ▀▀██▀▄██▀▄▀█ ▀▀██▀█▄█
█▄ ▀███▄▀█ ▀▀█▄  ▄▄█  ▄▀▄▀█  ▄ ▀ ▄▀█ █▀██ ▄▄▀▄▄▀ ██▀ ▀▀ █▄█
██▄ ▀▀ ▄▄▀  ██▀█▄ ██ █▄█ ▄▀ ▀ ▀▀█▄▄▀ ▀█▄▄▀ ▄  ▀▀ ▀  ▀  █▀ █
██▀██▀▀▄▀ ▄█ ▀█▄▀██▄▄ █ ▄███▄█▀ ▀█▀█ ▀█▄█ ██▀█▀▄▀ ▄▀▄█▀▄▄██
█▀█▄   ▄█   ▄▄ ▄██▀▀ ▄ █▀ ▄█ █▀▀▄▀▄█▄▀▀█▄▄▀ ████▀ ▄█ █▄ ▀▀█
█ ▀ ▀▀▄▄▀ █▄  ██  ▀▀██▀▀ ▀▀█ ▄▀█▀▄▀█  ▄▀▄█ ▄▄▄▄▄▄▀   ▄ ▄█▄█
███████▄█  █▀▄▄█ ██   ████▀ ▄▄▄  █ ██▄▀ ▀▀██▄▀▀▄█ ▄▄▄ █▀ ██
█ ▄▄▄▄▄ ██ █ ▀  ██▄ █▀▀▀▀ ▄ █▄█ ▀▀█▄█ ███▄▄▀█▀ ▄  █▄█ █▀▄▀█
█ █   █ █▀▄ ▀▄▀ ▀█▀▀ ▄▀█ ▀  ▄▄  ▄▄ ▀█▀▀█ █ ▄▄ ▀▀▄▄▄▄  ▀ ▀▄█
█ █▄▄▄█ █  ▄▀ █   █▄▄▀▄ █▀ ████▀▄▀  ▀▀▄▄▄  ▄▄█▄ ▄ ▀ ▀▀█▄█▀█
█▄▄▄▄▄▄▄█▄▄▄▄██▄█▄▄██▄▄▄▄▄▄██▄███▄██████▄▄▄███▄▄▄▄▄██▄█████

2025-08-29T19:03:14: 📱 Scan this QR code with your WhatsApp!
2025-08-29T19:03:34: 🎯 QR Code detected! Displaying...
2025-08-29T19:03:34: ▄▄▄▄▄▄▄▄▄▄▄▄▄▄▄▄▄▄▄▄▄▄▄▄▄▄▄▄▄▄▄▄▄▄▄▄▄▄▄▄▄▄▄▄▄▄▄▄▄▄▄▄▄▄▄▄▄▄▄
█ ▄▄▄▄▄ █▀ ██ ▄ █▀█  ██▀▄ ▄▀██ ▄▄ ▀▀██ █▄ ▀▄▄█▄▄ ██ ▄▄▄▄▄ █
█ █   █ █▀▄▀ ▄ ▄▄█  █▄▀█  ▀█▄▄██ ██▀▄▀█▀▀▄█▀▄▄ ▄ ██ █   █ █
█ █▄▄▄█ █▀▄  ▀█▀▄███▄ █▄▀ █ ▄▄▄ ▄██▀█▀▄█ ▀ ▄▄▀▀▀▄██ █▄▄▄█ █
█▄▄▄▄▄▄▄█▄▀ █▄█▄▀▄█ ▀ ▀▄█ █ █▄█ ▀▄█ ▀▄█▄█▄█ █ █ ▀▄█▄▄▄▄▄▄▄█
█     █▄▄▄▀█▄█ █▀▄▀▄ ██▀▀▀▄ ▄   ▀█▀█▀▄▄▄▀▀▀▀▄▀▄█▀▀ █ █▄▀ ▀█
███▄ ▀▀▄█ █▀▄█▄  █▀ ▀▀▀ █▀▀██ ▀█▀█ ██▀▀▄▀▀▄▀▀  ▀█ ▀█ ▄▀▀▀██
█▀█▀▄▀ ▄█▀▄ ▄█▄▄▄▄▀  █▀▄▀ █▄██▀█▄▀▄█▄ ▀███▀▀▀█ ▄   █▀▀▀  ██
█▄▄▀▄█▀▄▀▀▄▀ ▄ ▀  ▀ ▀██▀██ ▄ ▄█ █ ▄▄ ▀█▀ ▀█▄ ▀▀▄█▄█▀▀▀█▀▄▀█
█▄▄▀▄ █▄██▄▀▀▀ ██▄   ▄█▀▄▀█▀▀   ▄█▀▄▄  ██▀▄ ▀█▀▄▀ ▄█▀▀▄████
██▀▄▀  ▄ █▄ ▀▄▀██▄ ▀▀▀▄▄▀▀ ▄█▄▄ ▄██▄█ █▀█▀█▀▀▀█  ▀▄▄▄    ▀█
██▄▀▄ ▀▄▀▄ ▀▀▀▀█▄▀▄ ▄█▀█▀▄▀ ██ ▀ ▀██▄ ▀▄▄█▀ ▄▀▄█▄▀ ▄ █▀▀▀ █
█▀▄▄▀▀█▄▀▀▀██▄▀▄▄ ▄ ▄█ ▀▀█▀  █▄▀▄██ ▄▄█ █▀▄▀ ▀▄▀▄█▄▄▀▀ ▀▀██
█▀█▀▄ ▄▄▄▄▄▄███▀█▄▄▄█▄▀▀▀▀▀█▀██▀▄ ▄    ▄ █ ▀▄▀▄▄▄▀ █▀██   █
██▀▀▀ ▄▄▄ ▀  █▄█ ▄▄█ ▀▄█▀   ▄▄▄ ▄▄▄▀▄    ▀▄▄▄█ ▀  ▄▄▄ ▀ ▄██
█  ▄  █▄█  ▀▄   █▄▄▀▄▄▄█▀▀▀ █▄█  ▀█▄▄▄▀▄▀█▄  █▄██ █▄█ ▄▀▄▀█
█▀▄▄▄▄▄▄ ▄ ▄█  ▄ ▄█▀ ▄██ ▀▀ ▄▄ ▄█▀█▀ ▄  █▄▄██▀▀██▄▄▄  ▀▀ ██
█▀█▄ █ ▄██▄█▄▀▀▀█▄▀▄▀▄██ ▀█ ▄▄▀  █▀█  ▀▄▀█ ▀▄▀▄██▄█ ▄▄▄▄▄▀█
█████ █▄█▀▀▄  ▀▀▀  ▄▄ ██▀▀ ▄  ▀ ▄▀  ▀▄ █▀█▄██ ▄█▀▀ ▀▄█▀▀▀██
█▄▀▀▀█▀▄▄▄ ▀▄▄▀█▀█▄▄▀▀▀▀▄ █ ▀██▄▄▀▄▄ ▄▀█▀██  ▀█▄█▀ ███▀██ █
██▀▀▄▄█▄ █   ▄▄ ▀█▄▄▀ █ ▄ ▄ ▀█▄▄ █ ▄▀▄ █▄ ▄█ ██  ▄▄▀▀ ▀▀▄▄█
█  ▀▄  ▄  ▄█ █▀ ▀▄▄ ▄▄▀▀▀▀█▀▄▄ ▄▀█▀█▀▄▀█▀█▀▀▄▀▄█▀▄██▄▄█▄█▀█
█▀▀▀▀ █▄▀▄▄█▀▄█▀██▀ ▄▄▀  ▀▀▀ ██▄▀▀▀▀▄█▀▄▀ ██▀▀█▄▀▄▄█ ██ ▄▀█
█ ▄ ▀█▄▄▄▄▄▄▄█▄▀▄▄▀ ▀▄▀▄▀▀▄█▀▄▀ █▀ ▄▄  ▄██  ▄█▄██ ▄ ▄▄▄█ ▀█
█ ▀ ▀▀▄▄ ▀  ▀█▀▄█▄ ▄▀▄█▀▀▄█▄█   ███ ▀██▄█▀▄▀▄▀▀▀▄█▀▀▀█▀ ▀██
███████▄█ ▄██ ▄▀▄▄▄▄▀▄▀█  ▀ ▄▄▄  ▀▄█▀▄▀▄█▀  ▄█▄▄█ ▄▄▄ ▀█ ▀█
█ ▄▄▄▄▄ █▄▀▄  ▀  ▀▄▀▄▄  █▄█ █▄█ ▄█▄█▀██▄██▄▀▀ ▀▄▄ █▄█ █ ▀▀█
█ █   █ █ ▀▄ ▀█▀▄▀ ▄▄█▄▀▀▄▄ ▄  ▄ ███▄▄█▄██▀▀█▀▄█▄  ▄▄▄ ████
█ █▄▄▄█ █ █▄ █ ▀▄ ▀ ▄█  ▀█ ▀▀█▀███▄ ▄▄▄  ▀▄ █▀   ▄▀▄██▀ ███
█▄▄▄▄▄▄▄█▄▄▄▄█▄█▄█▄▄▄▄██▄████▄█▄▄▄▄▄█▄▄███▄▄▄███▄███▄██▄▄██

2025-08-29T19:03:34: 📱 Scan this QR code with your WhatsApp!
2025-08-29T19:03:54: 🎯 QR Code detected! Displaying...
2025-08-29T19:03:54: ▄▄▄▄▄▄▄▄▄▄▄▄▄▄▄▄▄▄▄▄▄▄▄▄▄▄▄▄▄▄▄▄▄▄▄▄▄▄▄▄▄▄▄▄▄▄▄▄▄▄▄▄▄▄▄▄▄▄▄
█ ▄▄▄▄▄ █▀ ██ ▄ ▄▀█▀▄▀█ ▄▄▄▀██ ▄▄ ▀█  ▄█ ▄  ▄▄▄▄ ██ ▄▄▄▄▄ █
█ █   █ █▀▄▀▄▄ ▄▄█  ▄▄▀█  ▀█▄▄██▀██▀▀ █▀███▀▀█ ▄ ██ █   █ █
█ █▄▄▄█ █▀    █▀▄███▄ █▄▀ █ ▄▄▄  ▄█▀▄▄▄█ ▀ ▄ ▄▀▀▄██ █▄▄▄█ █
█▄▄▄▄▄▄▄█▄█▄▀ █▄▀▄█ ▀ ▀▄█ █ █▄█ ▀▄█ ▀▄█▄█▄█ █ █ ▀▄█▄▄▄▄▄▄▄█
█     ▀▄   ▄▀▀ █▀▄▀▄ ██▀▀▀ ▄▄   ▀█▀█▀▄▄▄▀▀▀▀▄▀▄█▀▀▄█ ▀▄▀ ▀█
███▄ ▀▀▄▀███ ▄▄  █▀ ▀▀▀ █▀▀▄█ ▀█▀█ ▀█▀█ ▀▀▄█▀ ▄▀ ▀ ▄▄ ▀▀▀██
█▀█▀▄▀ ▄▄▄▀ ▄█▄▄▄▄▀  █▀▄▀ ▄▄▄▀▀█▄▀██▄ ▀███▄▀▀███▀  █▀▀▀  ██
█▄▀ ▀█▀▄▀▀▄▀ ▄ ▀  █▄▀█▄▄██ ▄▀▄█ █ ▄▀ █ ▀▄▀▄▀ ▀▀ ▀▀█▀ ▀▀▀▄▀█
█▄ ▄▀ █▄██▄▀▀▀ █▄█▄▄▀▄██▄▀█▀▀   ▄█▀█▄ ██▀█ ▀▀███▀ ▄█▀▀█▄█▀█
█▄▄▄ ▄▄▄ █▄ ▀▄▀██▄ ▀▀█▄▄█▄ ▄█▄▄▀▄██▄ ▄▄  ▄▄ █▀█  ▀ ▄▄   ▄▀█
██ ▀▄ ▀▄▀▄ ▀ █▀█▄▀▄ ▄█▀█▀▄▀ ██ ▀ ▀██  ▀▄██▀  █▄█▄▀ █ █▀▀ ▀█
█▀▄▄▀ █▄▀██▄█▄▄▀▄ ▄ ▄█ ▀▀█▀  █▄▀▄██ █▄█ ▄▀▄▀▀ ▄▀▄██▄▀█ ▀▀██
█▀█▀▄▄▀▄██ ▄█▀█▄█▄▄▄█▄▀▀▀▀██▀██▀▄ ▄    ▄ █ ▀▄▀▄▄ ▀█▄▀▀█   █
██▀▀▀ ▄▄▄ ▄ █▄▀  ▄▄█ ▀▄█▀ ▄ ▄▄▄ ▄▄ ▀▄ ▄▄ ▀▄ ▄█ ██ ▄▄▄ ▀ ▄██
█  █  █▄█ █▀▄ ▀▀█▄▄▀▄▄▄█▀▀▀ █▄█  ▀██▄▄▀█▀█▀  █▀██ █▄█ ▀▀▄▀█
█ ▀▄▄▄▄▄▄▄ ▄█  ▄ ▄▀▀ ▄██ ▀  ▄▄ ▄█▀▄   ▄██▄▄█▀▀▄▄▀▄  ▄▄ ▀ ██
██ ▀▀█ ▄▀█▄█▄▀▀▀█▄▀▄ ▄█▀▄▀█ ▄█▀  █▀█   ▄▀▀▀▀▄███▀██ ▄███▄██
████▀ █▄▀▄▀▄  ▀▀▄▄ ▄ ███▄▄ ▄ ▀▀ ▄▀  █  █ █▄█ ▀██▀▀ ▀█▄▀▀▄██
█▀▄▀▀█▀▄▄▄ ▀▄▄▀█▀█▄▄▀▀▀▀▄ █ ▀███ ▀▄▄▄ ▀█▀▀█  ▀█▄█▀ ███▀██ █
██▀▀▄▄█▄ ██ ▀█▄ ▀█▄▄▀ █ ▄ ▄ ▀█  ▀█ ▄ █ █▄ ▄█ ██  ▄▄▀▀ ▀▀▄▄█
█  ▀▄█▀▄  █▀█▄▀▀▀▄▄ ▄▄▀▀▀▀█▀▄▄ ▄▀█▀█▀▄▀█▀█▀▀▄▀▄█▀▄█ ▄▄▀ █▀█
█▀▀▀▀█▀▄▀▄█▄▄  ███▀ ▄▄▀  ▀▀▀ ██▄▀▀▀▀▄██▄▀ ██▀▀▀ ▀█ ▀ ██▀▄▀█
█ ▄█▄▀ ▄▄▀█▄▄█▀█▄▄▀ ▀▄▀▄▀▀██▀▄▀ █▀ █▄ ▀▄██▀ ▄██▄███▀▄▄ ▀ ▀█
█ ▀ ▀▀▄▄▄▀  ▀█▀▄█▄█ ▀▄▄▀▀▄█▄█   ███ ▀▀████▄▀ █ ▀██▀▀▀▄  ▀██
███████▄█▀▄██ ▄▀▄▄▄ ▀█▄▀▀▀▀ ▄▄▄  ▀▄█ ▄▀█▀▀  ▄▀███ ▄▄▄  █▄██
█ ▄▄▄▄▄ █▄▀▄  ▀ ▀ ▄▀▀█  ▀██ █▄█ ▄█▄██▀██▄ ▄ █  █  █▄█ █ ▄▀█
█ █   █ █ ▀▄▀██▀▄▀ ▄▄█▄▀▀▄▄ ▄  ▄ ███▄ █▄▀█▀▀ ▀▄██  ▄▄  █▄██
█ █▄▄▄█ █ ██ ██▄▄ ▀ ▄█  ▀█ ▀▀▀▀███▄ ▄▄▄ ▀▀▄ ▄▀   ▄▀▄██▀ ███
█▄▄▄▄▄▄▄█▄███▄█▄▄█▄▄▄▄██▄██████▄▄▄▄▄█▄▄███▄▄▄███▄███▄▄█▄▄██

2025-08-29T19:03:54: 📱 Scan this QR code with your WhatsApp!
2025-08-29T19:04:14: {"level":30,"time":"2025-08-29T18:04:14.689Z","pid":7084,"hostname":"LAPTOP-R3IJ5HFS","class":"baileys","trace":"Error: QR refs attempts ended\n    at Timeout.genPairQR [as _onTimeout] (C:\\Users\\55519\\Desktop\\DIGITAL MARKETING\\SAAS AND APP DEVELOPMENT\\Caio Website Personal Brand\\caio_personal_brand_current_one\\node_modules\\@whiskeysockets\\baileys\\lib\\Socket\\socket.js:485:21)\n    at listOnTimeout (node:internal/timers:588:17)\n    at process.processTimers (node:internal/timers:523:7)","msg":"connection errored"}
2025-08-29T19:04:14: 🔄 Scheduling reconnect attempt 1/10 in 5s...
2025-08-29T19:04:19: 🚀 Starting WhatsApp service...
2025-08-29T19:04:19: 📱 WhatsApp service started. Waiting for connection...
2025-08-29T19:04:19: {"level":30,"time":"2025-08-29T18:04:19.979Z","pid":7084,"hostname":"LAPTOP-R3IJ5HFS","class":"baileys","browser":["Chrome (Linux)","",""],"helloMsg":{"clientHello":{"ephemeral":"XO5rfiT1rQpx3UzI8K3xuRvati60jTAXg6Jk5v/RdRs="}},"msg":"connected to WA"}
2025-08-29T19:04:20: {"level":30,"time":"2025-08-29T18:04:20.122Z","pid":7084,"hostname":"LAPTOP-R3IJ5HFS","class":"baileys","node":{"passive":false,"userAgent":{"platform":"WEB","appVersion":{"primary":2,"secondary":3000,"tertiary":1023223821},"mcc":"000","mnc":"000","osVersion":"0.1","device":"Desktop","osBuildNumber":"0.1","releaseChannel":"RELEASE","localeLanguageIso6391":"en","localeCountryIso31661Alpha2":"US"},"webInfo":{"webSubPlatform":"WEB_BROWSER"},"connectType":"WIFI_UNKNOWN","connectReason":"USER_ACTIVATED","devicePairingData":{"eRegid":"AAAAow==","eKeytype":"BQ==","eIdent":"O+RXKD957SuNP58MUlrPkdGb++sWcO6vqzWQCIcpLQo=","eSkeyId":"AAAB","eSkeyVal":"eiy0ErYckU9VqmFnYWGGG8hkEGPOHAY95Nowv2Pfz3Y=","eSkeySig":"c20KDW2OC+j21c0LTMfAmFDveqyi7rpHuWc3GrwnLrdt5+qQ1AZF8tWFxpO0X30z3o/qchr8CwsWqaIzd05xhA==","buildHash":"c9lQeUMlTdrMrIi/+YcPiA==","deviceProps":"Cg5DaHJvbWUgKExpbnV4KRgHIAA="},"pull":false},"msg":"not logged in, attempting registration..."}
2025-08-29T19:04:20: 🎯 QR Code detected! Displaying...
2025-08-29T19:04:20: ▄▄▄▄▄▄▄▄▄▄▄▄▄▄▄▄▄▄▄▄▄▄▄▄▄▄▄▄▄▄▄▄▄▄▄▄▄▄▄▄▄▄▄▄▄▄▄▄▄▄▄▄▄▄▄▄▄▄▄
█ ▄▄▄▄▄ █▀█ ▀▀▀ ▀███ █▀▀▄▄ ▀▄▄▀▄▄█▀█▄ ▄▀▄▄▄ █▀▄▄ ██ ▄▄▄▄▄ █
█ █   █ █▀▄██ ████▀ ██ ▄▀ ▀███▀▄ █ █▀▀███▄▄ ▀▄ ▄ ██ █   █ █
█ █▄▄▄█ █▀ █ ▄ ▄▄█▄ ▄ ▀▄▀ █ ▄▄▄ ▄▀▀▀██▀▀ ▄▀▄█ ▀▀▄██ █▄▄▄█ █
█▄▄▄▄▄▄▄█▄▀ ▀ ▀▄▀▄▀ ▀ █ █ █ █▄█ ▀▄█ ▀▄█ █▄▀ █ ▀ ▀▄█▄▄▄▄▄▄▄█
█▄▄▄ ▄█▄▄▄ ▀▄▀ ▀█▄▀▄▀▄█▀▀▀  ▄▄  ▀█▀█▀  █▀▀ ▀▄▀▀▄ ▀ █ ▀▄▀ ▀█
█   ▄▄▄▄▀  ▀ ▀▄ █ ▀ ▀▀▀ ▄▄█▄▀▀ ▄▀▀ ▀   ▄██  ▄▄█▄█▄ █  ▀▀███
██ ▄▄ ▀▄ ▀█▀█▄▄▄▄█▀ ▀▄▀▄▀▀ ▄▀█▀█ ▀█▄▄▄▀█▀▀█  ▀█▄ ▀█▄▀▀█  ▀█
█▀█  ▄█▄▄ ██  ██ ▀  ▄▀▀█ █ █▀██ █ ▀██ ▄██▄ █▀ ▄▄▄▄   █▀▀ ▀█
█▀▄▄▄ ▄▄▄▀▀▀ █ █▄█   ▄██▄▀██▀ █▀▄█▀█  ▄█▀▀▀▀▀█ █▀▀ ▄███▀█ █
█▀▄▄▄▄▀▄▀ ▄▀█ ▀█  ▀  ▄▀█▄  ██ ▄▀▀ ▀ █  ▄▄▄█▄███ ▀ ▀ █ █ ▄██
█▄▀▀ █ ▄█▄▄ ▀█▀█▄▀▀▄▄█▄▀▀▄  ▀▀  ▀██▄  ▄██▀▄  █▄█▄▀▀█▀▀ ▀▀ █
█▀ ▀█ █▄ ▄█  ▀▄▀▄ ▀ ▄█ █▀█▀ ▀▀  ▄█▄ ▀▀▄▄ █▄██▄ █ ▄▀▄█▄▀▀▀██
█  ▀ █▄▄█▀▄▄ ██▀ ▄▄▄█▄▀█▀ ▀█▀█ ▀▄ ▄  ▄████▄  ▀ █▄▀▀▄▀██▀  █
██▄▀▀ ▄▄▄ ▄▄█▀█ ▀█▄█ ▀▄█▄▀▄ ▄▄▄ ▄  ▀▀▄▄ ▀▄█▀███▄▄ ▄▄▄ ▀ ███
█▀█   █▄█ ▀  ▀▀ ▀▄▄▀ ▄▄█▀ ▀ █▄█ ▀▀▄▄▄ ▀███▀ ▄█▄██ █▄█   ▄██
█▀█ █▄ ▄▄ ██ ▀▄█▀▄▀▄ ▄▄▄█▀▄▄  ▄▄█▄█  █▄▄███▄█▄ ▄ ▄ ▄▄    ▀█
█▀▀ ▄▄▄▄█ ▄▀▀█  █▄▀▄ █▀█▄▀▄▄▄█▀ ▄█▀█▄▄███▀▀ ▄█ ▄▀█▄▀▄█ ▀▀██
█ ▀▄ ▄▀▄▄ ▀ ▄▀██▀▄     ▀ █ ▀█▄▀ ▀ ▄▄▀██ ▀▄▀▀▀ █ ▄█▀▀▄▄  ▄▀█
█▀▄▄█ ▀▄█▀▀▄▀▀▀█▀█▄ ▀▀▀▀▄ ▄█▀█▀▄██▄█▀▄▀██▀▄ ▀█▀▄█▀▄ ▄█ ▄█ █
█  ▄▄  ▄▀▄▀  ▄ ▄▀██▀▀ ▀▄▄ █ ▀█▄▄▀▄ █▀███▀▄▄█▀▀  ▄▄▄▀██ ▀▄▄█
██▀  ▀ ▄▄▀ ▀ ▄▄▄▄█  ▄▄██▀ █▀▀▄█▀▀█▀█▄▄▀▄▀▀ ▀ █▄█▀ ▀▀▄██▄███
█▄▀▀█▄ ▄   ▀█    ▄▀   ▀ ▄ ▀▀█ ▄ █▀▀▀▄▄▀▄█ ▀▄ █▄█▀█ █▄█▀ ▄▀█
█ █▄▄▄▄▄▀▀▀▀▀▀▀▄█▄▀  █▀▄▀▀█▄██▀▄█▀▀█   ██▀  ▄▀▄▄▀▀██▄▄▄  ▀█
█ ▀ ▀▀▄▄▄▄▀    ▀█▄▀ ▀▄█ █▀ ▄ ▄▄ ▀██  ▄█  ▀▄█▀█▄█▄▄▄▀█▄▀ ███
███████▄▄▀ ▀█▄ ▄█▄▄ ▀█▀██▀█ ▄▄▄ ▄█▄█ ▄ ▄▀▀▀▀ ▀█▄▀ ▄▄▄ ▀▀█▀█
█ ▄▄▄▄▄ █▄ ▄██▄█▀█ ▀▀▀  ███ █▄█ ▄ ▄█▄█▀   ▀▀ ▀▀▀█ █▄█ ▀ ▄██
█ █   █ █ █▄▄▀  ▄▀▄ ▄███▀▄  ▄  ▄ ██▄█  █▄█ ▀▀▀█▄█ ▄▄   ██▄█
█ █▄▄▄█ █ ▀▄▄█ ▀▄ █▀▄█▄█▀█ ▀▀█▀███▄  █▄█ █   ▀█▀▄▄▀▄▀▀▀ ███
█▄▄▄▄▄▄▄█▄▄█▄█▄▄█▄▄▄█▄██▄▄▄█▄▄█▄▄▄▄▄▄▄█▄██▄█▄██▄▄█████▄▄▄██

2025-08-29T19:04:20: 📱 Scan this QR code with your WhatsApp!
2025-08-29T19:05:20: 🎯 QR Code detected! Displaying...
2025-08-29T19:05:20: ▄▄▄▄▄▄▄▄▄▄▄▄▄▄▄▄▄▄▄▄▄▄▄▄▄▄▄▄▄▄▄▄▄▄▄▄▄▄▄▄▄▄▄▄▄▄▄▄▄▄▄▄▄▄▄▄▄▄▄
█ ▄▄▄▄▄ █▄▀ ██ ▄ ▀▀▀▄█▄▀▄  █ ▄█ ▄▀██▀ ▄█▀▄▄▄▀█ ▄ ██ ▄▄▄▄▄ █
█ █   █ █ █▄██▄█▄▄▀▀▄▄▀█   █▄▄▀█ █▀▄ ▀▄█ █▄▀▀█▀▄ ██ █   █ █
█ █▄▄▄█ █▄▀▀▀▄▄█▀▀██ ▀▄  █▀ ▄▄▄ ▀ ▄█ ██ █▀ ▀ ▀▄▀▄██ █▄▄▄█ █
█▄▄▄▄▄▄▄█▄▀ ▀ ▀ █▄█▄▀▄▀ ▀▄█ █▄█ ▀ ▀ █ █▄▀▄█▄█▄█ █ █▄▄▄▄▄▄▄█
█▄▄▄ ██▄▀▄▀▀█▀▀▀▄█▀█ ▄▄ ▀ ▀▄▄▄   █ ▄▀▀▀█    █▀ █▀  ██▄▄ ▀ █
██▄▀▀ █▄██▄█ ▄ ▀ ▄ ██ ▄▄█▀▄▄ █▀▀█ █▀▀█▄█ ▀█▀ █▄  █▄▄▄▄ ▄▀▄█
█▀ █▀ █▄█▀▀▄▀ ▄  ██▄▀ █▄██ ▀█▀█▀ ██▄  █▀█▀█▄ █▀▄▄██ █▀█▄ ██
██   ██▄█▀▄▄ ▀▄█▀ █ █▀█▄ ▄▀█▀██▀▄  ▀█▀█ ▄▀▄▀▄▄ █▄▀▀  ▄  ▀▀█
█▀█▄ ▄█▄  ▄█▀ ▄▄  █▀██▄█▄▄▀▄▄▄▀█ ▄▄▀█▀▀███▄▄ ▄   ▄▄█ ▀▄▄▀▀█
█▄▄  ▄▀▄▀▄ ▀▀▄▀▀███▄▄███▀█ ▀▀  ██▄█  ▄  ▀▀▀▀▄█▀ █▄▀ ▀ ▀▄ ▀█
█▄▀▀▀▀▀▄▄▄█▀█  ██ ▀████ ▀█▀    ▀█▀▄█ ███▄ ▄▀███▄▄ ██    ▀▀█
█▄▄  █▄▄ ▀▀▀█ ▄█▀▄ █ ▄█▀  █▀▄█▀█ ▄▀▄▀▄ █▄▀█ ▀▄█▀▀▀ ▀▄▄ ▄█▄█
█▄ █▄█▀▄▀▀▄▀▀ ▄▄▄▄  █ ███▄▀▀██▄█▄▄  ▄ █▀▀█ ▄ █▄█▄▄█ ▀█▀█ ▄█
█▄█▀  ▄▄▄ █▄▄ ▀  ▄▄▄▀▀█▄▄ ▄ ▄▄▄ █ ▀▄▀█▀▄ █▀ ▄█▄█▄ ▄▄▄ █▀▄██
█▄▀ ▀ █▄█ ▄ ▀▄▀▀▄ █▄▄█▀▀ ██ █▄█ █  ▀██▄▄ ▀ █ ▄▀ ▄ █▄█ ▀  ▄█
█▀███▄▄▄ ▄▀█▄█▄▀█▄██  ▀▀▀█▄ ▄   █ ▀▀▄▀█ ▀▀█▀▀▄█▄▀  ▄▄ ▄▄ ██
█▀▀▀ █▄▄█ █ ▀▄▀  ███▀▄ ▄▀▀█▄█▄▀▀██ ▄ █▄█▄▄  ▀██▄▀▀█▀██   ██
█▄█▀█  ▄  ▄▄█▄▀▄▄▄▀█▄███ ▄▄  ▀ █▀█▀ ██ ▀▀ ▀█▄▀▀▄▄ █ ▄█▀█▄▄█
██  ▀ █▄███▄▄█▀▀██ ▄▀██▀ ▄▄▀██▀█ █ █  ▀▀▀▀ ▄▀██▄▀█▄▄ █▄ █▄█
█▀▀▄█▀ ▄ ▄█▀▀▄▀█ ▄█    █▄▀▄  ▄▀█ █▀▄ █▄█ █▄▄  ▀▀▄██▀▄▄  █▄█
█ █▀██▀▄  ▄█ █▄▄▀▀▀█ █ ▀ █▀ ▄ ▄▄█▄▄▀█▀██▄█▀▄▄▄▀▀ █▀█▀▀ █▀▄█
█ ▀█▀█ ▄ ▄█▀██▄█▄▄█▄ ▄█  ▄▀█▀  ▄██▀█  █ ▀ █  ▀ ██ ▄█ ███▄██
█▀▄▀█▄█▄ ▀▄█▀ ▀ ▄█▀▀▀█ █▀ ▄▄▄▄▀█▄▀▄█ ▀ ▄▄   █▀▄▄█▄▀▀█▄█ ▀▀█
█ ▀ ▀▀▄▄█ ▄▄▀█▄     ██  ▄▄▄ █ ███▄▀█▀█ ▄██▀█▀ █ ▄▀▄ ▄▄██▀▄█
███████▄▄▀▄▀▀    ▄▀ ▀ ██▄██ ▄▄▄ ▄▀ █▄ ▀ ██▄▄▄▀▀█▀ ▄▄▄ ███▀█
█ ▄▄▄▄▄ ██▀██▄██ ▀  ▄ ▀▀▄ ▄ █▄█ ▀ █▄▄█▀▀▀▀▀ █▀▀   █▄█ ▀▀███
█ █   █ █▀  ▀▄▄▀▀███ ▄ ▀ ▀▄ ▄   ▀▄  ██▄▄ █▀▄▄▄  ▄▄ ▄▄ ▀ ▀██
█ █▄▄▄█ █ ██▄▀██  ▀█▄▀ ██▀ █▀▀█▀▄   ▄ ▄▀██▄▄ █▀▀  ▀ ▀██▄█▀█
█▄▄▄▄▄▄▄█▄███▄▄█▄█▄█▄▄▄▄▄████▄███▄██▄█▄▄▄▄▄▄██▄█▄▄▄███▄████

2025-08-29T19:05:20: 📱 Scan this QR code with your WhatsApp!
2025-08-29T19:05:40: 🎯 QR Code detected! Displaying...
2025-08-29T19:05:40: ▄▄▄▄▄▄▄▄▄▄▄▄▄▄▄▄▄▄▄▄▄▄▄▄▄▄▄▄▄▄▄▄▄▄▄▄▄▄▄▄▄▄▄▄▄▄▄▄▄▄▄▄▄▄▄▄▄▄▄
█ ▄▄▄▄▄ █   ▀▀██ ▀▄█▀▄█ ▄▄█▄▀▄▀▄▀ ▄█ ▀▀ ▄█   █▀▄ ██ ▄▄▄▄▄ █
█ █   █ █ ▄ ▄▀███▀▄█▄█ ▀▄█▀██ ▄▀▀▄  █▄██▄ ▀█▀█ ▄ ██ █   █ █
█ █▄▄▄█ █▀▀█▀▀█▀▀█▄ ▀█▄▄▀   ▄▄▄ ▀▀▄▀█▄▄▄█▄▀▄█▄▄▀▄██ █▄▄▄█ █
█▄▄▄▄▄▄▄█▄▀ ▀ ▀▄▀ █▄▀ █▄▀▄█ █▄█ ▀▄█▄█ █ █ █▄█ ▀▄█ █▄▄▄▄▄▄▄█
█▄ ▀█ ▄▄▀█  ▄██▄ ▄▀▄▄▀ ▀▀▀▀▄ ▄  ▄ ▄█▀ █ ▄▀ ▀▀▄▄▄ ▀█▀▄▀▄ ▄▄█
██  ▄ ▀▄▀  ▀▀▀▄ ██▄█▀▀▀█▀▀▀█▀ █▀▀▀  ██ ▄█ █▀▄▄▀█ ▄ ██▄▄▄███
███▄▄ ▀▄ ▀███▄▀▀▀█▀ ▄▀▄▄▀▀▄  █▀██▄ ▄▄▄█▀▄▀▀▀█▄█▄ ▀ ▀ ▀█▄█▄█
█▀▄▄▀▀ ▄█▀█ ████ ▄▀█▄▀ ▄█  █   ▀█ ▀ ▄█▄▄▀█ ▄▀ █▀▀▀     ▄ ▀█
█▀▀█▀ ▄▄▀▄▄▀ ██ ▀█▄▄▄ ▄▀▀   ▄ ▀ ▀ ▄█ ▄█▀▄▀▀ ▀▄▀▄▀▀█▀ █▄▀▄██
██▀▄▀█▄▄▀ ▄▄ █▀██▀▄█▄▄▀ ▄█ ███ ▄▀ ▀█▄ ▀█▄▄  █▀▄█▄██▄██ █▄██
█ █▄█ ▀▄ ▀▀ █ ▄ ▀▀▀▄▀ ▀▀▀▄██▄▀  ▀  ▄  ▀ ▄▀▄ ▀ ▀█▄▀▄▀▄▀ ▀▄▄█
█▄ ▀█ ▀▄   ▀ ▀▀█▄█▄█▄█  ▄ ▀ ▀▄███▄▄██▄▄▄▀ ▀ ▄█  █▀▀███▄▄▀██
█ █▄█  ▄█▀▀▄█ █ █▄▄▄ ▀▄█▀ ▄ ▄█ ▀▀█▀  ▄   █▄ █▄██▀   ▀██▀███
█ ▄▀▀ ▄▄▄  █▄▀  ▀ ▀  ▀▄ ▀▄█ ▄▄▄ ▄ ▄ ▄▀ ▄▀▀  ███▀█ ▄▄▄ ▄████
█▀  ▄ █▄█ █▄ ▀█▀▄▄▄▀█▀▀█▀   █▄█ ▄▄ ▄▄ █  █ ▀▀ ▀█▄ █▄█  ▀▀ █
██▄ █▄▄▄▄ █ █▄▄█▀▀▄  ▄ ▄ ▄▄  ▄  █▄██▀ █▀█ ▄▀█▄▄ ▀     █▄ ▀█
██▀▀█▄▄▄  ▀▀▀███▄▄  ▀▀ ▀  ▀▀▄▄▀ ▀ ▄██▄   ▀▀▀▀ ▀█▀▄▀▄ █  ▄▄█
█ ▀█ ▀▄▄  ▀█▀▄██▀ ██▀▄ ▄█▀ ▀▀▄▄█▀ ▄▀ ▄▄ ▀▄███▄█▄  ▀▀▄▀██ ██
█ ▄▀  ▀▄ ▄▄▄▀█▄ ▄█▄ ▄▄▄▀▄ ▀ ▄█▄   ▀█  ▄ ▄▀▄ ▀ ▄▄█▀▀█▀█ ▄ ██
██ ▄▄██▄▀▄▄ █ ▀▄▀  ▄▀ ▀▀▀██ ▀ ██ █  █▀██ ▀▀ ▀▀ █▀▀▄▀█ █▄▄▄█
██▄██▄▀▄▀▄█ ▄▀█ ▀█  ▀▀ █▀  ▄▄▄█▀▄ ▄█▄▄▄▀▄▀ ▀█ ▀█▀ █▀▀██   █
█▀▀▀███▄  ▀█▄  ▄ ▀▄█  ▀█▀█▀▀██▀██▀▀▄▀▀█ ██ █ █▄▄  ▄▀▄ ▄▄▄▀█
█   █  ▄ █▀▀▀▀▄▀ ▄▀ █ ▄▄▀▀   █▀▄ ▄▀█  ▀  ▀ ▀▀▄▀▄█▀  ▀▄ ▀█▄█
█ ▀ ▀▀▄▄█ ▀███ ▀█▀ ▀▀▄ █ ▄ ▀ ▀▀█▀█▄▄█▀▄▄▄  █▀█ ▀▀ ▀▀ ▄█████
███████▄▄▀█▀█▄█▀▀▄▀▄█  ▀▀▀  ▄▄▄ ▀ ▀█▄ ▄  █▀▀█  ██ ▄▄▄ ▀  ▄█
█ ▄▄▄▄▄ █▀ ▀  ▄██ █▄ ▄ █▀██ █▄█   ▄ ▀█▀ ▀▄▄▄   ▄█ █▄█ ▄█ ██
█ █   █ █▄ ▄▀███▀▀▄ ▀  █▀▄█▄▄▄ ▄▀▄ ▄  █  █ ▀ ▄ ▄█   ▄▄ █ ▀█
█ █▄▄▄█ █▀▀▄▀▀▄▄▄█ ▄▄█▄ ▄  ▀▀▄▄ █▄▄█▄ ▄█▀▀██▀ █▄▀▀▀▄▀▄▄████
█▄▄▄▄▄▄▄█▄█▄▄▄▄▄▄▄▄▄▄█▄█▄▄█▄███▄███▄▄▄▄█▄█▄██▄▄▄▄█▄▄██▄▄█▄█

2025-08-29T19:05:40: 📱 Scan this QR code with your WhatsApp!
2025-08-29T19:06:00: 🎯 QR Code detected! Displaying...
2025-08-29T19:06:00: ▄▄▄▄▄▄▄▄▄▄▄▄▄▄▄▄▄▄▄▄▄▄▄▄▄▄▄▄▄▄▄▄▄▄▄▄▄▄▄▄▄▄▄▄▄▄▄▄▄▄▄▄▄▄▄▄▄▄▄
█ ▄▄▄▄▄ █▄▀ ██▀▄▄█ ▀▄█▄▀▄▄ █ ▄█ ▄▀▀███▄█ █ ▄█▄ ▄ ██ ▄▄▄▄▄ █
█ █   █ █ █▄▀█▄█▄▄▀▀▄█▀█▀▀ █▄▄▀█ █▀▄ ▀▄█ █▄▀ █▀▄ ██ █   █ █
█ █▄▄▄█ █▄▀▀ █▄█▀▀██ ▀▄  █▀ ▄▄▄ ██▄█ ██ █▀ ▀ █▄▀▄██ █▄▄▄█ █
█▄▄▄▄▄▄▄█▄█ ▀ ▀ █▄█▄▀▄▀ ▀▄█ █▄█ ▀ ▀ █ █▄▀▄█▄█▄█ █ █▄▄▄▄▄▄▄█
█▄▄▄ ██▄█ ▀ ▀█▀▀▄█▀█ ▄▄ ▀ █ ▄▄   █ ▄▀▀▀█    █▀ █   █▀▄▄ ▀ █
██▄▀▀ ▄▄▄▀▄ █▀ ▀ ▄ ██ ▄▄█▀█▄▄▀▀▀█ █▀▀█▄█ ▀██ █ ▄▀▀▄█▀▄ ▄▀▄█
█▀    █▄▄ █▄▀ ▄  ██▄▀ █▄██▀ █▀█▀ █▄▄  ▀ █▀▄█ █▀▄█▄█ ▄█▀▄ ██
██   ██▄▄ ▄▄ ▀▄█▀ ███▀▄▄ ▄▀█ ▄█▀▄  █▀█▄▄ ▀▀▀  ▄▄█▀▀ ▀█▄▀▀▀█
█▀▄▀█▄█▄  ▄█▀ ▄▄▀▀████▀█▀█▀▄▄▄ ▄ ▄▄▀▀▀ █ █▄█▄ ▀▀ ▄▄█ ▀█▄█▀█
█ ▄█▀▄█▄▀▄ ▀▀▄▀▀███▄▄ ██▀▀ ▀▀ ▀██ █ █▄  ▀  ▀▀  ▀█▄█ ▀ ▀▄▀▀█
█  ▀▀██▄▄▄█▀▄▀ ██ ▀████ ▀█▀    ▀▀█▄█ ███▄▄▄▀█▀█▄▄  ▄    ▀▀█
█▄▄  ▄ ▄ █ ▀▀▄ ▀▀▄ █ ▄█▀  █▀▄█▀█▀▄▀▄ █ █▄ █ ▀██▀▀▀▄█▄▄ ▄█▄█
█▄ █▄ █▄▀█▀▄▀▄▀▄▄▄  █ ███▄████▄█▄▄  ▄ █▀▀█ ▄ █▄███▄▀▀▀▀█ ▄█
█▄█▀  ▄▄▄ ▀▄▀██▀ ▄▄▄▀▀█▄▄ ▀ ▄▄▄ █ █▄▀█▀▄ █▀▄▄█ █▀ ▄▄▄ ▀▀▄██
█▄▀▀█ █▄█  █▀▄  ▄ █▄▄█▀▀ ██ █▄█ █   ████ ▀▀█ ▄█▀▀ █▄█ ▄█ ▄█
█   ▀  ▄ ▄▀█▄█▄▀█▄▄▄  █▀▀█▄▄▄   █ ▀▀ ▀▄ ██▀██ █▄▄  ▄▄▄▄▄ ██
█ █▀██▄▄  █ ▀▄▀ ▄█ ▀▀▄    █▄▄█▀▀██ ▄▄█ █    ▀▀▄▄▀▄█▀ █▀  ▀█
█ █    ▄  ▄▄█▄▀▄█ ▀█ ▀██▄▄▄ ▀▀ █▀▀▀ ██ ▀██ ▄█▄▀▄█ █ ▀▄▀█▄▄█
█▄█ ▀ █▄███▄▀▄▀▀██ ▄▀██▀ ▄▄▀██▄  ▀ █  ▀▀██ ▄ ▀█▄▀█▄▄ █▄ ▄██
█▀▀▄█▀ ▄ ▄▄█▄▄   ▄█    █▄▀▄  ▄▀█ █▀▄▀█▄█ ▄▄▄ ▀▀▀▄██▀▄▄  █▄█
█ █▀█▀ ▄   ▄▄▄▀ ▀▀▀█ █ ▀ █▀ ▄ ▄▄█▄▄▀█▀██▄█▀▄▄▄▀▀ ███▀▀▄█▀▄█
█ ▀█▀▀█▄ ▄▀██▀▀▀▄▄█▄ ▄█  ▄▀█▀  ▄███▀  █▄▀ █▄ ▀▄██ ▄▀ ███▄██
█▀▄██▀█▄▀█▀▄▀  █▄█▀▀▀█ █▀ ▄▀▄▄▀█▄▀█▄ ▀▀█▄   █▀▄█▀▄▄▀██▀█▀▀█
█ ▀ ▀▀▄▄ █▄▄▀█▄   ▄███  ▄▄▄ █ ███▄▀▄█▀▀▄▀█ ▀█ ▀█▀▀  ▀  ▄▀▄█
███████▄█ ▄▀▀   █▄  █ ▀████ ▄▄▄ ▄▀ █ ▄▄ ▀█▀█▄▀▀▄▀ ▄▄▄ ▄████
█ ▄▄▄▄▄ ██▀██▄██ ▄   █▀▀▀ ▄ █▄█ ▀ █▄▄█▀ ▀▀  ▀ ▀▀▀ █▄█ ▀▀▀▀█
█ █   █ █▀   █▄▀▀███ ▄ ▀ ▀▄     ▀   ▀█▄▄ █▀▄█▄  ▄▄ ▄▄ ▀  ██
█ █▄▄▄█ █ █▄█▀█▄  ▀█▄▀ ██▀ ██▀█▀▄▀  ▄ ▄▀▄▄▄▄▀▄▀▀  ▀ ███▄█▀█
█▄▄▄▄▄▄▄█▄▄██▄▄▄▄█▄█▄▄▄▄▄████▄███▄██▄█▄▄▄▄▄▄██▄█▄▄▄███▄████

2025-08-29T19:06:00: 📱 Scan this QR code with your WhatsApp!
2025-08-29T19:06:20: 🎯 QR Code detected! Displaying...
2025-08-29T19:06:20: ▄▄▄▄▄▄▄▄▄▄▄▄▄▄▄▄▄▄▄▄▄▄▄▄▄▄▄▄▄▄▄▄▄▄▄▄▄▄▄▄▄▄▄▄▄▄▄▄▄▄▄▄▄▄▄▄▄▄▄
█ ▄▄▄▄▄ █▄▀ ██▀▄▀█ ▀ ██▀▄  █ ▄█ ▄▀▀███▄█▀▄  ▀█ ▄ ██ ▄▄▄▄▄ █
█ █   █ █ █▄█▀▄██▄▀▀██▀█▀▀ █▄▄▀██▄▀▄  ▄██▄▄▀ █▀▄ ██ █   █ █
█ █▄▄▄█ █▄▀▀▄▀▄█▀▀██ ▀▄  █▀ ▄▄▄   ▄██ █ ▄█ ▀▀▄▄▀▄██ █▄▄▄█ █
█▄▄▄▄▄▄▄█▄▀ █ ▀ █▄█▄▀▄▀ ▀▄█ █▄█ ▀ ▀ █ █▄▀▄█▄█▄█ █ █▄▄▄▄▄▄▄█
█▄▄▄ ██▄█▄██  ▀▀▄█▀█ ▄▄ ▀ ▀ ▄▄   █ ▄▀▀▀█    █▀ █▀▀▄█▀ ▄ ▀ █
██▄▀▀▀█▄████▀▀ ▀ ▄ ██ ▄▄█▀█▄▄█▀▀█ █▀▀█▄█ ▀▀█ █▄▄▀ ▄█▀▄ ▄▀▄█
█▀    █▄▄▄▄ ▀ ▄  ██▄▀ █▄██  █▀█▀ █▀█  ▀▀█▀█▄ █▀█▄██  ▀▀  ██
█ █▀▀██▄▄ ▄▄ ▀▄█▀ ▄██▀█▄ ▄▀█ ▄█▀▄  ▀█▀▀▀▄▀▄▄▄ ██▄ ▀  █  ▀▀█
█▀▀▀█▄█▄  ▄█▀ ▄▄▀▀█▀▄█▀██▄▀▄▄▄▄▄ ▄▄▀█▀██▄█▀▄▄▄   ▄▄█ ▀█▄▀██
██▄▀▀▄█▄▀▄ ▀▀▄▀▀ ▀█▄▄███▄  ▀▀  ██ █ ▀▀  ▀█▀▀▀▄▀ █▄█ ▀ ▀▄ ██
█▄ ▀▀██▄▄▄█▀ ▀ ██ ▀████ ▀█▀    ▀█▀▄█ ▀██  ▄▀███▄▄ ▀▄    ▀▀█
█▄▄  ▀█▄ █▄█▀█ █▀▄ █ ▄█▀  █▀▄█▀█ ▄▀▄▀▄ ██ █ ▀██▀▀▀▀█▄  ▄█▄█
█▄ █▄█▀▄▄█▀▄  ▀▄▄▄  █ ███▄█▀██▄█▄▄  ▄ █▀▀█ ▄ █▄█▀██ ▀█▀█ ▄█
█▄█▀  ▄▄▄ █▄█ █  ▄▄▄▀▀█▄▄ ▀ ▄▄▄ █ █▄▀██▄ ██ ▄█ ▀▄ ▄▄▄ █▀▄██
█▄▀ ▀ █▄█ ██▀▄█ ▄ █▄▄█▀▀ █▀ █▄█ █  ▀██▄▄ ▀▀█ ▄█▀▄ █▄█ █▄ ▄█
██ █▄▄ ▄▄▄▀█▄█▄▀█▄ ▄  ▄▄▀█▄▄▄   █  ▀ ▀▄ ▀▀▀▀▀▄█▄   ▄ ▄█▄ ██
█▄█ ██▄▄ ██ ▀▄▀ ██ ▀▀█ ▄▀▀█▄██▀▀██ ▄▄█▀▄▄   ▀▀██▀▄█▀▀█▀ ▄██
█ ▀██  ▄  ▄▄█▄▀▄▀█▀█ ███ █▄ ▀▀ ███▀ ▄▄▀ ▀ ▀█▀▀▀▄▄ █ ▄█▀█▄ █
█▀█ ▀ █▄███▄  ▀▀██ ▄▀██▀ ▄▄▀███▄▄█ █  ▀▀▀▀ ▄ ▀█▄▀█▄▄ █▄ ▄▄█
█▀▀▄█▀ ▄ ▄▀█     ▄█    █▄▀▄  ▄▄▀ █▀▄ █▄█▀▄▄▄  ▀▀▄██▀▄▄  █▄█
█ █▀█▀█▄  █ ▄▄▀█▀▀▀█ █ ▀ █▀ ▄ ▄▄█▄▄▀█▀██▄█▀▄▄▄▀▀ ███▀▀▄█▀▄█
█ ▀█▀▀▄▄ ▄▀██▀█▄▄▄█▄ ▄█  ▄▀█▀  ▄██▀█  █▄▀ ▀  ▀▄▀█▀ █ █▄▄▄██
█▀▄ ▀█▄▄ █▄ ▀  █▄█▀▀▀█ █▀ ▄█▄▄▀█▄▀██ ▀▀█▄ ▀ █▀█▄█▀█▀▄█▄█▀▀█
█ ▀ ▀▀▄▄▀▀▄▄▀█▄   ▄▄███ ▄▄▄██ ███▄ ▄▀▀█ ██ ▄▀▄▀█▀▄ ▄█▀ ▄▀▄█
███████▄█ ▄▀▀    ██ ▀▀███▄█ ▄▄▄ ▄▀ █    █▀▀▄ ▀▀██ ▄▄▄ ▄▄█▀█
█ ▄▄▄▄▄ ██▀██▄███▄  █▄▀▀██▄ █▄█ █ █▄▄▀▀  ▄   ▀ ▀█ █▄█ ▀▀███
█ █   █ █▀   ▄▄▀▀███ ▄ ▀ ▀▄ ▄    ▄  ▀▀▄▄ ▀▀▄▄   ▄▄ ▄ ▄▀  ▄█
█ █▄▄▄█ █  ███▄▀  ▀█▄▀ ██▀ █▀██▀█▀  █ ▄▀▄█▄▄ █▀▀  ▀ █▀█▄█▀█
█▄▄▄▄▄▄▄█▄▄██▄██▄█▄█▄▄▄▄▄████▄███▄██▄█▄▄▄▄▄▄██▄█▄▄▄█▄▄▄████

2025-08-29T19:06:20: 📱 Scan this QR code with your WhatsApp!
2025-08-29T19:06:40: 🎯 QR Code detected! Displaying...
2025-08-29T19:06:40: ▄▄▄▄▄▄▄▄▄▄▄▄▄▄▄▄▄▄▄▄▄▄▄▄▄▄▄▄▄▄▄▄▄▄▄▄▄▄▄▄▄▄▄▄▄▄▄▄▄▄▄▄▄▄▄▄▄▄▄
█ ▄▄▄▄▄ █▀█ ▀▀▀▀▀▀▄█▄█     ▀▄▄▀▄▄█▀█▄▀▄█▀    ▄▄▄ ██ ▄▄▄▄▄ █
█ █   █ █▀▄██ ██▄▄▀ ▄█ ▄  ▀███▀▄ ▄ █▄▀██▄▄▄ ▀█ ▄ ██ █   █ █
█ █▄▄▄█ █▀▄▀ █ ▄▄█▄ ▄ ▀▄▀ █ ▄▄▄  ▀▀▀ ▀▀▀ ▀▀▄  ▀▀▄██ █▄▄▄█ █
█▄▄▄▄▄▄▄█▄▀ ▀ ▀▄▀▄▀ ▀ █ █ █ █▄█ ▀▄█ ▀▄█ █▄▀ █ ▀ ▀▄█▄▄▄▄▄▄▄█
█▄▄▄  █▄ ▄▄▄ ▄ ▀█▄▀▄▀▄█▀▀▀▄ ▄▄  ▀█▀█▀  █▀▀ ▀▄▀▀▄ ▀ █▄▀▄▀ ▀█
█   ▄██▄ ▄▄▀█ ▄ █ ▀ ▀▀▀ ▄▄▄▄▀▀ ▄▀▀▄█  ▄▄██  ▄▄▀  █ █▄▄▀▀███
██ ▄█ ▀▄ ██ █▄▄▄▄█▀ ▀▄▀▄▀▀ ▄▄█▀█ ▀█▄▄▄ ▄▀▀█  ▀██▀ █▄▀██▄ ▀█
██ ██▄█▄█ ██  ██ ▀▀ ▄▀▀▄ █ █ █▀ █ ▄▄█▄ ▀▀ █▀█▄▄▄█▀   ▄ ▀ ▀█
██ ▀  ▄▄▄▀▀▀ █ █▄▄▀▄▄▄▄▀▀ ██▀   ▄█▀█ ▄ █▄▀▀ ▄▀█▄▀▀ ▄███▀█ █
█▀  ▀▄█▄▀ ▄▀█ ▀█ ▄▀ ▄▀▀█▀  ██ █ █ ▀ █▄▀██▀██▄█▄ ▀ ▀▄█ █ ▀██
█▀█▀ ▀▄▄█▄▄ █ ▀█▄▀▀▄▄█▄▀▀▄  ▀▀  ▄▀█▄▄ ▄█▀▀▄ ▄▀▄█▄▀▀█▀▀ ▀ ▀█
█▀ ▀█▀█▄  ▄▄▀▀ █▄ ▀ ▄█ █▀█▀ ▀▀  ██▄  ▀▄▄ █▄█▄█ █ ▄█▄▀▄▀▀▀██
█  ▀  █▄ ██▄▄▄ ▄ ▄▄▄█▄▀█▀ ▀█▀█ ▀▄ ▄  ▄████▄  ▀ ██▀▀▄█▀█▀  █
██▄▀▀ ▄▄▄ ▄▀█▀▄ ▀█▄█ ▀▄█▄▀█ ▄▄▄ ▄ ▄█▀▄▄ ▀▄▀███▀ █ ▄▄▄ ▀ ███
█▀█▀  █▄█ ▄█ ▀▄ ▀▄▄▀ ▄▄█▀ ▀ █▄█ ▀▀▄▄▄ █▄██ ▀▄█▄▄▀ █▄█ ▀ ▄██
█▄▄▀▀▄ ▄▄ ██ ▀▄█▀▄▄▄ ▄▀▀█▀▄▄  ▄▄█▄█  █ ▄██ ██ ▄ ▄▄▄  ▄▄  ▀█
██▄██▄▄▄█▀▄▀▀█  ▄▄▄▄ █▀█ ▀▄▄▄▄▀ ▄█▀█▀▄ ▄█▀  ▄▀█▄▀█▄▀▄█ ▀▀▀█
█████▄▀▄▄▄▀ ▄▀██ ▄  ▄▄ ▀▀▀ ▀▀ ▀ █ ▄▄██▄▀▀▀▀▀█ ▄▀██▀▀▀█  █▀█
█▄▀▄█ ▀▄█▀▀▄██▀█▀█▄ ▀▀▀▀▄ ▄█▀█   ▀▄█  ▀█▀▀▄ ▄▀▀▄█▀▄ ▄█ ▄█▀█
█  ▄▄  ▄▀▄█▀ ▄█ ▀██▀▀ ▀▄▄ █ ▀██▄▀▄ █▀▄██ █▄█▀▀  ▄▄▄▀██ ▀▄▄█
██▀   ▀▄▄▀█▄▄▄▀ ▄█  ▄▄██▀ █▀▀▄█▀▀█▀█▄▄▀▄▀▀ ▀ █▄█▀   ▄██ ███
█▄▀▀█ █▄  ██▄█▀▄ ▄▀   ▀ ▄ ▀▀█ ▄ █▀██▄▄█ █ ▀  █▄▀▀▄▄▀▄█ ▀▄▀█
█ ███▄ ▄▀▄▀▀▀▀ ██▄▀  █▀▄▀▀████▀▄█▀▀█   ██▀█▀▄▀▄▄█▄█ ▄▄▀  ▀█
█ ▀ ▀▀▄▄▄▄▀    ▀█▄ █▀▄▄▀█▀▀▄ ▄▄ ▀██ ▄▄▄ ▄█▄▀▀▀▄█▀▀▄▀ ▀▀▀███
███████▄█▀ ▀█▄ ▄██▄▄▀██▀ ▀█ ▄▄▄ ▄█▄█▀ ▀▄▀█ ▀▄█▄▄▀ ▄▄▄ ▀▀▀▀█
█ ▄▄▄▄▄ █▄ ▄██▄█ ▀ ▀██  ▄▄█ █▄█ ▄▄▄█▀█  ▀▄▀  ▀ ▀▄ █▄█ ▀ █▀█
█ █   █ █ █▄█   ▄▀▄ ▄███▀▄     ▄ ██▄▀▄ █▀▀ ▀ ▀█▄█ ▄▄▄▄ █▄██
█ █▄▄▄█ █ ▄ ▄▄▄ ▄ █▀▄█▄█▀█ ▀▄▀▀█▄█▄  ▄▄█▀█    █▀▄▄▀▄▀█▀ ███
█▄▄▄▄▄▄▄█▄▄▄▄▄███▄▄▄█▄██▄▄▄██▄█▄▄▄▄▄▄▄█▄██▄█▄██▄▄███▄▄▄▄▄██

2025-08-29T19:06:40: 📱 Scan this QR code with your WhatsApp!
2025-08-29T19:07:00: {"level":30,"time":"2025-08-29T18:07:00.514Z","pid":7084,"hostname":"LAPTOP-R3IJ5HFS","class":"baileys","trace":"Error: QR refs attempts ended\n    at Timeout.genPairQR [as _onTimeout] (C:\\Users\\55519\\Desktop\\DIGITAL MARKETING\\SAAS AND APP DEVELOPMENT\\Caio Website Personal Brand\\caio_personal_brand_current_one\\node_modules\\@whiskeysockets\\baileys\\lib\\Socket\\socket.js:485:21)\n    at listOnTimeout (node:internal/timers:588:17)\n    at process.processTimers (node:internal/timers:523:7)","msg":"connection errored"}
2025-08-29T19:07:00: 🔄 Scheduling reconnect attempt 2/10 in 10s...
2025-08-29T19:07:10: 🚀 Starting WhatsApp service...
2025-08-29T19:07:10: 📱 WhatsApp service started. Waiting for connection...
2025-08-29T19:07:10: {"level":30,"time":"2025-08-29T18:07:10.744Z","pid":7084,"hostname":"LAPTOP-R3IJ5HFS","class":"baileys","browser":["Chrome (Linux)","",""],"helloMsg":{"clientHello":{"ephemeral":"JCl97afDgbxV6B7LjfNqvWADDo/YoOhaWEmAbFrukUQ="}},"msg":"connected to WA"}
2025-08-29T19:07:10: {"level":30,"time":"2025-08-29T18:07:10.892Z","pid":7084,"hostname":"LAPTOP-R3IJ5HFS","class":"baileys","node":{"passive":false,"userAgent":{"platform":"WEB","appVersion":{"primary":2,"secondary":3000,"tertiary":1023223821},"mcc":"000","mnc":"000","osVersion":"0.1","device":"Desktop","osBuildNumber":"0.1","releaseChannel":"RELEASE","localeLanguageIso6391":"en","localeCountryIso31661Alpha2":"US"},"webInfo":{"webSubPlatform":"WEB_BROWSER"},"connectType":"WIFI_UNKNOWN","connectReason":"USER_ACTIVATED","devicePairingData":{"eRegid":"AAAAzQ==","eKeytype":"BQ==","eIdent":"oxDeGd6zx13ic/IGoYZf50TJOqFjkq8SxX2IwFWTeBU=","eSkeyId":"AAAB","eSkeyVal":"wqdtSYVDb6mcFFCnCwJz8Uiyxe4fYs2MUZsRn52tiUU=","eSkeySig":"+qgu1FWjBqssUDWJ6Ay1Zh1ZY4A8Ivc2nQgVesp6UyfNbGqrcywm32ZzR01+yx4VFsuXFVi48pzS+4flHIRTBQ==","buildHash":"c9lQeUMlTdrMrIi/+YcPiA==","deviceProps":"Cg5DaHJvbWUgKExpbnV4KRgHIAA="},"pull":false},"msg":"not logged in, attempting registration..."}
2025-08-29T19:07:11: 🎯 QR Code detected! Displaying...
2025-08-29T19:07:11: ▄▄▄▄▄▄▄▄▄▄▄▄▄▄▄▄▄▄▄▄▄▄▄▄▄▄▄▄▄▄▄▄▄▄▄▄▄▄▄▄▄▄▄▄▄▄▄▄▄▄▄▄▄▄▄▄▄▄▄
█ ▄▄▄▄▄ █▄█  ▀▀▀██ ▀▄█ ▄▀▄ ██▄ ▄█▄██ █ ██▄▄ ▄  ▄ ██ ▄▄▄▄▄ █
█ █   █ █ █ ▀█▀▄▄▄▀ ██▀▄▀▀ ███▄█▀█  ▀  ▀█▄▄▀ ▄▀▄ ██ █   █ █
█ █▄▄▄█ █▄▀ ▀▄█▀▀▀▀▀ ▀▀  █▀ ▄▄▄ █▄▀█▀▄▀ ▄  ▀ █▄▀▄██ █▄▄▄█ █
█▄▄▄▄▄▄▄█▄▀▄▀▄▀ █▄█▄▀▄▀ ▀▄█ █▄█ ▀ ▀ █ ▀ ▀ █ █▄█▄█ █▄▄▄▄▄▄▄█
█▄ ▄ █▀▄▀  █▀ ▀▀██▄▀ █▄▄ ▀▀▄     █ ▄█▀▀█ ▄▀▀▀▀▄▄▀▀ ██ ▄ █▄█
█▄█ ▀▀ ▄█ ███▀ ▀▄  ██ ▄▄ ▄▄▄██  ▀▄███▀ ██▄ ▀ ▀▀█ █ █▀▀ ▄ ▄█
█▄█ ▄█ ▄ ▄▄█▄▄▄ ▀██▄▀▀█▄██▀▄▀▀█▀ ▀▀▄    ▀███ █▀▄█▄▀ ██▀ ▄██
███ ▀▀█▄▄▄ ▄▀█ ▀  █ ▄▀█▀▀▀ █▀▄██▄▀  █ ▀▄▀▀▄▀███▄▀ █▀   ▀▀██
█▄▀ █▄ ▄██▄█▀▀▄ ▄  ▀█▄▀█▀█▀▀▄▄▄█ ▄▄▀▀██▄ ▀▄▄▄ ▀ ▀█▄█ ▀ █▄ █
█▄ ▄▄██▄▄ █ ▄▄▀▀▀█▀▀▀▀  ▄▄▀▀▀▄▄█ ▀▀▄▄  ▄▀ ██  ▀▀▀▀█▄██▄█ ▀█
█ █▀█▀ ▄▀ █▀▄█ ██ ▄▀██▄▄▀█▀▀ ▄▄▀█▀ ▄██▀▄▀ ▀ █▀█▄▄  ▄▄▄▀  ▀█
█▀▀█▀██▄▄▀▀▄████▀▄ ▀ ▄▄▀  █▀▀▄█ ▀█ ▄▀ ▀▄█▄█▄▀▀▀▄██ ▄▄█ ▄█▄█
█▀▄ ▀█▀▄█▀▄▀▀▀ █▀▄ ▄█ █▀█▄█▀ ███▄▄  █ ▀▀▀▀██▄▀██▄█  ▀█▀▄ ▄█
█ ▄█▄ ▄▄▄ ▀▄█  ▄▄▄▄▄▀▀█▄    ▄▄▄ ▀ ▀▄ ▀▀▄▀ ▀ ▄▄▄█  ▄▄▄ █▀███
█   ▀ █▄█ █ ▄▀▄▄▀▀█▄▄█▀▀▀▄▀ █▄█ ▄ ▀▀▀█▀▄ █▀▄▄▄▄ ▀ █▄█ █ █▀█
█▄▀ █  ▄  ▄▀█▀▀ ▄▄██ ▀▄▄█▄▄▄        █▀█▄▄█  ▄█▀▄▀    ▄▄█▄██
█▀ ▄▀▀█▄ ▄▄▀▄ ▄▀▄█▄▀▀██ ▄ ▄▀▄█▀▀▀▀ ▄▀█ █    █▀▄██  ██▄█ ▄██
█   ▄▄ ▄▄█ ▄█ ███ ▀▄█  ██ █▀▄▀ █▄▄█ ▄▄▀ ▄▄█▀▄ ▀▄▀▀▄▄▄▀ ▄ ▄█
█▀ ▀ ▀▀▄▄█ ▀ ▀█ ██ ▄▀█▀█ ▄█▀███▄▄█ █   ▀████ ▀▀▄█ █▄▀▄▄██▄█
█▀ ▄▀▀▄▄█▀▀█ ▀▄█ ▄ █  ▄▄▄▀█▀ ▄▀█ ▄ ▄ █ ███▄ █▀ ███▀▀██▀▀█▄█
██    ▀▄ █▄  ▀█▄   ▀ █▄▀▀▄▀ ▄ ▄▄█▄▄▀▀▀▄▄ ▀▀▄▄▄   ▄  ▀  ▄█▄█
█▄ ▄  ▄▄ █  ▄  ▀ ▀█▄ ▀█   ████  █▀█▀██ ▄ ▀ ▀▄█▄ ▀ ▀██ ██▄██
█▀▄██ ▄▄▀  ▀▀█▀  █▀▀▀█ █▄ █▄██▀▄█▀█▄ █▀▄█▄▀▀███▄▀▄██ █▄▀  █
█ ▀ ▀▀▄▄▀▄█ ▄▀ █▄▄▀▄ ▀▀▀▀█▄ ██▀▀▀▀ ██▄▄▀██ █  █▄ ▀▄▄ ▀ ▄▄▄█
███████▄▄  █▄▄▀▀█▄▄ ▀▀█▀▀██ ▄▄▄  █ █▄   █▀█▄ █▀▄█ ▄▄▄  █ ██
█ ▄▄▄▄▄ ███▄▀ ▄▄██ █▄▄ ▄▀▀█ █▄█  ▀▄▄▄▀ ██▀██▀ ▀▀█ █▄█ █▀▀▀█
█ █   █ █▀██▄▄▀▀▀███ ▄██ ▀█  ▄    ▀▀▀█▄█ ▀▄█▄ ▀▀▀  ▄   ▄ ▄█
█ █▄▄▄█ █ ▀▀▀██▀  ▀▄▄▀▄▀█▀██▄██▀▄▀ ▀  █ ▄▄ ██  █ ▄▀▀███▄█▀█
█▄▄▄▄▄▄▄█▄▄▄▄████▄▄███▄▄█████▄███▄████▄█▄▄█▄██▄██▄██▄▄▄▄███

2025-08-29T19:07:11: 📱 Scan this QR code with your WhatsApp!
2025-08-29T19:08:11: 🎯 QR Code detected! Displaying...
2025-08-29T19:08:11: ▄▄▄▄▄▄▄▄▄▄▄▄▄▄▄▄▄▄▄▄▄▄▄▄▄▄▄▄▄▄▄▄▄▄▄▄▄▄▄▄▄▄▄▄▄▄▄▄▄▄▄▄▄▄▄▄▄▄▄
█ ▄▄▄▄▄ █ ▄ ▄█▄ ▄▀██▀▄▀█▄ █▄▄▄▄  █▀▀█  ▄    ▀█▀▄ ██ ▄▄▄▄▄ █
█ █   █ █ ▄▄ ▀ ▄▄▀▄▄▄█  ██▀█▄▀▀▀▄▄▀▄██▀▀▄ ▀█▀█ ▄ ██ █   █ █
█ █▄▄▄█ █▀▀▄▀▄▄█▀█ ▄▀█▀▄▀   ▄▄▄ ▀▄▀▀▀▄ ▄▀▄▀▄ ▀▄▀▄██ █▄▄▄█ █
█▄▄▄▄▄▄▄█▄▀ █▄▀▄▀ █▄▀ █▄▀▄█ █▄█ ▀▄█▄█ ▀▄█▄█ █ ▀ █ █▄▄▄▄▄▄▄█
█▄▄▀█ ▄▄█▀▄▀▄ █▄▀▄▄ ▄  █  █▄▄   ▄ ▄██ █ ▄█▀ █▄ █▀ █▀▄█▄   █
█▄▀▀▄▀▄▄ ▄ █ ▄▄ ▀▀▄█▀▀▀█▄▄▀▄  ▄ ██  ▀▀▄▄ █ █▄ ▄  ▀█▄ ▄▄▄▄██
█    █▄▄█▀ ▀  ▀▀ █▀ ▄ ▄▄▀▀▄▄▄▀▀██  █▄▄█▀ █  █▄▀▄▀ ▄▀ ██▄▀▄█
██████ ▄▄▄▀ ▄▀▀▀▀▄█ █▀ █▄█▀█  ▄██▀▀ ▄    █  ▄█ ▀▄▀▄▀▀▄ █ ██
█  ▀▀ ▀▄▄▀▄▀ ▄█▄▀▄▄▄▀▀ █▀▀ █▄ ▄▀▀ ██▄ █▀██  ▀  ▄  █▀ █▀▀█▄█
█▀▀ █ ▄▄▄▄▀███▀█▄▀  █▀▄██▄▀██▀█▄ ▀█▀ ▄ ▀█▄▄█  ▄▄  █ ▀ █▄▀██
██▄▄▀▄ ▄██▀ █▄▄ ▀▀▄ ▀  █▀▄█▄▄█▄ █ ▄█  █▀ █▀▀█▄▀█▄▀▄▀ █▀▀▄▄█
█▀█▄▄ █▄▄▄▀█▄   ▄█▄▀▄█▀ ▄ ▀ ▄█▀ ████▄▀██ █▀▄█ ▄█▀██▄█▄▄▄▀██
██▀▀ █ ▄  ▄▄ ▀ █ ▄▄  ▀▄▀▀ ▄ ▀█▀▀▀█▀ ▀▄▄  ▀▀▀▀ ▄█ ▀█ ▄██ ███
█▄███ ▄▄▄  ▄▀▄ ▀█ ▀  ▀▄ █▄▄ ▄▄▄   ▄ ██ ▄ ▄▄▄█▄█▀▀ ▄▄▄  █▄██
██▀██ █▄█ ▀▄█▄█ ▀█▄▀█▀▀█ ▀▄ █▄█ █▄ █  ▄▀ ▀▀▀█ ▀█▄ █▄█ ▄█▄██
█  ▄█▄▄▄▄  ▄▄ ▀▄ ▀▄▄ █ ▄▄██▄▄▄   ▄▄█▄▄▀█▄▄▄▄▄▀▄▄   ▄ ▄█▄▄▀█
██ ▄█ █▄▄▄  ▄▀ ▄▀█▄ ▄▀▀▀ ▀ ▄ ▄▀ █▄▄█▄▄█▀▄▀▄▀▀ ██▀█▄  ██▀▄▄█
█▀  ▀█▄▄  ██▀ ▀▄ ██▄█▀█▄██▀  ▀▄█▄█ ▀ ██ █ ▀ █ ███▀ █▀ ▄▄▀██
█▄█ ▀▀█▄▀▄▀▀▄█ ▀▄█▄ ▄▄ █▄   ▄█▄ █▄▀█ ▄█  ▀▀▀█▄ ▄▀▄ █ ▄ ▀▀██
██▀▄ █▀▄▄▀▀   █▀▀ █▀▀ █ ▀█▄▀▀ █▀▀█▀ █▀▀█▄▀▀▄█▀▀▀ ▀ ▀▄▀▄█▄▄█
█ ▀▄   ▄▀▀█  ▄▄▄ ▄▀▄▀▀▄█ ▀ ▄▄▄█▀▄ ▄█ ▄█  █ ▀█  ▄▀▀▄▀▀▄█▀▄ █
██  ▄▄█▄ ▀ ▀█▄█▀▄▄▄█ █▀█▀▀█▀▀ ▀▀██▀▄▄▄ ▄▄▄█▄▄▀▄█▄  ▀▀███▄▀█
█  █▄▄▄▄▀▀▄ ▀▄ ▀▄▄▀ █ ▄▄▄▀ █▀▄▀█▀▄ █ ▄▄▀▀█  ▀ ▀██ ▄▄ ▄▄█▄██
█ ▀ ▀▀▄▄▀▀ ▀ ▀▄▄▀█  ▄ ▄▄██▀▄ ▄█▀█ ██▀ █ ▄▄▄█▄█  ▀▀▀▀ ███ ██
███████▄█ ▀█  ▄ ▀▄▄ ▄ ▄█▄▀  ▄▄▄ █▄▀█▄ █ ▀▀▀ █  ▄█ ▄▄▄ ▄ ▀ █
█ ▄▄▄▄▄ █▀▄ ▄▄█▄▀██▀ ▄▀ ▄▀▄ █▄█ █▀█    ▄ ▄ ▀▀ ▀▄▄ █▄█  █▄██
█ █   █ █▄█▀▄▀ █▀▀▄ ▀ █▀▀▄▄▄   ▄▀▄▀█ ▄█▀▀██ ▄ ▀█▀▄  ▄▄▀▀▀ █
█ █▄▄▄█ █▀█ █▀▀█▄█ █▄█ ▄▄ █▀ ▄▄ ▄█▄▄▀ █▄  ▀▄▄▄▄ ▀█▀██▄▄████
█▄▄▄▄▄▄▄█▄█▄▄▄████▄▄█▄▄██▄█▄█▄█▄███▄█▄▄▄▄████▄▄▄███▄▄█▄██▄█

2025-08-29T19:08:11: 📱 Scan this QR code with your WhatsApp!
2025-08-29T19:08:31: 🎯 QR Code detected! Displaying...
2025-08-29T19:08:31: ▄▄▄▄▄▄▄▄▄▄▄▄▄▄▄▄▄▄▄▄▄▄▄▄▄▄▄▄▄▄▄▄▄▄▄▄▄▄▄▄▄▄▄▄▄▄▄▄▄▄▄▄▄▄▄▄▄▄▄
█ ▄▄▄▄▄ █ ▄ ▄█▄▀ █▄▄▀ ▀▄ ▄█▄▄▄▄  █▄█▀ █▄   ▄▀▀▀▄ ██ ▄▄▄▄▄ █
█ █   █ █ ▄▄▄▀ ▄▄▀▄▄█▄  ██▀█▄▀▀▀▀█▀▄▄█▀▀█ ▀█▀▄ ▄ ██ █   █ █
█ █▄▄▄█ █▀█▄▀▄▄█▀█ ▄▀█▀▄▀   ▄▄▄ ▀▀▀▀█▀ ▄▀▀▀▄█ ▄▀▄██ █▄▄▄█ █
█▄▄▄▄▄▄▄█▄▀ ▀▄▀▄▀ █▄▀ █▄▀▄█ █▄█ ▀▄█▄█ ▀▄█▄█ █ ▀ █ █▄▄▄▄▄▄▄█
█▄▄▀█ ▄▄██▄ ▀▄█▄▀▄▄ ▄  █  ▀▄▄   ▄ ▄██ █ ▄█▀ █▄ █  ▀▀ █▄   █
█▄▀▀▄ ▄▄▄▄▀ ▀█▄ ▀▀▄█▀▀▀█▄▄██▄▄▄ ██▄ ▀▀ ▄ █ █▄  ▄ ▄▄▄█ ▄▄▄██
█  ▄▄█▄▄ ▄▀   ▀▀ █▀ ▄ ▄▄▀▀██▀▀▀██ ▀▄▄▄█  █  █▄██ ▀▄▀ ██ ▀▄█
██▀▄██ ▄██▀ ▄▀▀▀▀▄▀▀█▀█▀▄█▀█   ██▀▄▀ ▄ ▄ █ ▄ ▀█▀▄▄▄▀ ▄▀█ ██
█▀▀   ▀▄▄▀▄▀ ▄█▄ ▄▄▄█▀▀▀▄▀ █▄ ▀▀▀ ▄█  █▀██  █▄▄█  █▀ █ ▀█ █
█▀█▀▀▄▄▄▄▄▀███▀█▀▄   ▄▄█▄▄▀██▀▄█▄▀█▀▄ ▀▀▀▀▄█ ▀▄█  █ ▀ █▄ ██
█▀▄▄▀▄▄▄██▀ ██▄ ▀▀▄ ▀  █▀▄█▄▄█▄ ▀▄▄█ ▄█▀ ▀▀▀█ ▀█▄▀▄▀ █▀▀▄██
█▀█▄▄█▄▄▄▄█ ▀▄█▄▄█▄▀▄█▀ ▄ ▀ ▄█▀ ▄▄██▄▀██▀▄▀▄█▀▄█▀█▄▀▀▄▄▄▀██
██▀▀ ▀▀▄█ ▄   ▄  ▄▄  ▀▄▀▀ ▄ ▀█▀▀▀█▀ ▀▄▄  ▀▀▀▀ ▄█▀ ▄ ▄▀█ ███
█▄███ ▄▄▄ ▀█▄█ ██ ▀  ▀▄ █▄  ▄▄▄   ▄▄██ ▄ ▄▄ █▄▀▀▀ ▄▄▄ ▄█▄██
██▀▄▄ █▄█ ▄██▄  ▀█▄▀█▀▀█ ▀▄ █▄█ █▄▀▄  ▄▀ ▀▀ █  ▄▄ █▄█ ▄ ▄██
█▀█▀█▄▄▄   ▄▄ ▀▄ ▀█▀ █▄▀▄██▄▄▄   ▄██▄ █▀   █ ▀▄▄▀ ▄▄ ▄▄▄▄▀█
█▄███ █▄██  ▄▀ ▄▀▄▄ ▄ ▀▀▄▀ ▄ ▄▀ █▄▄██▄▄▀ █▄ ▄  ▄▀▀▄ ▀▄▄▀▄▄█
█▄▀▀██▄▄ ███▀ ▀▄▄ █▄▄▀█▄██▀  ▀▄█▄█ ▀███▀▄▄▀ █ ██▄▀ █▀▀▄▄▄██
███ ▀▀█▄▀▄▀▀▄▄ ▀▄█▄ ▄▄ █▄   ▄█▄▀█ ▀█▄ █  ▀▀▀█  ▄▀▄ █ ▄ ▀ ▄█
██▀▄ █▀▄▄▀▀▀█▄██▀ █▀▀ █ ▀█▄▀▀ ▀▀ █▀ █ ▀██ ▀▄█ ▀▀ ▀ ▀▄▀▄█▄▄█
█ ▀▄ █▀▄▀▀██▀▄▀▄ ▄▀▄▀▀▄█ ▀ ▄▄▄█▀▄ ▄█ ▄█  █ ▀█  ▄▀▀▀▄▀▄██▄ █
██  ▄ ▄▄ ▀▄ █ ▄▄▄▄▄█ █▀█▀▀▀▀▀ ▀▀███ ▄▄▄ ▄▄▀ ▄▀▄█   █▀█▄▄▄▀█
█    ▄▄▄█▄█▄▀▄▄ ▄▄▀ █ ▄▄▄▀ ▀▀▄▀█▀▄ █ ▄▄ ▀█▀ ▀ ▀█▀ █  █  ▄██
█ ▀ ▀▀▄▄ ▀ ▀ ▀▄▄▀█▀█▄ █▄██▀▄ ▄█▀█ ███ ▄ ▄▄▄▄ ▀  █  ▀   ▄ ██
███████▄█▀▀█  ▄  ▄▀▄█ ▀▀ ▀  ▄▄▄ █▄▀█▄ █ ███ ▄▄▀██ ▄▄▄ ▄▀█▄█
█ ▄▄▄▄▄ █▀▄ ▄▄█▄▀▀█▀▀▄▀ ▄▄▄ █▄█ ▀▀█ ▀▀ █▀▄▀ ▀▀▀██ █▄█  █ ██
█ █   █ █▄█▀   █▀▀▄ ▀ █▀▀▄▄▄▄  ▄▀ ▀█▄ █▀ ▀█ ▄ ▀█▀▄  ▄ ▀▀▀▀█
█ █▄▄▄█ █▀██▀▀█ ▄█ █▄█ ▄▄ █▀█▄▄ █▄▄▄▀▀█▄▀▀▀▄██▄ ▀█▀██ ▄████
█▄▄▄▄▄▄▄█▄█▄▄██▄██▄▄█▄▄██▄█▄▄██▄███▄█▄▄▄▄████▄▄▄███▄█▄▄██▄█

2025-08-29T19:08:31: 📱 Scan this QR code with your WhatsApp!
2025-08-29T19:08:51: 🎯 QR Code detected! Displaying...
2025-08-29T19:08:51: ▄▄▄▄▄▄▄▄▄▄▄▄▄▄▄▄▄▄▄▄▄▄▄▄▄▄▄▄▄▄▄▄▄▄▄▄▄▄▄▄▄▄▄▄▄▄▄▄▄▄▄▄▄▄▄▄▄▄▄
█ ▄▄▄▄▄ █▄█  ▀▀▀██▀▀▄▀▀▄▄  ██▄ ▄█▄█▀▄▄▄▀ ██ █▀ ▄ ██ ▄▄▄▄▄ █
█ █   █ █ █ ██▀▄█▄▀ ██▀▄ ▀ ███▄█▀█  ▀  ▀▄█▄▀▀█▀▄ ██ █   █ █
█ █▄▄▄█ █▄▀ █▀█▀▀▀▀▀ ▀▀  █▀ ▄▄▄ ▀█▀██▀▀ ▀▀ ▀▀ ▄▀▄██ █▄▄▄█ █
█▄▄▄▄▄▄▄█▄█▄▀▄▀ █▄█▄▀▄▀ ▀▄█ █▄█ ▀ ▀ █ ▀ ▀ █ █▄█▄█ █▄▄▄▄▄▄▄█
█▄ ▄ █▀▄▀  █ █▀▀██▄▀ █▄▄ ▀█      █ ▄█▀▀█ ▄▀▀▀▀▄▄▀  ██▄▄ █▄█
█▄█ ▀  ▄▄██▀ ▀ ▀▄  ██ ▄▄ ▄█▄█▀  ▀▄▀██▀ ▀█▄▄▀ ▀█▀▄ ▀▄▄▄ ▄ ▄█
█▄██ █ ▄▀▀▄▄▄▄▄ ▀██▄▀▀█▄██▀▄█▀█▀ ▀ █   ▀▀█▀▄ █▄█▄▄▀ ▀██▄▄██
█▀▄▀▀▀█▄▄▄ ▄▀█ ▀  █▄▄▀█ ▀▀ █▀██▀▄▀ ▀▀▄ ▀▀▀▄▄▀▀▄████▀▀▀▀▀▀██
█ ▄█▄▄ ▄██▄█▀▀▄  ▀▀█▄█ █ █▀▀▄▄▄▄ ▄▄  ▀█▄ █ █▄  ▀▀█▄█ ▀ ▄▄ █
██▄▄▄██▄▄ █ ▄▄▀▀▀▄▀▀ ▄  █▀▀▀▀▄▄█▄█▀▄██ ▄▀▄▄█    ▀▀▀ ██▄██▀█
█▄▀▀██ ▄▀ █▀▀█ ██ ▄▀██▄▄▀█▀▀ ▄▄▀██ ▄▄▀▀▄ ▄▀ ███▄▄  ▄▄▄▀ ▀▀█
█▀▀█▀▀ ▄▄▀ █▀ ▀█▀▄ ▀ ▄▄▀  █▀▀▄█  ▄ ▄ ▀▀▄█▄█▄▀▀▀▄███▀▄▀ ▄█▄█
█▀▄ ▀ ▀▄█ ▀▄▄▄▀█▀▄ ▄█ █▀█▄██ ███▄▄  █ ▀▀▀▀██▄▀██▄▄ ▀█▀▀▄ ▄█
█ ▄█▄ ▄▄▄  ▀█▄ ▀▄▄▄▄▀▀█▄  █ ▄▄▄ ▀ ▀▄ ▀█ ▀ █ ▄▄ █  ▄▄▄ ▀▀███
█   ▀ █▄█ ▄█▄▀▀ ▀▀█▄▄█▀▀▀▄▀ █▄█ ▄  ▀▀█ ▄ █▀█▄▄▀ ▄ █▄█ ▀▀█▀█
███▀▀▄ ▄▄ ▄▀█▀▀ ▄▄ ▄ ▀▀██▄▄▄       ▀▀▀▄ ▄▀█▄▄▀ ▄   ▄ ▄█▄▄██
█▀ ▄▄▀█▄█ ▄▀▄ ▄▀ █ ▀ █▄▄▀▀▄▀▄█▀▀▀▀ ▄▄▀▀█ ▄ ▀▀█▄█▀▄ █▄█▄ ▄▀█
█▄█▄▄▄ ▄██ ▄█ ██ ▄▀▄█▀ █ ██▀▄█ █▄▄█     ▀█▄▀▀▀ █▀▀▄▄██ ▄▄ █
█ ▀▀ ▀▀▄▄█ ▀█▀█ ██ ▄▀█▀█ ▄█▀██   ▀ ██  ▀█▀██ █▀▄█ █▄▀▄▄█▄██
█▀ ▄▀▀▄▄█▀█▀ ▄▀█ ▄ █  ▄▄▄▀█▀ ▄ █▀█ ▄▀█ ███▄ ▄  ███▀▀██▀▀█▄█
██   █▀▄ █▄ ▀█▄█   ▀ █▄▀▀▄▀ ▄ ▄▄█▄▄▀▀▀▄▄ ▀▀▄▄▄   ▄▄▄▀ ▄ █▄█
█▄ ▄  ▀▄ █▄▄█▀▄█ ▀█▄ ▀█   ████  █▀▀▀██▄  ▀▄▀▄█ ▄██ ██ ▀█▄██
█▀▄▀▀█ ▄▄▄█▀▀█▄▀ █▀▀▀█ █▄ ████▀▄█▀ ▄ █ ▄█▄▀ ██▄▄█ ▄▀▄▄    █
█ ▀ ▀▀▄▄ ▄█ ▄▀ █▄▄▀█ ▀█▄▀█▄ ██▀▀▀▀ ▄▀▄▀▄▀▀▀▄  █ ▀█ ▄▀█▀█▄▄█
███████▄▄▀ █▄▄▀▀ █▀ ▀ ▀█ ██ ▄▄▄  █ █▄▄▀ ▀███▄█▀██ ▄▄▄ ▀█ ██
█ ▄▄▄▄▄ ███▄▀ ▄▄▄▀ █▄█ ▄█ █ █▄█ ▄▀▄▄▄█▀▄ ▄███▄▀▀▄ █▄█ █▀█▀█
█ █   █ █▀██▄ ▀▀▀███ ▄██ ▀█ ▄▄    ▀▀██▄█ █▄█▄ ▀▀   ▄▄  ▄ ██
█ █▄▄▄█ █ ▀▄▀▀▀▀  ▀▄▄▀▄▀█▀██▀██▀▄▀ ▀  █ ██ █▄▀ █ ▄▀▀█▀█▄█▀█
█▄▄▄▄▄▄▄█▄▄▄█▄███▄▄███▄▄█████▄███▄████▄█▄▄█▄██▄██▄███▄▄▄███

2025-08-29T19:08:51: 📱 Scan this QR code with your WhatsApp!
2025-08-29T19:09:11: 🎯 QR Code detected! Displaying...
2025-08-29T19:09:11: ▄▄▄▄▄▄▄▄▄▄▄▄▄▄▄▄▄▄▄▄▄▄▄▄▄▄▄▄▄▄▄▄▄▄▄▄▄▄▄▄▄▄▄▄▄▄▄▄▄▄▄▄▄▄▄▄▄▄▄
█ ▄▄▄▄▄ █▀▀ ▄█ ███▄▄▄▀█▄▄▄ ▀▀▄▄ █ ▀▀██▄█▀  ▄▀▀▄▄ ██ ▄▄▄▄▄ █
█ █   █ █▀▄▀█▄ ▄▄█▀▀▄█ █▀ ▀█▄▄▄▄ █▀▀▀▀▀▀▄▄▄ ▄▄ ▄ ██ █   █ █
█ █▄▄▄█ █▀ ▄  ▀ ▄█ ▄▄ ▄▄▀ █ ▄▄▄  █▄▀  █▀▀▄▀▄▀▀▀▀▄██ █▄▄▄█ █
█▄▄▄▄▄▄▄█▄▀ ▀▄▀▄▀▄▀ ▀ █ █ █ █▄█ ▀▄█ ▀▄▀▄█ ▀▄█ ▀▄▀▄█▄▄▄▄▄▄▄█
█▄ ▄ ▄▀▄▄ ▄▀▀▀ ▀▄▄▄ ▀███  ▄     ▀█▀██  █▀█▀  ▀██ ▀ █ ▀▄▀▄██
█▀▀▀▄▄▀▄ ███▄▄▄ ▀▄▀ ▀▀▀ ▀▀ ▄ █▀███ ▀▄▄▄   ▀ ▄ ▄█▀▄█▄ █▀▀▄██
█ █▄▄█▄▄▀ ▀▄  ▄▄██▀ ▀█▀▄▀▀  ██▀█ ███▄▄ ▄██ ▀ ▀▀█▄▀▀▄███▄▄▀█
███ ▀ █▄▄▄▀█▀▄▀▀▀▀ ▄█▀ ▀▀ ▀█ ▄█ █▀▀ █▀▄  ▄██▄▀█▄▀ ▄▀   ▀ ██
█▄▀▄▀ ▀▄▀▄▀▀ ▄ ▀▀▄ ▄▄▄▀█▀▀█ ▀ ▄▀▄█▀▄▄▄▀▄█▀   █▄▄   ▄██▀ ▄▀█
█▄▀▀ ▀▀▄▄▄▀   ▀█ ███▄▀▄ ▄▄▀██▄ ▀ ▀█▄ ▄▀▀█▀▀ █▀▄▀███ ▀█ ▀███
█▀ ▀▄ █▄  ▄  █▀█▄▀▄ ▄███▀▄ ▀▀█▄ █▀▀█ ▄ ▄ █▀▀ ▀▄█▄▀▀▄██▀▀▀▀█
█▄█▄▄▀▀▄  ▀ ▀▀ ▀▄ ▀▄▄█▀█▀█▀ ▄ ▄████  ███▀▀▄▀█▀▄ ▄ ▄██▀▀▀▀██
██▄▄█▀▀▄ █ ▄▄▀█▀█▄▄ █▄▀▀▀ ▀█▄█▀▀▄ ▄ ▀▄▀██▀▀▀▄█▀█▀▀ ▄▄██   █
█▀███ ▄▄▄ ▀ ▀▄▀ ██▄█ ▀▄█ ▀█ ▄▄▄    █   ▄ ▀███▄▀▄▀ ▄▄▄ ▀ ▄██
██▄▄  █▄█  ██▄█ ▄█▄▀ ▄▄█ ▀▀ █▄█  ▀ █  ███▀▀  █▄█  █▄█ ▀▀▀ █
█   ▄  ▄▄  ▀▀█▀▄ ▄█▀ █▀▄▀ ▄▄▄ ▄▄ ▄█ █▀▄▄▄▀▀█▄█▀ █▄▄▄▄▄  ▄▀█
█▄▄█  █▄█ █ ▄▀█▀▀▄▀▄ █▄▀▄▀█▀▄█▀  ▀▀█▄  ██▀   ████ ▀█▄▄█ ▀▀█
██ █  ▀▄▀▀█ ▄█▀▄▄▀ ▀▀██▀▀▀▀   ▀  █ ▄█▀▄▀██▄█▀ █▀▀▄ █▄▄▀▀███
█▀██▄▀█▄▄▀▄▀▄▄█▄▀█▄ ▀▀██▄ ██▀█▄▄▄▀▄█▄▄ ██▀▀▀ ██▄▀▄█ █▄ ▀█ █
█ ▀▄  ▄▄▄▀▀ ▄▀█ ▀█ ▄▀ ██▄ ▄▀▀█▄  █▀█ █▀█▄█▄▀▄▀▀▄█▄ ▀▄▄▀ ▄▄█
█ ▄▀█▄▀▄▄▄▀█▀██▀█▄▀▄▄▄▀█ ▀█▀▀▄█▀▀█▀█ ▄ ███ ▀ ██▄▀▀▀▄▄▄▀█▀██
█   ▄ █▄ ▀▄▄▀▄██▄▀▀  █▀ ▄▄▀▀▀█▄▄████▀▀▄▄▄▀ █▄▀  ▀▄▄█▀ ▀ ▄▀█
█ █ ▀██▄█ █▀▀▄█ ▀▄▀  █▀▄▄▀█ ▄▄▀█▄▀▄█ ▄ █▄██▀▄█▄██▄ ▄▄███▀ █
█ ▀ ▀▀▄▄ █ ▄█▄▄▄▀   ▄ ▄█  ▀  ▀ ▄█ █▀▄▀ ▄▄▀▄▀▄█▄███ █▀█ ▀ ██
███████▄▄▀▄█  ▀█▄█▀▄▀▄▀▀▀ █ ▄▄▄  ▀▄█  ▀▄▀▀ ▀ █▄▄▀ ▄▄▄ ▄ ▄██
█ ▄▄▄▄▄ █▄▄█▀▀█▄▄▄ ▄▄▀▀██▀▄ █▄█ █▀███▄▀█▄▀▄█▀▀▀▀█ █▄█ █  ▀█
█ █   █ █  ▀▀▀█ ▄▀▄ ▄█ ▀▀▄▀ ▄  ▄▄▀▄█▄  ▄▄▀█  ▀▄█ ▄▄▄ ▄▀▀▄██
█ █▄▄▄█ █  ▀▄▀ ▄▄ █ ▄█ ▀▀██▀▀▀▀███▄▀▄▄█▄▀█▄▀█▄▄█▄ ▀██▀▀ ███
█▄▄▄▄▄▄▄█▄█▄▄█▄▄▄█▄▄▄████▄▄████▄▄▄▄▄█▄██████▄██▄██▄█▄█▄█▄██

2025-08-29T19:09:11: 📱 Scan this QR code with your WhatsApp!
2025-08-29T19:09:31: 🎯 QR Code detected! Displaying...
2025-08-29T19:09:31: ▄▄▄▄▄▄▄▄▄▄▄▄▄▄▄▄▄▄▄▄▄▄▄▄▄▄▄▄▄▄▄▄▄▄▄▄▄▄▄▄▄▄▄▄▄▄▄▄▄▄▄▄▄▄▄▄▄▄▄
█ ▄▄▄▄▄ █▀▀ ▄█ █▀▀▄▄ ▀█▄▀  ▀▀▄▄ █ ▄▀█▀ █▀▀█▄ █▄▄ ██ ▄▄▄▄▄ █
█ █   █ █▀▄▀▀▄ ▄▄█▀▀██ █ ▀▀█▄▄▄▄▀█▀▀▄▀▀▀██▄  █ ▄ ██ █   █ █
█ █▄▄▄█ █▀   ▀▀ ▄█ ▄▄ ▄▄▀ █ ▄▄▄ ▄▄▄▀▄▀█▀▄ ▀▄█ ▀▀▄██ █▄▄▄█ █
█▄▄▄▄▄▄▄█▄█▄█▄▀▄▀▄▀ ▀ █ █ █ █▄█ ▀▄█ ▀▄▀▄█ ▀▄█ ▀▄▀▄█▄▄▄▄▄▄▄█
█▄ ▄  ▀▄▄  ▄█  ▀▄▄▄ ▀███        ▀█▀██  █▀█▀  ▀██   █▄▀▄▀▄██
█▀▀▀▄█▀▄▀  ██▄▄ ▀▄▀ ▀▀▀ ▀▀ █ ▀▀███ ▀▄▄▄   █▄▄ ▄▀▀ ▄▄ ▀▀▀▄██
█ █▀▀█▄▄▄ ▄▀  ▄▄██▀ ▀█▀▄▀▀▀ █▀▀█ ███▄▄▀████▀ ▀█▄█▀▀▄██▀ ▄▀█
█ ▀ ▀ █▄▄█▀█▀▄▀▀▀▀▀▀█▀▄▄▀ ▀█▀██▄█▀ ▄▀█▄█▄ ▄█ ▀▀▀▄ ▄▀  ▀  ██
█▄█   ▀▄▀▄▀▀ ▄ ▀██▄  ▄██▀▀█ ▀ ▀ ▄█ ██ ▀▄██ ▀▀▀ ▄   ▄██▀  ▀█
█ █▀ ██▄▄▄▀   ▀█  ██▄█▄  ▄▀██▄▀▀ ▀█▄ █▀  █▀ ▄██ ███▄▀█ ▀▄▀█
██▄▀▄  ▄  ▄ ▀█▀█▄▀▄ ▄███▀▄ ▀▀█▄ ▀█▀█▀  ▄█▀▀▀ █▄█▄▀ ▄██▀▀  █
█▄█▄▄▀▄▄  ▄▀█▄██▄ ▀▄▄█▀█▀█▀ ▄ ▄████  ▄██ ▀▄▀█▀▄ ▄  ▄▀█▀▀▀██
██▄▄█ █▄ ▀▄█▄▀▄▄█▄▄ █▄▀▀▀ ▀▀▄█▀▀▄ ▄ ▀▄▀██▀▀▀▄█▀█  ▀▄█▀█   █
█▀███ ▄▄▄ ▄  ▄▀ ██▄█ ▀▄█ ▀▄ ▄▄▄    ▀  ▄  ▀█▀█▄▀ ▄ ▄▄▄ ▀ ▄██
██▄ ▀ █▄█ ▄▀█▄  ▄█▄▀ ▄▄█ ▀▀ █▄█  ▀▄█  ▀▄█▀▀  ███▀ █▄█  █▀ █
█ ▀▀▄  ▄▄  ▀▀█▀▄ ▄▀▄ ███▀ ▄▄▄ ▄▄ ▄█▀█▀ █▄▀ ▄ █▄█▄▄▄▄▄▄▀ ▄▀█
██▄ ▄ █▄  █ ▄▀█▀▄▄▄  █▀█▀▀█▀▄▄▀  ▀▀█▄▄ ▄ █▀ ▄█▀▄▀ ▀██▄▄ █▀█
█ ▀▄▄ ▀▄ ██ ▄█▀▄   ▀ ▄█▀▄▀▀ █▄▀  █ ▄█▀█▀▄ █▄▄▄█  ▄ █▀█▀▀ ██
██▄█▄▀█▄▄▀▄▀█▀█▄▀█▄ ▀▀██▄ ██▀███ █▄█▄▄ █ ▀▀▀ ▀█▄▀▄█ █▄ ▀▄▀█
█ ▀▄  ▄▄▄▀▄█▄▀▄█▀█ ▄▀ ██▄ ▄▀▀█ ▄▀█▀█▀█▀█▄█▄▀▄ ▀▄█▄ ▀▄▄▀ ▄▄█
█ ▄▀█▀▀▄▄▄▀▀▀█ ▄█▄▀▄▄▄▀█ ▀█▀▀▄█▀▀█▀█ ▄ ███ ▀ ██▄▀▀▄▀▄▄██▀██
█   ▄▀▀▄ ▀█▀██ ▀▄▀▀  █▀ ▄▄█▀▀█▄▄██▀█▀▀▄▄▄▀▄▀▄▀▄ █▄█▀▀ ▀▀▄▀█
█ ██▄▄█▄ ▄▀▀▀▄  ▀▄▀  █▀▄▄▀█▀▄▄▀█▄▀██ ▄ ▄▄█▀▀▄█ ▄▀▄█ ▄█  ▀ █
█ ▀ ▀▀▄▄▀▀ ▄█▄▄▄▀ █▀▄ ▄▀   ▄ ▀ ▄█ ▄▀▄▀▄█▄█▀█▄█▀▄▄█▄█ █ ▀ ██
███████▄▄ ▄█  ▀█▄█▀▄ █▀█ ▀█ ▄▄▄  ▀▄█▄ ▀▄█▀ ▀▄▀▀█▀ ▄▄▄ ▄▀ ▀█
█ ▄▄▄▄▄ █▄▄█▀▀█▄▀▀ ▄▀█▀██▀▄ █▄█ ▀███▄▄▀█▄▀▄███▀ ▄ █▄█ █ ▀██
█ █   █ █  ▀▀ █ ▄▀▄ ▄█ ▀▀▄▀ ▄▄ ▄▄▀▄█▄  ▄▀██ ▄█▄█ ▄▄▄▄▄▀▀▄██
█ █▄▄▄█ █  █▀▀▄▀▄ █ ▄█ ▀▀██▀▀▀▀███▄▀███▄▀▄▄▀█▄▄█▄ ▀██▀▀ ███
█▄▄▄▄▄▄▄█▄▄██▄██▄█▄▄▄████▄▄█▄▄█▄▄▄▄▄█▄██████▄██▄██▄█▄█▄█▄██

2025-08-29T19:09:31: 📱 Scan this QR code with your WhatsApp!
2025-08-29T19:09:51: {"level":30,"time":"2025-08-29T18:09:51.440Z","pid":7084,"hostname":"LAPTOP-R3IJ5HFS","class":"baileys","trace":"Error: QR refs attempts ended\n    at Timeout.genPairQR [as _onTimeout] (C:\\Users\\55519\\Desktop\\DIGITAL MARKETING\\SAAS AND APP DEVELOPMENT\\Caio Website Personal Brand\\caio_personal_brand_current_one\\node_modules\\@whiskeysockets\\baileys\\lib\\Socket\\socket.js:485:21)\n    at listOnTimeout (node:internal/timers:588:17)\n    at process.processTimers (node:internal/timers:523:7)","msg":"connection errored"}
2025-08-29T19:09:51: 🔄 Scheduling reconnect attempt 3/10 in 15s...
2025-08-29T19:10:06: 🚀 Starting WhatsApp service...
2025-08-29T19:10:06: 📱 WhatsApp service started. Waiting for connection...
2025-08-29T19:10:06: {"level":30,"time":"2025-08-29T18:10:06.775Z","pid":7084,"hostname":"LAPTOP-R3IJ5HFS","class":"baileys","browser":["Chrome (Linux)","",""],"helloMsg":{"clientHello":{"ephemeral":"Wh+Au4aWV5ZWBXKJmQoTNywOzNMHsD2EB6sLy0R2SVA="}},"msg":"connected to WA"}
2025-08-29T19:10:07: {"level":30,"time":"2025-08-29T18:10:06.998Z","pid":7084,"hostname":"LAPTOP-R3IJ5HFS","class":"baileys","node":{"username":"555193288772","passive":false,"userAgent":{"platform":"WEB","appVersion":{"primary":2,"secondary":3000,"tertiary":1023223821},"mcc":"000","mnc":"000","osVersion":"0.1","device":"Desktop","osBuildNumber":"0.1","releaseChannel":"RELEASE","localeLanguageIso6391":"en","localeCountryIso31661Alpha2":"US"},"webInfo":{"webSubPlatform":"WEB_BROWSER"},"connectType":"WIFI_UNKNOWN","connectReason":"USER_ACTIVATED","device":51,"pull":true},"msg":"logging in..."}
2025-08-29T19:10:07: {"level":30,"time":"2025-08-29T18:10:07.527Z","pid":7084,"hostname":"LAPTOP-R3IJ5HFS","class":"baileys","msg":"25 pre-keys found on server"}
2025-08-29T19:10:07: {"level":30,"time":"2025-08-29T18:10:07.590Z","pid":7084,"hostname":"LAPTOP-R3IJ5HFS","class":"baileys","msg":"handled 0 offline messages/notifications"}
2025-08-29T19:10:07: {"level":30,"time":"2025-08-29T18:10:07.696Z","pid":7084,"hostname":"LAPTOP-R3IJ5HFS","class":"baileys","msg":"opened connection to WA"}
2025-08-29T19:10:07: ✅ WhatsApp connected successfully!
2025-08-29T19:10:16: {"level":50,"time":"2025-08-29T18:10:16.688Z","pid":7084,"hostname":"LAPTOP-R3IJ5HFS","class":"baileys","key":{"remoteJid":"status@broadcast","fromMe":false,"id":"3AA11FF43C71212E0C45","participant":"555191544444@s.whatsapp.net"},"err":{"type":"PreKeyError","message":"Invalid PreKey ID","stack":"PreKeyError: Invalid PreKey ID\n    at SessionBuilder.initIncoming (C:\\Users\\55519\\Desktop\\DIGITAL MARKETING\\SAAS AND APP DEVELOPMENT\\Caio Website Personal Brand\\caio_personal_brand_current_one\\node_modules\\libsignal\\src\\session_builder.js:66:19)\n    at async 555191544444.0 [as awaitable] (C:\\Users\\55519\\Desktop\\DIGITAL MARKETING\\SAAS AND APP DEVELOPMENT\\Caio Website Personal Brand\\caio_personal_brand_current_one\\node_modules\\libsignal\\src\\session_cipher.js:205:30)\n    at async _asyncQueueExecutor (C:\\Users\\55519\\Desktop\\DIGITAL MARKETING\\SAAS AND APP DEVELOPMENT\\Caio Website Personal Brand\\caio_personal_brand_current_one\\node_modules\\libsignal\\src\\queue_job.js:20:29)","name":"PreKeyError"},"msg":"failed to decrypt message"}
2025-08-29T19:10:21: {"level":30,"time":"2025-08-29T18:10:21.735Z","pid":7084,"hostname":"LAPTOP-R3IJ5HFS","class":"baileys","msgAttrs":{"from":"status@broadcast","type":"media","id":"3AA11FF43C71212E0C45","participant":"555191544444@s.whatsapp.net","participant_lid":"90379097522382@lid","notify":"Beto Carvalho","t":"1756491017"},"retryCount":1,"msg":"sent retry receipt"}
2025-08-29T19:11:53: 🚀 Starting WhatsApp service...
2025-08-29T19:11:53: 📱 WhatsApp service started. Waiting for connection...
2025-08-29T19:11:53: (node:19756) Warning: Setting the NODE_TLS_REJECT_UNAUTHORIZED environment variable to '0' makes TLS connections and HTTPS requests insecure by disabling certificate verification.
(Use `node --trace-warnings ...` to show where the warning was created)
2025-08-29T19:11:54: {"level":30,"time":"2025-08-29T18:11:54.148Z","pid":19756,"hostname":"LAPTOP-R3IJ5HFS","class":"baileys","browser":["Chrome (Linux)","",""],"helloMsg":{"clientHello":{"ephemeral":"XLpY583l6xgyr1zQsuk1VNgK/kVDVkd0vk/R5d662Sg="}},"msg":"connected to WA"}
2025-08-29T19:11:54: {"level":30,"time":"2025-08-29T18:11:54.306Z","pid":19756,"hostname":"LAPTOP-R3IJ5HFS","class":"baileys","node":{"username":"555193288772","passive":false,"userAgent":{"platform":"WEB","appVersion":{"primary":2,"secondary":3000,"tertiary":1023223821},"mcc":"000","mnc":"000","osVersion":"0.1","device":"Desktop","osBuildNumber":"0.1","releaseChannel":"RELEASE","localeLanguageIso6391":"en","localeCountryIso31661Alpha2":"US"},"webInfo":{"webSubPlatform":"WEB_BROWSER"},"connectType":"WIFI_UNKNOWN","connectReason":"USER_ACTIVATED","device":51,"pull":true},"msg":"logging in..."}
2025-08-29T19:11:54: {"level":30,"time":"2025-08-29T18:11:54.667Z","pid":19756,"hostname":"LAPTOP-R3IJ5HFS","class":"baileys","msg":"handled 0 offline messages/notifications"}
2025-08-29T19:11:54: {"level":30,"time":"2025-08-29T18:11:54.683Z","pid":19756,"hostname":"LAPTOP-R3IJ5HFS","class":"baileys","msg":"23 pre-keys found on server"}
2025-08-29T19:11:54: {"level":30,"time":"2025-08-29T18:11:54.827Z","pid":19756,"hostname":"LAPTOP-R3IJ5HFS","class":"baileys","msg":"opened connection to WA"}
2025-08-29T19:11:54: ✅ WhatsApp connected successfully!
2025-08-29T19:14:33: {"level":50,"time":"2025-08-29T18:14:33.389Z","pid":19756,"hostname":"LAPTOP-R3IJ5HFS","class":"baileys","key":{"remoteJid":"status@broadcast","fromMe":false,"id":"3A190C2097E50AAC415C","participant":"555191544444@s.whatsapp.net"},"err":{"type":"PreKeyError","message":"Invalid PreKey ID","stack":"PreKeyError: Invalid PreKey ID\n    at SessionBuilder.initIncoming (C:\\Users\\55519\\Desktop\\DIGITAL MARKETING\\SAAS AND APP DEVELOPMENT\\Caio Website Personal Brand\\caio_personal_brand_current_one\\node_modules\\libsignal\\src\\session_builder.js:66:19)\n    at async 555191544444.0 [as awaitable] (C:\\Users\\55519\\Desktop\\DIGITAL MARKETING\\SAAS AND APP DEVELOPMENT\\Caio Website Personal Brand\\caio_personal_brand_current_one\\node_modules\\libsignal\\src\\session_cipher.js:205:30)\n    at async _asyncQueueExecutor (C:\\Users\\55519\\Desktop\\DIGITAL MARKETING\\SAAS AND APP DEVELOPMENT\\Caio Website Personal Brand\\caio_personal_brand_current_one\\node_modules\\libsignal\\src\\queue_job.js:20:29)","name":"PreKeyError"},"msg":"failed to decrypt message"}
2025-08-29T19:14:33: {"level":50,"time":"2025-08-29T18:14:33.410Z","pid":19756,"hostname":"LAPTOP-R3IJ5HFS","class":"baileys","key":{"remoteJid":"status@broadcast","fromMe":false,"id":"3A190C2097E50AAC415C","participant":"555191544444@s.whatsapp.net"},"err":{"type":"Error","message":"No SenderKeyRecord found for decryption","stack":"Error: No SenderKeyRecord found for decryption\n    at status@broadcast::555191544444::0 [as awaitable] (C:\\Users\\55519\\Desktop\\DIGITAL MARKETING\\SAAS AND APP DEVELOPMENT\\Caio Website Personal Brand\\caio_personal_brand_current_one\\node_modules\\@whiskeysockets\\baileys\\WASignalGroup\\group_cipher.js:49:15)\n    at async _asyncQueueExecutor (C:\\Users\\55519\\Desktop\\DIGITAL MARKETING\\SAAS AND APP DEVELOPMENT\\Caio Website Personal Brand\\caio_personal_brand_current_one\\node_modules\\@whiskeysockets\\baileys\\WASignalGroup\\queue_job.js:20:29)"},"msg":"failed to decrypt message"}
2025-08-29T19:14:38: {"level":30,"time":"2025-08-29T18:14:38.492Z","pid":19756,"hostname":"LAPTOP-R3IJ5HFS","class":"baileys","msgAttrs":{"from":"status@broadcast","type":"media","id":"3A190C2097E50AAC415C","participant":"555191544444@s.whatsapp.net","participant_lid":"90379097522382@lid","notify":"Beto Carvalho","t":"1756491274"},"retryCount":1,"msg":"sent retry receipt"}
2025-08-29T19:14:40: {"level":50,"time":"2025-08-29T18:14:40.020Z","pid":19756,"hostname":"LAPTOP-R3IJ5HFS","class":"baileys","key":{"remoteJid":"status@broadcast","fromMe":false,"id":"3A190C2097E50AAC415C","participant":"555191544444@s.whatsapp.net"},"err":{"type":"PreKeyError","message":"Invalid PreKey ID","stack":"PreKeyError: Invalid PreKey ID\n    at SessionBuilder.initIncoming (C:\\Users\\55519\\Desktop\\DIGITAL MARKETING\\SAAS AND APP DEVELOPMENT\\Caio Website Personal Brand\\caio_personal_brand_current_one\\node_modules\\libsignal\\src\\session_builder.js:66:19)\n    at async 555191544444.0 [as awaitable] (C:\\Users\\55519\\Desktop\\DIGITAL MARKETING\\SAAS AND APP DEVELOPMENT\\Caio Website Personal Brand\\caio_personal_brand_current_one\\node_modules\\libsignal\\src\\session_cipher.js:205:30)\n    at async _asyncQueueExecutor (C:\\Users\\55519\\Desktop\\DIGITAL MARKETING\\SAAS AND APP DEVELOPMENT\\Caio Website Personal Brand\\caio_personal_brand_current_one\\node_modules\\libsignal\\src\\queue_job.js:20:29)","name":"PreKeyError"},"msg":"failed to decrypt message"}
2025-08-29T19:14:40: {"level":30,"time":"2025-08-29T18:14:40.043Z","pid":19756,"hostname":"LAPTOP-R3IJ5HFS","class":"baileys","msgAttrs":{"from":"status@broadcast","type":"media","id":"3A190C2097E50AAC415C","participant":"555191544444@s.whatsapp.net","participant_lid":"90379097522382@lid","notify":"Beto Carvalho","t":"1756491281"},"retryCount":2,"msg":"sent retry receipt"}
2025-08-29T19:14:40: {"level":50,"time":"2025-08-29T18:14:40.616Z","pid":19756,"hostname":"LAPTOP-R3IJ5HFS","class":"baileys","key":{"remoteJid":"status@broadcast","fromMe":false,"id":"3A190C2097E50AAC415C","participant":"555191544444@s.whatsapp.net"},"err":{"type":"PreKeyError","message":"Invalid PreKey ID","stack":"PreKeyError: Invalid PreKey ID\n    at SessionBuilder.initIncoming (C:\\Users\\55519\\Desktop\\DIGITAL MARKETING\\SAAS AND APP DEVELOPMENT\\Caio Website Personal Brand\\caio_personal_brand_current_one\\node_modules\\libsignal\\src\\session_builder.js:66:19)\n    at async 555191544444.0 [as awaitable] (C:\\Users\\55519\\Desktop\\DIGITAL MARKETING\\SAAS AND APP DEVELOPMENT\\Caio Website Personal Brand\\caio_personal_brand_current_one\\node_modules\\libsignal\\src\\session_cipher.js:205:30)\n    at async _asyncQueueExecutor (C:\\Users\\55519\\Desktop\\DIGITAL MARKETING\\SAAS AND APP DEVELOPMENT\\Caio Website Personal Brand\\caio_personal_brand_current_one\\node_modules\\libsignal\\src\\queue_job.js:20:29)","name":"PreKeyError"},"msg":"failed to decrypt message"}
2025-08-29T19:14:40: {"level":30,"time":"2025-08-29T18:14:40.620Z","pid":19756,"hostname":"LAPTOP-R3IJ5HFS","class":"baileys","msgAttrs":{"from":"status@broadcast","type":"media","id":"3A190C2097E50AAC415C","participant":"555191544444@s.whatsapp.net","participant_lid":"90379097522382@lid","notify":"Beto Carvalho","t":"1756491282"},"retryCount":3,"msg":"sent retry receipt"}
2025-08-29T19:14:41: {"level":50,"time":"2025-08-29T18:14:41.542Z","pid":19756,"hostname":"LAPTOP-R3IJ5HFS","class":"baileys","key":{"remoteJid":"status@broadcast","fromMe":false,"id":"3A190C2097E50AAC415C","participant":"555191544444@s.whatsapp.net"},"err":{"type":"PreKeyError","message":"Invalid PreKey ID","stack":"PreKeyError: Invalid PreKey ID\n    at SessionBuilder.initIncoming (C:\\Users\\55519\\Desktop\\DIGITAL MARKETING\\SAAS AND APP DEVELOPMENT\\Caio Website Personal Brand\\caio_personal_brand_current_one\\node_modules\\libsignal\\src\\session_builder.js:66:19)\n    at async 555191544444.0 [as awaitable] (C:\\Users\\55519\\Desktop\\DIGITAL MARKETING\\SAAS AND APP DEVELOPMENT\\Caio Website Personal Brand\\caio_personal_brand_current_one\\node_modules\\libsignal\\src\\session_cipher.js:205:30)\n    at async _asyncQueueExecutor (C:\\Users\\55519\\Desktop\\DIGITAL MARKETING\\SAAS AND APP DEVELOPMENT\\Caio Website Personal Brand\\caio_personal_brand_current_one\\node_modules\\libsignal\\src\\queue_job.js:20:29)","name":"PreKeyError"},"msg":"failed to decrypt message"}
2025-08-29T19:14:41: {"level":30,"time":"2025-08-29T18:14:41.545Z","pid":19756,"hostname":"LAPTOP-R3IJ5HFS","class":"baileys","msgAttrs":{"from":"status@broadcast","type":"media","id":"3A190C2097E50AAC415C","participant":"555191544444@s.whatsapp.net","participant_lid":"90379097522382@lid","notify":"Beto Carvalho","t":"1756491283"},"retryCount":4,"msg":"sent retry receipt"}
2025-08-29T19:14:42: {"level":50,"time":"2025-08-29T18:14:42.428Z","pid":19756,"hostname":"LAPTOP-R3IJ5HFS","class":"baileys","key":{"remoteJid":"status@broadcast","fromMe":false,"id":"3A190C2097E50AAC415C","participant":"555191544444@s.whatsapp.net"},"err":{"type":"PreKeyError","message":"Invalid PreKey ID","stack":"PreKeyError: Invalid PreKey ID\n    at SessionBuilder.initIncoming (C:\\Users\\55519\\Desktop\\DIGITAL MARKETING\\SAAS AND APP DEVELOPMENT\\Caio Website Personal Brand\\caio_personal_brand_current_one\\node_modules\\libsignal\\src\\session_builder.js:66:19)\n    at async 555191544444.0 [as awaitable] (C:\\Users\\55519\\Desktop\\DIGITAL MARKETING\\SAAS AND APP DEVELOPMENT\\Caio Website Personal Brand\\caio_personal_brand_current_one\\node_modules\\libsignal\\src\\session_cipher.js:205:30)\n    at async _asyncQueueExecutor (C:\\Users\\55519\\Desktop\\DIGITAL MARKETING\\SAAS AND APP DEVELOPMENT\\Caio Website Personal Brand\\caio_personal_brand_current_one\\node_modules\\libsignal\\src\\queue_job.js:20:29)","name":"PreKeyError"},"msg":"failed to decrypt message"}
2025-08-29T19:14:42: {"level":30,"time":"2025-08-29T18:14:42.430Z","pid":19756,"hostname":"LAPTOP-R3IJ5HFS","class":"baileys","msgAttrs":{"from":"status@broadcast","type":"media","id":"3A190C2097E50AAC415C","participant":"555191544444@s.whatsapp.net","participant_lid":"90379097522382@lid","notify":"Beto Carvalho","t":"1756491284"},"retryCount":5,"msg":"sent retry receipt"}
2025-08-29T19:15:49: {"level":50,"time":"2025-08-29T18:15:49.957Z","pid":19756,"hostname":"LAPTOP-R3IJ5HFS","class":"baileys","node":{"tag":"stream:error","attrs":{},"content":[{"tag":"conflict","attrs":{"type":"replaced"}}]},"msg":"stream errored out"}
2025-08-29T19:15:49: {"level":30,"time":"2025-08-29T18:15:49.995Z","pid":19756,"hostname":"LAPTOP-R3IJ5HFS","class":"baileys","trace":"Error: Stream Errored (conflict)\n    at WebSocketClient.<anonymous> (C:\\Users\\55519\\Desktop\\DIGITAL MARKETING\\SAAS AND APP DEVELOPMENT\\Caio Website Personal Brand\\caio_personal_brand_current_one\\node_modules\\@whiskeysockets\\baileys\\lib\\Socket\\socket.js:524:13)\n    at WebSocketClient.emit (node:events:518:28)\n    at C:\\Users\\55519\\Desktop\\DIGITAL MARKETING\\SAAS AND APP DEVELOPMENT\\Caio Website Personal Brand\\caio_personal_brand_current_one\\node_modules\\@whiskeysockets\\baileys\\lib\\Socket\\socket.js:241:35\n    at Object.decodeFrame (C:\\Users\\55519\\Desktop\\DIGITAL MARKETING\\SAAS AND APP DEVELOPMENT\\Caio Website Personal Brand\\caio_personal_brand_current_one\\node_modules\\@whiskeysockets\\baileys\\lib\\Utils\\noise-handler.js:144:17)\n    at process.processTicksAndRejections (node:internal/process/task_queues:105:5)","msg":"connection errored"}
2025-08-29T19:15:50: 🔄 Scheduling reconnect attempt 1/10 in 5s...
2025-08-29T19:15:55: 🚀 Starting WhatsApp service...
2025-08-29T19:15:55: 📱 WhatsApp service started. Waiting for connection...
2025-08-29T19:15:55: {"level":30,"time":"2025-08-29T18:15:55.370Z","pid":19756,"hostname":"LAPTOP-R3IJ5HFS","class":"baileys","browser":["Chrome (Linux)","",""],"helloMsg":{"clientHello":{"ephemeral":"yV53yDuWmSw1uPy171Xbpz41NBpH1L8z73/I20QQKC8="}},"msg":"connected to WA"}
2025-08-29T19:15:55: {"level":30,"time":"2025-08-29T18:15:55.545Z","pid":19756,"hostname":"LAPTOP-R3IJ5HFS","class":"baileys","node":{"username":"555193288772","passive":false,"userAgent":{"platform":"WEB","appVersion":{"primary":2,"secondary":3000,"tertiary":1023223821},"mcc":"000","mnc":"000","osVersion":"0.1","device":"Desktop","osBuildNumber":"0.1","releaseChannel":"RELEASE","localeLanguageIso6391":"en","localeCountryIso31661Alpha2":"US"},"webInfo":{"webSubPlatform":"WEB_BROWSER"},"connectType":"WIFI_UNKNOWN","connectReason":"USER_ACTIVATED","device":51,"pull":true},"msg":"logging in..."}
2025-08-29T19:15:55: {"level":30,"time":"2025-08-29T18:15:55.891Z","pid":19756,"hostname":"LAPTOP-R3IJ5HFS","class":"baileys","msg":"19 pre-keys found on server"}
2025-08-29T19:15:55: {"level":30,"time":"2025-08-29T18:15:55.951Z","pid":19756,"hostname":"LAPTOP-R3IJ5HFS","class":"baileys","msg":"handled 0 offline messages/notifications"}
2025-08-29T19:15:56: {"level":30,"time":"2025-08-29T18:15:56.027Z","pid":19756,"hostname":"LAPTOP-R3IJ5HFS","class":"baileys","msg":"opened connection to WA"}
2025-08-29T19:15:56: ✅ WhatsApp connected successfully!
2025-08-29T19:16:07: {"level":50,"time":"2025-08-29T18:16:07.227Z","pid":19756,"hostname":"LAPTOP-R3IJ5HFS","class":"baileys","node":{"tag":"stream:error","attrs":{},"content":[{"tag":"conflict","attrs":{"type":"replaced"}}]},"msg":"stream errored out"}
2025-08-29T19:16:07: {"level":30,"time":"2025-08-29T18:16:07.228Z","pid":19756,"hostname":"LAPTOP-R3IJ5HFS","class":"baileys","trace":"Error: Stream Errored (conflict)\n    at WebSocketClient.<anonymous> (C:\\Users\\55519\\Desktop\\DIGITAL MARKETING\\SAAS AND APP DEVELOPMENT\\Caio Website Personal Brand\\caio_personal_brand_current_one\\node_modules\\@whiskeysockets\\baileys\\lib\\Socket\\socket.js:524:13)\n    at WebSocketClient.emit (node:events:518:28)\n    at C:\\Users\\55519\\Desktop\\DIGITAL MARKETING\\SAAS AND APP DEVELOPMENT\\Caio Website Personal Brand\\caio_personal_brand_current_one\\node_modules\\@whiskeysockets\\baileys\\lib\\Socket\\socket.js:241:35\n    at Object.decodeFrame (C:\\Users\\55519\\Desktop\\DIGITAL MARKETING\\SAAS AND APP DEVELOPMENT\\Caio Website Personal Brand\\caio_personal_brand_current_one\\node_modules\\@whiskeysockets\\baileys\\lib\\Utils\\noise-handler.js:144:17)\n    at process.processTicksAndRejections (node:internal/process/task_queues:105:5)","msg":"connection errored"}
2025-08-29T19:16:07: 🔄 Scheduling reconnect attempt 1/10 in 5s...
2025-08-29T19:16:12: 🚀 Starting WhatsApp service...
2025-08-29T19:16:12: 📱 WhatsApp service started. Waiting for connection...
2025-08-29T19:16:12: {"level":30,"time":"2025-08-29T18:16:12.865Z","pid":19756,"hostname":"LAPTOP-R3IJ5HFS","class":"baileys","browser":["Chrome (Linux)","",""],"helloMsg":{"clientHello":{"ephemeral":"p8HQKFnGMptfbSPtGcyYD1J7IFcp2yA9CCXeGkpNing="}},"msg":"connected to WA"}
2025-08-29T19:16:12: {"level":30,"time":"2025-08-29T18:16:12.939Z","pid":19756,"hostname":"LAPTOP-R3IJ5HFS","class":"baileys","node":{"username":"555193288772","passive":false,"userAgent":{"platform":"WEB","appVersion":{"primary":2,"secondary":3000,"tertiary":1023223821},"mcc":"000","mnc":"000","osVersion":"0.1","device":"Desktop","osBuildNumber":"0.1","releaseChannel":"RELEASE","localeLanguageIso6391":"en","localeCountryIso31661Alpha2":"US"},"webInfo":{"webSubPlatform":"WEB_BROWSER"},"connectType":"WIFI_UNKNOWN","connectReason":"USER_ACTIVATED","device":51,"pull":true},"msg":"logging in..."}
2025-08-29T19:16:13: {"level":30,"time":"2025-08-29T18:16:13.501Z","pid":19756,"hostname":"LAPTOP-R3IJ5HFS","class":"baileys","msg":"19 pre-keys found on server"}
2025-08-29T19:16:13: {"level":30,"time":"2025-08-29T18:16:13.523Z","pid":19756,"hostname":"LAPTOP-R3IJ5HFS","class":"baileys","msg":"handled 0 offline messages/notifications"}
2025-08-29T19:16:13: {"level":30,"time":"2025-08-29T18:16:13.563Z","pid":19756,"hostname":"LAPTOP-R3IJ5HFS","class":"baileys","msg":"opened connection to WA"}
2025-08-29T19:16:13: ✅ WhatsApp connected successfully!
2025-08-29T19:16:19: {"level":50,"time":"2025-08-29T18:16:19.255Z","pid":19756,"hostname":"LAPTOP-R3IJ5HFS","class":"baileys","node":{"tag":"stream:error","attrs":{},"content":[{"tag":"conflict","attrs":{"type":"replaced"}}]},"msg":"stream errored out"}
2025-08-29T19:16:19: {"level":30,"time":"2025-08-29T18:16:19.256Z","pid":19756,"hostname":"LAPTOP-R3IJ5HFS","class":"baileys","trace":"Error: Stream Errored (conflict)\n    at WebSocketClient.<anonymous> (C:\\Users\\55519\\Desktop\\DIGITAL MARKETING\\SAAS AND APP DEVELOPMENT\\Caio Website Personal Brand\\caio_personal_brand_current_one\\node_modules\\@whiskeysockets\\baileys\\lib\\Socket\\socket.js:524:13)\n    at WebSocketClient.emit (node:events:518:28)\n    at C:\\Users\\55519\\Desktop\\DIGITAL MARKETING\\SAAS AND APP DEVELOPMENT\\Caio Website Personal Brand\\caio_personal_brand_current_one\\node_modules\\@whiskeysockets\\baileys\\lib\\Socket\\socket.js:241:35\n    at Object.decodeFrame (C:\\Users\\55519\\Desktop\\DIGITAL MARKETING\\SAAS AND APP DEVELOPMENT\\Caio Website Personal Brand\\caio_personal_brand_current_one\\node_modules\\@whiskeysockets\\baileys\\lib\\Utils\\noise-handler.js:144:17)\n    at process.processTicksAndRejections (node:internal/process/task_queues:105:5)","msg":"connection errored"}
2025-08-29T19:16:19: 🔄 Scheduling reconnect attempt 1/10 in 5s...
2025-08-29T19:16:24: 🚀 Starting WhatsApp service...
2025-08-29T19:16:24: 📱 WhatsApp service started. Waiting for connection...
2025-08-29T19:16:24: {"level":30,"time":"2025-08-29T18:16:24.977Z","pid":19756,"hostname":"LAPTOP-R3IJ5HFS","class":"baileys","browser":["Chrome (Linux)","",""],"helloMsg":{"clientHello":{"ephemeral":"LF80sGRtYnHZoTMR/s/iLIcj3ZVSBUs3FzOsxp7MhF0="}},"msg":"connected to WA"}
2025-08-29T19:16:25: {"level":30,"time":"2025-08-29T18:16:25.119Z","pid":19756,"hostname":"LAPTOP-R3IJ5HFS","class":"baileys","node":{"username":"555193288772","passive":false,"userAgent":{"platform":"WEB","appVersion":{"primary":2,"secondary":3000,"tertiary":1023223821},"mcc":"000","mnc":"000","osVersion":"0.1","device":"Desktop","osBuildNumber":"0.1","releaseChannel":"RELEASE","localeLanguageIso6391":"en","localeCountryIso31661Alpha2":"US"},"webInfo":{"webSubPlatform":"WEB_BROWSER"},"connectType":"WIFI_UNKNOWN","connectReason":"USER_ACTIVATED","device":51,"pull":true},"msg":"logging in..."}
2025-08-29T19:16:25: {"level":30,"time":"2025-08-29T18:16:25.548Z","pid":19756,"hostname":"LAPTOP-R3IJ5HFS","class":"baileys","msg":"19 pre-keys found on server"}
2025-08-29T19:16:25: {"level":30,"time":"2025-08-29T18:16:25.552Z","pid":19756,"hostname":"LAPTOP-R3IJ5HFS","class":"baileys","msg":"handled 0 offline messages/notifications"}
2025-08-29T19:16:25: {"level":30,"time":"2025-08-29T18:16:25.685Z","pid":19756,"hostname":"LAPTOP-R3IJ5HFS","class":"baileys","msg":"opened connection to WA"}
2025-08-29T19:16:25: ✅ WhatsApp connected successfully!
2025-08-29T19:16:31: {"level":50,"time":"2025-08-29T18:16:31.543Z","pid":19756,"hostname":"LAPTOP-R3IJ5HFS","class":"baileys","node":{"tag":"stream:error","attrs":{},"content":[{"tag":"conflict","attrs":{"type":"replaced"}}]},"msg":"stream errored out"}
2025-08-29T19:16:31: {"level":30,"time":"2025-08-29T18:16:31.543Z","pid":19756,"hostname":"LAPTOP-R3IJ5HFS","class":"baileys","trace":"Error: Stream Errored (conflict)\n    at WebSocketClient.<anonymous> (C:\\Users\\55519\\Desktop\\DIGITAL MARKETING\\SAAS AND APP DEVELOPMENT\\Caio Website Personal Brand\\caio_personal_brand_current_one\\node_modules\\@whiskeysockets\\baileys\\lib\\Socket\\socket.js:524:13)\n    at WebSocketClient.emit (node:events:518:28)\n    at C:\\Users\\55519\\Desktop\\DIGITAL MARKETING\\SAAS AND APP DEVELOPMENT\\Caio Website Personal Brand\\caio_personal_brand_current_one\\node_modules\\@whiskeysockets\\baileys\\lib\\Socket\\socket.js:241:35\n    at Object.decodeFrame (C:\\Users\\55519\\Desktop\\DIGITAL MARKETING\\SAAS AND APP DEVELOPMENT\\Caio Website Personal Brand\\caio_personal_brand_current_one\\node_modules\\@whiskeysockets\\baileys\\lib\\Utils\\noise-handler.js:144:17)\n    at process.processTicksAndRejections (node:internal/process/task_queues:105:5)","msg":"connection errored"}
2025-08-29T19:16:31: 🔄 Scheduling reconnect attempt 1/10 in 5s...
2025-08-29T19:16:36: 🚀 Starting WhatsApp service...
2025-08-29T19:16:36: 📱 WhatsApp service started. Waiting for connection...
2025-08-29T19:16:36: {"level":30,"time":"2025-08-29T18:16:36.856Z","pid":19756,"hostname":"LAPTOP-R3IJ5HFS","class":"baileys","browser":["Chrome (Linux)","",""],"helloMsg":{"clientHello":{"ephemeral":"hXSios8qQpu4Qk4CWx1XOjHOiSi0/G1MRXxbliUW61U="}},"msg":"connected to WA"}
2025-08-29T19:16:37: {"level":30,"time":"2025-08-29T18:16:37.020Z","pid":19756,"hostname":"LAPTOP-R3IJ5HFS","class":"baileys","node":{"username":"555193288772","passive":false,"userAgent":{"platform":"WEB","appVersion":{"primary":2,"secondary":3000,"tertiary":1023223821},"mcc":"000","mnc":"000","osVersion":"0.1","device":"Desktop","osBuildNumber":"0.1","releaseChannel":"RELEASE","localeLanguageIso6391":"en","localeCountryIso31661Alpha2":"US"},"webInfo":{"webSubPlatform":"WEB_BROWSER"},"connectType":"WIFI_UNKNOWN","connectReason":"USER_ACTIVATED","device":51,"pull":true},"msg":"logging in..."}
2025-08-29T19:16:37: {"level":30,"time":"2025-08-29T18:16:37.510Z","pid":19756,"hostname":"LAPTOP-R3IJ5HFS","class":"baileys","msg":"handled 0 offline messages/notifications"}
2025-08-29T19:16:37: {"level":30,"time":"2025-08-29T18:16:37.513Z","pid":19756,"hostname":"LAPTOP-R3IJ5HFS","class":"baileys","msg":"19 pre-keys found on server"}
2025-08-29T19:16:37: {"level":30,"time":"2025-08-29T18:16:37.649Z","pid":19756,"hostname":"LAPTOP-R3IJ5HFS","class":"baileys","msg":"opened connection to WA"}
2025-08-29T19:16:37: ✅ WhatsApp connected successfully!
2025-08-29T19:16:43: {"level":50,"time":"2025-08-29T18:16:43.231Z","pid":19756,"hostname":"LAPTOP-R3IJ5HFS","class":"baileys","node":{"tag":"stream:error","attrs":{},"content":[{"tag":"conflict","attrs":{"type":"replaced"}}]},"msg":"stream errored out"}
2025-08-29T19:16:43: {"level":30,"time":"2025-08-29T18:16:43.231Z","pid":19756,"hostname":"LAPTOP-R3IJ5HFS","class":"baileys","trace":"Error: Stream Errored (conflict)\n    at WebSocketClient.<anonymous> (C:\\Users\\55519\\Desktop\\DIGITAL MARKETING\\SAAS AND APP DEVELOPMENT\\Caio Website Personal Brand\\caio_personal_brand_current_one\\node_modules\\@whiskeysockets\\baileys\\lib\\Socket\\socket.js:524:13)\n    at WebSocketClient.emit (node:events:518:28)\n    at C:\\Users\\55519\\Desktop\\DIGITAL MARKETING\\SAAS AND APP DEVELOPMENT\\Caio Website Personal Brand\\caio_personal_brand_current_one\\node_modules\\@whiskeysockets\\baileys\\lib\\Socket\\socket.js:241:35\n    at Object.decodeFrame (C:\\Users\\55519\\Desktop\\DIGITAL MARKETING\\SAAS AND APP DEVELOPMENT\\Caio Website Personal Brand\\caio_personal_brand_current_one\\node_modules\\@whiskeysockets\\baileys\\lib\\Utils\\noise-handler.js:144:17)\n    at process.processTicksAndRejections (node:internal/process/task_queues:105:5)","msg":"connection errored"}
2025-08-29T19:16:43: 🔄 Scheduling reconnect attempt 1/10 in 5s...
2025-08-29T19:16:48: 🚀 Starting WhatsApp service...
2025-08-29T19:16:48: 📱 WhatsApp service started. Waiting for connection...
2025-08-29T19:16:48: {"level":30,"time":"2025-08-29T18:16:48.464Z","pid":19756,"hostname":"LAPTOP-R3IJ5HFS","class":"baileys","browser":["Chrome (Linux)","",""],"helloMsg":{"clientHello":{"ephemeral":"HvWyQ6WxW6SyTrceAx+vmAOI67tieojYoq04A3O01Q4="}},"msg":"connected to WA"}
2025-08-29T19:16:48: {"level":30,"time":"2025-08-29T18:16:48.638Z","pid":19756,"hostname":"LAPTOP-R3IJ5HFS","class":"baileys","node":{"username":"555193288772","passive":false,"userAgent":{"platform":"WEB","appVersion":{"primary":2,"secondary":3000,"tertiary":1023223821},"mcc":"000","mnc":"000","osVersion":"0.1","device":"Desktop","osBuildNumber":"0.1","releaseChannel":"RELEASE","localeLanguageIso6391":"en","localeCountryIso31661Alpha2":"US"},"webInfo":{"webSubPlatform":"WEB_BROWSER"},"connectType":"WIFI_UNKNOWN","connectReason":"USER_ACTIVATED","device":51,"pull":true},"msg":"logging in..."}
2025-08-29T19:16:49: {"level":30,"time":"2025-08-29T18:16:49.345Z","pid":19756,"hostname":"LAPTOP-R3IJ5HFS","class":"baileys","msg":"handled 0 offline messages/notifications"}
2025-08-29T19:16:49: {"level":30,"time":"2025-08-29T18:16:49.572Z","pid":19756,"hostname":"LAPTOP-R3IJ5HFS","class":"baileys","msg":"19 pre-keys found on server"}
2025-08-29T19:16:49: {"level":30,"time":"2025-08-29T18:16:49.741Z","pid":19756,"hostname":"LAPTOP-R3IJ5HFS","class":"baileys","msg":"opened connection to WA"}
2025-08-29T19:16:49: ✅ WhatsApp connected successfully!
2025-08-29T19:16:56: {"level":50,"time":"2025-08-29T18:16:56.347Z","pid":19756,"hostname":"LAPTOP-R3IJ5HFS","class":"baileys","node":{"tag":"stream:error","attrs":{},"content":[{"tag":"conflict","attrs":{"type":"replaced"}}]},"msg":"stream errored out"}
2025-08-29T19:16:56: {"level":30,"time":"2025-08-29T18:16:56.348Z","pid":19756,"hostname":"LAPTOP-R3IJ5HFS","class":"baileys","trace":"Error: Stream Errored (conflict)\n    at WebSocketClient.<anonymous> (C:\\Users\\55519\\Desktop\\DIGITAL MARKETING\\SAAS AND APP DEVELOPMENT\\Caio Website Personal Brand\\caio_personal_brand_current_one\\node_modules\\@whiskeysockets\\baileys\\lib\\Socket\\socket.js:524:13)\n    at WebSocketClient.emit (node:events:518:28)\n    at C:\\Users\\55519\\Desktop\\DIGITAL MARKETING\\SAAS AND APP DEVELOPMENT\\Caio Website Personal Brand\\caio_personal_brand_current_one\\node_modules\\@whiskeysockets\\baileys\\lib\\Socket\\socket.js:241:35\n    at Object.decodeFrame (C:\\Users\\55519\\Desktop\\DIGITAL MARKETING\\SAAS AND APP DEVELOPMENT\\Caio Website Personal Brand\\caio_personal_brand_current_one\\node_modules\\@whiskeysockets\\baileys\\lib\\Utils\\noise-handler.js:144:17)\n    at process.processTicksAndRejections (node:internal/process/task_queues:105:5)","msg":"connection errored"}
2025-08-29T19:16:56: 🔄 Scheduling reconnect attempt 1/10 in 5s...
2025-08-29T19:17:01: 🚀 Starting WhatsApp service...
2025-08-29T19:17:01: 📱 WhatsApp service started. Waiting for connection...
2025-08-29T19:17:01: {"level":30,"time":"2025-08-29T18:17:01.702Z","pid":19756,"hostname":"LAPTOP-R3IJ5HFS","class":"baileys","browser":["Chrome (Linux)","",""],"helloMsg":{"clientHello":{"ephemeral":"OvWoW1t+bj/9suIgDv8oJDWC8jW1PqaZg3h879I3HTE="}},"msg":"connected to WA"}
2025-08-29T19:17:01: {"level":30,"time":"2025-08-29T18:17:01.843Z","pid":19756,"hostname":"LAPTOP-R3IJ5HFS","class":"baileys","node":{"username":"555193288772","passive":false,"userAgent":{"platform":"WEB","appVersion":{"primary":2,"secondary":3000,"tertiary":1023223821},"mcc":"000","mnc":"000","osVersion":"0.1","device":"Desktop","osBuildNumber":"0.1","releaseChannel":"RELEASE","localeLanguageIso6391":"en","localeCountryIso31661Alpha2":"US"},"webInfo":{"webSubPlatform":"WEB_BROWSER"},"connectType":"WIFI_UNKNOWN","connectReason":"USER_ACTIVATED","device":51,"pull":true},"msg":"logging in..."}
2025-08-29T19:17:02: {"level":30,"time":"2025-08-29T18:17:02.185Z","pid":19756,"hostname":"LAPTOP-R3IJ5HFS","class":"baileys","msg":"19 pre-keys found on server"}
2025-08-29T19:17:02: {"level":30,"time":"2025-08-29T18:17:02.243Z","pid":19756,"hostname":"LAPTOP-R3IJ5HFS","class":"baileys","msg":"handled 0 offline messages/notifications"}
2025-08-29T19:17:02: {"level":30,"time":"2025-08-29T18:17:02.321Z","pid":19756,"hostname":"LAPTOP-R3IJ5HFS","class":"baileys","msg":"opened connection to WA"}
2025-08-29T19:17:02: ✅ WhatsApp connected successfully!
2025-08-29T19:17:08: {"level":50,"time":"2025-08-29T18:17:08.109Z","pid":19756,"hostname":"LAPTOP-R3IJ5HFS","class":"baileys","node":{"tag":"stream:error","attrs":{},"content":[{"tag":"conflict","attrs":{"type":"replaced"}}]},"msg":"stream errored out"}
2025-08-29T19:17:08: {"level":30,"time":"2025-08-29T18:17:08.111Z","pid":19756,"hostname":"LAPTOP-R3IJ5HFS","class":"baileys","trace":"Error: Stream Errored (conflict)\n    at WebSocketClient.<anonymous> (C:\\Users\\55519\\Desktop\\DIGITAL MARKETING\\SAAS AND APP DEVELOPMENT\\Caio Website Personal Brand\\caio_personal_brand_current_one\\node_modules\\@whiskeysockets\\baileys\\lib\\Socket\\socket.js:524:13)\n    at WebSocketClient.emit (node:events:518:28)\n    at C:\\Users\\55519\\Desktop\\DIGITAL MARKETING\\SAAS AND APP DEVELOPMENT\\Caio Website Personal Brand\\caio_personal_brand_current_one\\node_modules\\@whiskeysockets\\baileys\\lib\\Socket\\socket.js:241:35\n    at Object.decodeFrame (C:\\Users\\55519\\Desktop\\DIGITAL MARKETING\\SAAS AND APP DEVELOPMENT\\Caio Website Personal Brand\\caio_personal_brand_current_one\\node_modules\\@whiskeysockets\\baileys\\lib\\Utils\\noise-handler.js:144:17)\n    at process.processTicksAndRejections (node:internal/process/task_queues:105:5)","msg":"connection errored"}
2025-08-29T19:17:08: 🔄 Scheduling reconnect attempt 1/10 in 5s...
2025-08-29T19:17:13: 🚀 Starting WhatsApp service...
2025-08-29T19:17:13: 📱 WhatsApp service started. Waiting for connection...
2025-08-29T19:17:13: {"level":30,"time":"2025-08-29T18:17:13.396Z","pid":19756,"hostname":"LAPTOP-R3IJ5HFS","class":"baileys","browser":["Chrome (Linux)","",""],"helloMsg":{"clientHello":{"ephemeral":"x6ssI31TY2f/ZIkeocEEf1XFz34c/SJGZ6BKF9+GLWA="}},"msg":"connected to WA"}
2025-08-29T19:17:13: {"level":30,"time":"2025-08-29T18:17:13.570Z","pid":19756,"hostname":"LAPTOP-R3IJ5HFS","class":"baileys","node":{"username":"555193288772","passive":false,"userAgent":{"platform":"WEB","appVersion":{"primary":2,"secondary":3000,"tertiary":1023223821},"mcc":"000","mnc":"000","osVersion":"0.1","device":"Desktop","osBuildNumber":"0.1","releaseChannel":"RELEASE","localeLanguageIso6391":"en","localeCountryIso31661Alpha2":"US"},"webInfo":{"webSubPlatform":"WEB_BROWSER"},"connectType":"WIFI_UNKNOWN","connectReason":"USER_ACTIVATED","device":51,"pull":true},"msg":"logging in..."}
2025-08-29T19:17:14: {"level":30,"time":"2025-08-29T18:17:14.061Z","pid":19756,"hostname":"LAPTOP-R3IJ5HFS","class":"baileys","msg":"19 pre-keys found on server"}
2025-08-29T19:17:14: {"level":30,"time":"2025-08-29T18:17:14.113Z","pid":19756,"hostname":"LAPTOP-R3IJ5HFS","class":"baileys","msg":"handled 0 offline messages/notifications"}
2025-08-29T19:17:14: {"level":30,"time":"2025-08-29T18:17:14.229Z","pid":19756,"hostname":"LAPTOP-R3IJ5HFS","class":"baileys","msg":"opened connection to WA"}
2025-08-29T19:17:14: ✅ WhatsApp connected successfully!
2025-08-29T19:17:19: {"level":50,"time":"2025-08-29T18:17:19.689Z","pid":19756,"hostname":"LAPTOP-R3IJ5HFS","class":"baileys","node":{"tag":"stream:error","attrs":{},"content":[{"tag":"conflict","attrs":{"type":"replaced"}}]},"msg":"stream errored out"}
2025-08-29T19:17:19: {"level":30,"time":"2025-08-29T18:17:19.689Z","pid":19756,"hostname":"LAPTOP-R3IJ5HFS","class":"baileys","trace":"Error: Stream Errored (conflict)\n    at WebSocketClient.<anonymous> (C:\\Users\\55519\\Desktop\\DIGITAL MARKETING\\SAAS AND APP DEVELOPMENT\\Caio Website Personal Brand\\caio_personal_brand_current_one\\node_modules\\@whiskeysockets\\baileys\\lib\\Socket\\socket.js:524:13)\n    at WebSocketClient.emit (node:events:518:28)\n    at C:\\Users\\55519\\Desktop\\DIGITAL MARKETING\\SAAS AND APP DEVELOPMENT\\Caio Website Personal Brand\\caio_personal_brand_current_one\\node_modules\\@whiskeysockets\\baileys\\lib\\Socket\\socket.js:241:35\n    at Object.decodeFrame (C:\\Users\\55519\\Desktop\\DIGITAL MARKETING\\SAAS AND APP DEVELOPMENT\\Caio Website Personal Brand\\caio_personal_brand_current_one\\node_modules\\@whiskeysockets\\baileys\\lib\\Utils\\noise-handler.js:144:17)\n    at process.processTicksAndRejections (node:internal/process/task_queues:105:5)","msg":"connection errored"}
2025-08-29T19:17:19: 🔄 Scheduling reconnect attempt 1/10 in 5s...
2025-08-29T19:17:24: 🚀 Starting WhatsApp service...
2025-08-29T19:17:24: 📱 WhatsApp service started. Waiting for connection...
2025-08-29T19:17:25: {"level":30,"time":"2025-08-29T18:17:25.145Z","pid":19756,"hostname":"LAPTOP-R3IJ5HFS","class":"baileys","browser":["Chrome (Linux)","",""],"helloMsg":{"clientHello":{"ephemeral":"lXtA4ZSXA5CPeArUsxkHYUpjy6xgs75w4E9oWvVuVyc="}},"msg":"connected to WA"}
2025-08-29T19:17:25: {"level":30,"time":"2025-08-29T18:17:25.306Z","pid":19756,"hostname":"LAPTOP-R3IJ5HFS","class":"baileys","node":{"username":"555193288772","passive":false,"userAgent":{"platform":"WEB","appVersion":{"primary":2,"secondary":3000,"tertiary":1023223821},"mcc":"000","mnc":"000","osVersion":"0.1","device":"Desktop","osBuildNumber":"0.1","releaseChannel":"RELEASE","localeLanguageIso6391":"en","localeCountryIso31661Alpha2":"US"},"webInfo":{"webSubPlatform":"WEB_BROWSER"},"connectType":"WIFI_UNKNOWN","connectReason":"USER_ACTIVATED","device":51,"pull":true},"msg":"logging in..."}
2025-08-29T19:17:25: {"level":30,"time":"2025-08-29T18:17:25.653Z","pid":19756,"hostname":"LAPTOP-R3IJ5HFS","class":"baileys","msg":"handled 0 offline messages/notifications"}
2025-08-29T19:17:25: {"level":30,"time":"2025-08-29T18:17:25.670Z","pid":19756,"hostname":"LAPTOP-R3IJ5HFS","class":"baileys","msg":"19 pre-keys found on server"}
2025-08-29T19:17:25: {"level":30,"time":"2025-08-29T18:17:25.813Z","pid":19756,"hostname":"LAPTOP-R3IJ5HFS","class":"baileys","msg":"opened connection to WA"}
2025-08-29T19:17:25: ✅ WhatsApp connected successfully!
2025-08-29T19:17:31: {"level":50,"time":"2025-08-29T18:17:31.469Z","pid":19756,"hostname":"LAPTOP-R3IJ5HFS","class":"baileys","node":{"tag":"stream:error","attrs":{},"content":[{"tag":"conflict","attrs":{"type":"replaced"}}]},"msg":"stream errored out"}
2025-08-29T19:17:31: {"level":30,"time":"2025-08-29T18:17:31.469Z","pid":19756,"hostname":"LAPTOP-R3IJ5HFS","class":"baileys","trace":"Error: Stream Errored (conflict)\n    at WebSocketClient.<anonymous> (C:\\Users\\55519\\Desktop\\DIGITAL MARKETING\\SAAS AND APP DEVELOPMENT\\Caio Website Personal Brand\\caio_personal_brand_current_one\\node_modules\\@whiskeysockets\\baileys\\lib\\Socket\\socket.js:524:13)\n    at WebSocketClient.emit (node:events:518:28)\n    at C:\\Users\\55519\\Desktop\\DIGITAL MARKETING\\SAAS AND APP DEVELOPMENT\\Caio Website Personal Brand\\caio_personal_brand_current_one\\node_modules\\@whiskeysockets\\baileys\\lib\\Socket\\socket.js:241:35\n    at Object.decodeFrame (C:\\Users\\55519\\Desktop\\DIGITAL MARKETING\\SAAS AND APP DEVELOPMENT\\Caio Website Personal Brand\\caio_personal_brand_current_one\\node_modules\\@whiskeysockets\\baileys\\lib\\Utils\\noise-handler.js:144:17)\n    at process.processTicksAndRejections (node:internal/process/task_queues:105:5)","msg":"connection errored"}
2025-08-29T19:17:31: 🔄 Scheduling reconnect attempt 1/10 in 5s...
2025-08-29T19:17:36: 🚀 Starting WhatsApp service...
2025-08-29T19:17:36: 📱 WhatsApp service started. Waiting for connection...
2025-08-29T19:17:36: {"level":30,"time":"2025-08-29T18:17:36.704Z","pid":19756,"hostname":"LAPTOP-R3IJ5HFS","class":"baileys","browser":["Chrome (Linux)","",""],"helloMsg":{"clientHello":{"ephemeral":"btHx/QmN0q7ieeZTlXdo0+wjg/E/X5EAHjGl1h7xH3Q="}},"msg":"connected to WA"}
2025-08-29T19:17:36: {"level":30,"time":"2025-08-29T18:17:36.879Z","pid":19756,"hostname":"LAPTOP-R3IJ5HFS","class":"baileys","node":{"username":"555193288772","passive":false,"userAgent":{"platform":"WEB","appVersion":{"primary":2,"secondary":3000,"tertiary":1023223821},"mcc":"000","mnc":"000","osVersion":"0.1","device":"Desktop","osBuildNumber":"0.1","releaseChannel":"RELEASE","localeLanguageIso6391":"en","localeCountryIso31661Alpha2":"US"},"webInfo":{"webSubPlatform":"WEB_BROWSER"},"connectType":"WIFI_UNKNOWN","connectReason":"USER_ACTIVATED","device":51,"pull":true},"msg":"logging in..."}
2025-08-29T19:17:37: {"level":30,"time":"2025-08-29T18:17:37.389Z","pid":19756,"hostname":"LAPTOP-R3IJ5HFS","class":"baileys","msg":"19 pre-keys found on server"}
2025-08-29T19:17:37: {"level":30,"time":"2025-08-29T18:17:37.449Z","pid":19756,"hostname":"LAPTOP-R3IJ5HFS","class":"baileys","msg":"handled 0 offline messages/notifications"}
2025-08-29T19:17:37: {"level":30,"time":"2025-08-29T18:17:37.560Z","pid":19756,"hostname":"LAPTOP-R3IJ5HFS","class":"baileys","msg":"opened connection to WA"}
2025-08-29T19:17:37: ✅ WhatsApp connected successfully!
2025-08-29T19:17:43: {"level":50,"time":"2025-08-29T18:17:43.171Z","pid":19756,"hostname":"LAPTOP-R3IJ5HFS","class":"baileys","node":{"tag":"stream:error","attrs":{},"content":[{"tag":"conflict","attrs":{"type":"replaced"}}]},"msg":"stream errored out"}
2025-08-29T19:17:43: {"level":30,"time":"2025-08-29T18:17:43.172Z","pid":19756,"hostname":"LAPTOP-R3IJ5HFS","class":"baileys","trace":"Error: Stream Errored (conflict)\n    at WebSocketClient.<anonymous> (C:\\Users\\55519\\Desktop\\DIGITAL MARKETING\\SAAS AND APP DEVELOPMENT\\Caio Website Personal Brand\\caio_personal_brand_current_one\\node_modules\\@whiskeysockets\\baileys\\lib\\Socket\\socket.js:524:13)\n    at WebSocketClient.emit (node:events:518:28)\n    at C:\\Users\\55519\\Desktop\\DIGITAL MARKETING\\SAAS AND APP DEVELOPMENT\\Caio Website Personal Brand\\caio_personal_brand_current_one\\node_modules\\@whiskeysockets\\baileys\\lib\\Socket\\socket.js:241:35\n    at Object.decodeFrame (C:\\Users\\55519\\Desktop\\DIGITAL MARKETING\\SAAS AND APP DEVELOPMENT\\Caio Website Personal Brand\\caio_personal_brand_current_one\\node_modules\\@whiskeysockets\\baileys\\lib\\Utils\\noise-handler.js:144:17)\n    at process.processTicksAndRejections (node:internal/process/task_queues:105:5)","msg":"connection errored"}
2025-08-29T19:17:43: 🔄 Scheduling reconnect attempt 1/10 in 5s...
2025-08-29T19:17:48: 🚀 Starting WhatsApp service...
2025-08-29T19:17:48: 📱 WhatsApp service started. Waiting for connection...
2025-08-29T19:17:48: {"level":30,"time":"2025-08-29T18:17:48.328Z","pid":19756,"hostname":"LAPTOP-R3IJ5HFS","class":"baileys","browser":["Chrome (Linux)","",""],"helloMsg":{"clientHello":{"ephemeral":"mPSasSZItCM84fofzUnw787/r8mp4Jbijl7dy4FeUEA="}},"msg":"connected to WA"}
2025-08-29T19:17:48: {"level":30,"time":"2025-08-29T18:17:48.418Z","pid":19756,"hostname":"LAPTOP-R3IJ5HFS","class":"baileys","node":{"username":"555193288772","passive":false,"userAgent":{"platform":"WEB","appVersion":{"primary":2,"secondary":3000,"tertiary":1023223821},"mcc":"000","mnc":"000","osVersion":"0.1","device":"Desktop","osBuildNumber":"0.1","releaseChannel":"RELEASE","localeLanguageIso6391":"en","localeCountryIso31661Alpha2":"US"},"webInfo":{"webSubPlatform":"WEB_BROWSER"},"connectType":"WIFI_UNKNOWN","connectReason":"USER_ACTIVATED","device":51,"pull":true},"msg":"logging in..."}
2025-08-29T19:17:49: {"level":30,"time":"2025-08-29T18:17:49.108Z","pid":19756,"hostname":"LAPTOP-R3IJ5HFS","class":"baileys","msg":"handled 0 offline messages/notifications"}
2025-08-29T19:17:49: {"level":30,"time":"2025-08-29T18:17:49.295Z","pid":19756,"hostname":"LAPTOP-R3IJ5HFS","class":"baileys","msg":"19 pre-keys found on server"}
2025-08-29T19:17:49: {"level":30,"time":"2025-08-29T18:17:49.379Z","pid":19756,"hostname":"LAPTOP-R3IJ5HFS","class":"baileys","msg":"opened connection to WA"}
2025-08-29T19:17:49: ✅ WhatsApp connected successfully!
2025-08-29T19:17:54: {"level":50,"time":"2025-08-29T18:17:54.496Z","pid":19756,"hostname":"LAPTOP-R3IJ5HFS","class":"baileys","node":{"tag":"stream:error","attrs":{},"content":[{"tag":"conflict","attrs":{"type":"replaced"}}]},"msg":"stream errored out"}
2025-08-29T19:17:54: {"level":30,"time":"2025-08-29T18:17:54.496Z","pid":19756,"hostname":"LAPTOP-R3IJ5HFS","class":"baileys","trace":"Error: Stream Errored (conflict)\n    at WebSocketClient.<anonymous> (C:\\Users\\55519\\Desktop\\DIGITAL MARKETING\\SAAS AND APP DEVELOPMENT\\Caio Website Personal Brand\\caio_personal_brand_current_one\\node_modules\\@whiskeysockets\\baileys\\lib\\Socket\\socket.js:524:13)\n    at WebSocketClient.emit (node:events:518:28)\n    at C:\\Users\\55519\\Desktop\\DIGITAL MARKETING\\SAAS AND APP DEVELOPMENT\\Caio Website Personal Brand\\caio_personal_brand_current_one\\node_modules\\@whiskeysockets\\baileys\\lib\\Socket\\socket.js:241:35\n    at Object.decodeFrame (C:\\Users\\55519\\Desktop\\DIGITAL MARKETING\\SAAS AND APP DEVELOPMENT\\Caio Website Personal Brand\\caio_personal_brand_current_one\\node_modules\\@whiskeysockets\\baileys\\lib\\Utils\\noise-handler.js:144:17)\n    at process.processTicksAndRejections (node:internal/process/task_queues:105:5)","msg":"connection errored"}
2025-08-29T19:17:54: 🔄 Scheduling reconnect attempt 1/10 in 5s...
2025-08-29T19:17:59: 🚀 Starting WhatsApp service...
2025-08-29T19:17:59: 📱 WhatsApp service started. Waiting for connection...
2025-08-29T19:17:59: {"level":30,"time":"2025-08-29T18:17:59.721Z","pid":19756,"hostname":"LAPTOP-R3IJ5HFS","class":"baileys","browser":["Chrome (Linux)","",""],"helloMsg":{"clientHello":{"ephemeral":"mKBSB2bLiijPuvxu+eYSphFPzVQbem+N+4K38ZIYIUA="}},"msg":"connected to WA"}
2025-08-29T19:17:59: {"level":30,"time":"2025-08-29T18:17:59.800Z","pid":19756,"hostname":"LAPTOP-R3IJ5HFS","class":"baileys","node":{"username":"555193288772","passive":false,"userAgent":{"platform":"WEB","appVersion":{"primary":2,"secondary":3000,"tertiary":1023223821},"mcc":"000","mnc":"000","osVersion":"0.1","device":"Desktop","osBuildNumber":"0.1","releaseChannel":"RELEASE","localeLanguageIso6391":"en","localeCountryIso31661Alpha2":"US"},"webInfo":{"webSubPlatform":"WEB_BROWSER"},"connectType":"WIFI_UNKNOWN","connectReason":"USER_ACTIVATED","device":51,"pull":true},"msg":"logging in..."}
2025-08-29T19:18:00: {"level":30,"time":"2025-08-29T18:18:00.388Z","pid":19756,"hostname":"LAPTOP-R3IJ5HFS","class":"baileys","msg":"19 pre-keys found on server"}
2025-08-29T19:18:00: {"level":30,"time":"2025-08-29T18:18:00.416Z","pid":19756,"hostname":"LAPTOP-R3IJ5HFS","class":"baileys","msg":"handled 0 offline messages/notifications"}
2025-08-29T19:18:00: {"level":30,"time":"2025-08-29T18:18:00.459Z","pid":19756,"hostname":"LAPTOP-R3IJ5HFS","class":"baileys","msg":"opened connection to WA"}
2025-08-29T19:18:00: ✅ WhatsApp connected successfully!
2025-08-29T19:18:05: {"level":50,"time":"2025-08-29T18:18:05.800Z","pid":19756,"hostname":"LAPTOP-R3IJ5HFS","class":"baileys","node":{"tag":"stream:error","attrs":{},"content":[{"tag":"conflict","attrs":{"type":"replaced"}}]},"msg":"stream errored out"}
2025-08-29T19:18:05: {"level":30,"time":"2025-08-29T18:18:05.800Z","pid":19756,"hostname":"LAPTOP-R3IJ5HFS","class":"baileys","trace":"Error: Stream Errored (conflict)\n    at WebSocketClient.<anonymous> (C:\\Users\\55519\\Desktop\\DIGITAL MARKETING\\SAAS AND APP DEVELOPMENT\\Caio Website Personal Brand\\caio_personal_brand_current_one\\node_modules\\@whiskeysockets\\baileys\\lib\\Socket\\socket.js:524:13)\n    at WebSocketClient.emit (node:events:518:28)\n    at C:\\Users\\55519\\Desktop\\DIGITAL MARKETING\\SAAS AND APP DEVELOPMENT\\Caio Website Personal Brand\\caio_personal_brand_current_one\\node_modules\\@whiskeysockets\\baileys\\lib\\Socket\\socket.js:241:35\n    at Object.decodeFrame (C:\\Users\\55519\\Desktop\\DIGITAL MARKETING\\SAAS AND APP DEVELOPMENT\\Caio Website Personal Brand\\caio_personal_brand_current_one\\node_modules\\@whiskeysockets\\baileys\\lib\\Utils\\noise-handler.js:144:17)\n    at process.processTicksAndRejections (node:internal/process/task_queues:105:5)","msg":"connection errored"}
2025-08-29T19:18:05: 🔄 Scheduling reconnect attempt 1/10 in 5s...
2025-08-29T19:18:10: 🚀 Starting WhatsApp service...
2025-08-29T19:18:10: 📱 WhatsApp service started. Waiting for connection...
2025-08-29T19:18:10: {"level":30,"time":"2025-08-29T18:18:10.964Z","pid":19756,"hostname":"LAPTOP-R3IJ5HFS","class":"baileys","browser":["Chrome (Linux)","",""],"helloMsg":{"clientHello":{"ephemeral":"MH/mYw/Hp7e+hBpE/uSz03MEjF8bKNVS/suv8y0W1HI="}},"msg":"connected to WA"}
2025-08-29T19:18:11: {"level":30,"time":"2025-08-29T18:18:11.062Z","pid":19756,"hostname":"LAPTOP-R3IJ5HFS","class":"baileys","node":{"username":"555193288772","passive":false,"userAgent":{"platform":"WEB","appVersion":{"primary":2,"secondary":3000,"tertiary":1023223821},"mcc":"000","mnc":"000","osVersion":"0.1","device":"Desktop","osBuildNumber":"0.1","releaseChannel":"RELEASE","localeLanguageIso6391":"en","localeCountryIso31661Alpha2":"US"},"webInfo":{"webSubPlatform":"WEB_BROWSER"},"connectType":"WIFI_UNKNOWN","connectReason":"USER_ACTIVATED","device":51,"pull":true},"msg":"logging in..."}
2025-08-29T19:18:11: {"level":30,"time":"2025-08-29T18:18:11.745Z","pid":19756,"hostname":"LAPTOP-R3IJ5HFS","class":"baileys","msg":"handled 0 offline messages/notifications"}
2025-08-29T19:18:11: {"level":30,"time":"2025-08-29T18:18:11.929Z","pid":19756,"hostname":"LAPTOP-R3IJ5HFS","class":"baileys","msg":"19 pre-keys found on server"}
2025-08-29T19:18:12: {"level":30,"time":"2025-08-29T18:18:12.012Z","pid":19756,"hostname":"LAPTOP-R3IJ5HFS","class":"baileys","msg":"opened connection to WA"}
2025-08-29T19:18:12: ✅ WhatsApp connected successfully!
2025-08-29T19:18:17: {"level":50,"time":"2025-08-29T18:18:17.482Z","pid":19756,"hostname":"LAPTOP-R3IJ5HFS","class":"baileys","node":{"tag":"stream:error","attrs":{},"content":[{"tag":"conflict","attrs":{"type":"replaced"}}]},"msg":"stream errored out"}
2025-08-29T19:18:17: {"level":30,"time":"2025-08-29T18:18:17.483Z","pid":19756,"hostname":"LAPTOP-R3IJ5HFS","class":"baileys","trace":"Error: Stream Errored (conflict)\n    at WebSocketClient.<anonymous> (C:\\Users\\55519\\Desktop\\DIGITAL MARKETING\\SAAS AND APP DEVELOPMENT\\Caio Website Personal Brand\\caio_personal_brand_current_one\\node_modules\\@whiskeysockets\\baileys\\lib\\Socket\\socket.js:524:13)\n    at WebSocketClient.emit (node:events:518:28)\n    at C:\\Users\\55519\\Desktop\\DIGITAL MARKETING\\SAAS AND APP DEVELOPMENT\\Caio Website Personal Brand\\caio_personal_brand_current_one\\node_modules\\@whiskeysockets\\baileys\\lib\\Socket\\socket.js:241:35\n    at Object.decodeFrame (C:\\Users\\55519\\Desktop\\DIGITAL MARKETING\\SAAS AND APP DEVELOPMENT\\Caio Website Personal Brand\\caio_personal_brand_current_one\\node_modules\\@whiskeysockets\\baileys\\lib\\Utils\\noise-handler.js:144:17)\n    at process.processTicksAndRejections (node:internal/process/task_queues:105:5)","msg":"connection errored"}
2025-08-29T19:18:17: 🔄 Scheduling reconnect attempt 1/10 in 5s...
2025-08-29T19:18:22: 🚀 Starting WhatsApp service...
2025-08-29T19:18:22: 📱 WhatsApp service started. Waiting for connection...
2025-08-29T19:18:22: {"level":30,"time":"2025-08-29T18:18:22.972Z","pid":19756,"hostname":"LAPTOP-R3IJ5HFS","class":"baileys","browser":["Chrome (Linux)","",""],"helloMsg":{"clientHello":{"ephemeral":"mdQ8OVVQ+3njrNNTip0eOrILc++5kXMcr6qDBb+jeDk="}},"msg":"connected to WA"}
2025-08-29T19:18:23: {"level":30,"time":"2025-08-29T18:18:23.082Z","pid":19756,"hostname":"LAPTOP-R3IJ5HFS","class":"baileys","node":{"username":"555193288772","passive":false,"userAgent":{"platform":"WEB","appVersion":{"primary":2,"secondary":3000,"tertiary":1023223821},"mcc":"000","mnc":"000","osVersion":"0.1","device":"Desktop","osBuildNumber":"0.1","releaseChannel":"RELEASE","localeLanguageIso6391":"en","localeCountryIso31661Alpha2":"US"},"webInfo":{"webSubPlatform":"WEB_BROWSER"},"connectType":"WIFI_UNKNOWN","connectReason":"USER_ACTIVATED","device":51,"pull":true},"msg":"logging in..."}
2025-08-29T19:18:23: {"level":30,"time":"2025-08-29T18:18:23.479Z","pid":19756,"hostname":"LAPTOP-R3IJ5HFS","class":"baileys","msg":"19 pre-keys found on server"}
2025-08-29T19:18:23: {"level":30,"time":"2025-08-29T18:18:23.854Z","pid":19756,"hostname":"LAPTOP-R3IJ5HFS","class":"baileys","msg":"handled 0 offline messages/notifications"}
2025-08-29T19:18:23: {"level":30,"time":"2025-08-29T18:18:23.955Z","pid":19756,"hostname":"LAPTOP-R3IJ5HFS","class":"baileys","msg":"opened connection to WA"}
2025-08-29T19:18:23: ✅ WhatsApp connected successfully!
2025-08-29T19:18:29: {"level":50,"time":"2025-08-29T18:18:29.274Z","pid":19756,"hostname":"LAPTOP-R3IJ5HFS","class":"baileys","node":{"tag":"stream:error","attrs":{},"content":[{"tag":"conflict","attrs":{"type":"replaced"}}]},"msg":"stream errored out"}
2025-08-29T19:18:29: {"level":30,"time":"2025-08-29T18:18:29.276Z","pid":19756,"hostname":"LAPTOP-R3IJ5HFS","class":"baileys","trace":"Error: Stream Errored (conflict)\n    at WebSocketClient.<anonymous> (C:\\Users\\55519\\Desktop\\DIGITAL MARKETING\\SAAS AND APP DEVELOPMENT\\Caio Website Personal Brand\\caio_personal_brand_current_one\\node_modules\\@whiskeysockets\\baileys\\lib\\Socket\\socket.js:524:13)\n    at WebSocketClient.emit (node:events:518:28)\n    at C:\\Users\\55519\\Desktop\\DIGITAL MARKETING\\SAAS AND APP DEVELOPMENT\\Caio Website Personal Brand\\caio_personal_brand_current_one\\node_modules\\@whiskeysockets\\baileys\\lib\\Socket\\socket.js:241:35\n    at Object.decodeFrame (C:\\Users\\55519\\Desktop\\DIGITAL MARKETING\\SAAS AND APP DEVELOPMENT\\Caio Website Personal Brand\\caio_personal_brand_current_one\\node_modules\\@whiskeysockets\\baileys\\lib\\Utils\\noise-handler.js:144:17)\n    at process.processTicksAndRejections (node:internal/process/task_queues:105:5)","msg":"connection errored"}
2025-08-29T19:18:29: 🔄 Scheduling reconnect attempt 1/10 in 5s...
2025-08-29T19:18:34: 🚀 Starting WhatsApp service...
2025-08-29T19:18:34: 📱 WhatsApp service started. Waiting for connection...
2025-08-29T19:18:34: {"level":30,"time":"2025-08-29T18:18:34.618Z","pid":19756,"hostname":"LAPTOP-R3IJ5HFS","class":"baileys","browser":["Chrome (Linux)","",""],"helloMsg":{"clientHello":{"ephemeral":"saWWiYlMUM1cNpjST6SrByLJwG1ZHmrHGVNrqjuHcWk="}},"msg":"connected to WA"}
2025-08-29T19:18:34: {"level":30,"time":"2025-08-29T18:18:34.746Z","pid":19756,"hostname":"LAPTOP-R3IJ5HFS","class":"baileys","node":{"username":"555193288772","passive":false,"userAgent":{"platform":"WEB","appVersion":{"primary":2,"secondary":3000,"tertiary":1023223821},"mcc":"000","mnc":"000","osVersion":"0.1","device":"Desktop","osBuildNumber":"0.1","releaseChannel":"RELEASE","localeLanguageIso6391":"en","localeCountryIso31661Alpha2":"US"},"webInfo":{"webSubPlatform":"WEB_BROWSER"},"connectType":"WIFI_UNKNOWN","connectReason":"USER_ACTIVATED","device":51,"pull":true},"msg":"logging in..."}
2025-08-29T19:18:35: {"level":30,"time":"2025-08-29T18:18:35.075Z","pid":19756,"hostname":"LAPTOP-R3IJ5HFS","class":"baileys","msg":"19 pre-keys found on server"}
2025-08-29T19:18:35: {"level":30,"time":"2025-08-29T18:18:35.177Z","pid":19756,"hostname":"LAPTOP-R3IJ5HFS","class":"baileys","msg":"offline preview received"}
2025-08-29T19:18:35: {"level":30,"time":"2025-08-29T18:18:35.181Z","pid":19756,"hostname":"LAPTOP-R3IJ5HFS","class":"baileys","msg":"handled 1 offline messages/notifications"}
2025-08-29T19:18:35: {"level":30,"time":"2025-08-29T18:18:35.283Z","pid":19756,"hostname":"LAPTOP-R3IJ5HFS","class":"baileys","msg":"opened connection to WA"}
2025-08-29T19:18:35: ✅ WhatsApp connected successfully!
2025-08-29T19:18:41: {"level":50,"time":"2025-08-29T18:18:41.006Z","pid":19756,"hostname":"LAPTOP-R3IJ5HFS","class":"baileys","node":{"tag":"stream:error","attrs":{},"content":[{"tag":"conflict","attrs":{"type":"replaced"}}]},"msg":"stream errored out"}
2025-08-29T19:18:41: {"level":30,"time":"2025-08-29T18:18:41.006Z","pid":19756,"hostname":"LAPTOP-R3IJ5HFS","class":"baileys","trace":"Error: Stream Errored (conflict)\n    at WebSocketClient.<anonymous> (C:\\Users\\55519\\Desktop\\DIGITAL MARKETING\\SAAS AND APP DEVELOPMENT\\Caio Website Personal Brand\\caio_personal_brand_current_one\\node_modules\\@whiskeysockets\\baileys\\lib\\Socket\\socket.js:524:13)\n    at WebSocketClient.emit (node:events:518:28)\n    at C:\\Users\\55519\\Desktop\\DIGITAL MARKETING\\SAAS AND APP DEVELOPMENT\\Caio Website Personal Brand\\caio_personal_brand_current_one\\node_modules\\@whiskeysockets\\baileys\\lib\\Socket\\socket.js:241:35\n    at Object.decodeFrame (C:\\Users\\55519\\Desktop\\DIGITAL MARKETING\\SAAS AND APP DEVELOPMENT\\Caio Website Personal Brand\\caio_personal_brand_current_one\\node_modules\\@whiskeysockets\\baileys\\lib\\Utils\\noise-handler.js:144:17)\n    at process.processTicksAndRejections (node:internal/process/task_queues:105:5)","msg":"connection errored"}
2025-08-29T19:18:41: 🔄 Scheduling reconnect attempt 1/10 in 5s...
2025-08-29T19:18:46: 🚀 Starting WhatsApp service...
2025-08-29T19:18:46: 📱 WhatsApp service started. Waiting for connection...
2025-08-29T19:18:46: {"level":30,"time":"2025-08-29T18:18:46.173Z","pid":19756,"hostname":"LAPTOP-R3IJ5HFS","class":"baileys","browser":["Chrome (Linux)","",""],"helloMsg":{"clientHello":{"ephemeral":"hEclGs1yZ8kob/zQcwGgZ0tob/I0NxE8eTGzqnW5cAQ="}},"msg":"connected to WA"}
2025-08-29T19:18:46: {"level":30,"time":"2025-08-29T18:18:46.240Z","pid":19756,"hostname":"LAPTOP-R3IJ5HFS","class":"baileys","node":{"username":"555193288772","passive":false,"userAgent":{"platform":"WEB","appVersion":{"primary":2,"secondary":3000,"tertiary":1023223821},"mcc":"000","mnc":"000","osVersion":"0.1","device":"Desktop","osBuildNumber":"0.1","releaseChannel":"RELEASE","localeLanguageIso6391":"en","localeCountryIso31661Alpha2":"US"},"webInfo":{"webSubPlatform":"WEB_BROWSER"},"connectType":"WIFI_UNKNOWN","connectReason":"USER_ACTIVATED","device":51,"pull":true},"msg":"logging in..."}
2025-08-29T19:18:46: {"level":30,"time":"2025-08-29T18:18:46.942Z","pid":19756,"hostname":"LAPTOP-R3IJ5HFS","class":"baileys","msg":"19 pre-keys found on server"}
2025-08-29T19:18:46: {"level":30,"time":"2025-08-29T18:18:46.954Z","pid":19756,"hostname":"LAPTOP-R3IJ5HFS","class":"baileys","msg":"handled 0 offline messages/notifications"}
2025-08-29T19:18:47: {"level":30,"time":"2025-08-29T18:18:47.014Z","pid":19756,"hostname":"LAPTOP-R3IJ5HFS","class":"baileys","msg":"opened connection to WA"}
2025-08-29T19:18:47: ✅ WhatsApp connected successfully!
2025-08-29T19:18:52: {"level":50,"time":"2025-08-29T18:18:52.274Z","pid":19756,"hostname":"LAPTOP-R3IJ5HFS","class":"baileys","node":{"tag":"stream:error","attrs":{},"content":[{"tag":"conflict","attrs":{"type":"replaced"}}]},"msg":"stream errored out"}
2025-08-29T19:18:52: {"level":30,"time":"2025-08-29T18:18:52.275Z","pid":19756,"hostname":"LAPTOP-R3IJ5HFS","class":"baileys","trace":"Error: Stream Errored (conflict)\n    at WebSocketClient.<anonymous> (C:\\Users\\55519\\Desktop\\DIGITAL MARKETING\\SAAS AND APP DEVELOPMENT\\Caio Website Personal Brand\\caio_personal_brand_current_one\\node_modules\\@whiskeysockets\\baileys\\lib\\Socket\\socket.js:524:13)\n    at WebSocketClient.emit (node:events:518:28)\n    at C:\\Users\\55519\\Desktop\\DIGITAL MARKETING\\SAAS AND APP DEVELOPMENT\\Caio Website Personal Brand\\caio_personal_brand_current_one\\node_modules\\@whiskeysockets\\baileys\\lib\\Socket\\socket.js:241:35\n    at Object.decodeFrame (C:\\Users\\55519\\Desktop\\DIGITAL MARKETING\\SAAS AND APP DEVELOPMENT\\Caio Website Personal Brand\\caio_personal_brand_current_one\\node_modules\\@whiskeysockets\\baileys\\lib\\Utils\\noise-handler.js:144:17)\n    at process.processTicksAndRejections (node:internal/process/task_queues:105:5)","msg":"connection errored"}
2025-08-29T19:18:52: 🔄 Scheduling reconnect attempt 1/10 in 5s...
2025-08-29T19:18:57: 🚀 Starting WhatsApp service...
2025-08-29T19:18:57: 📱 WhatsApp service started. Waiting for connection...
2025-08-29T19:18:57: {"level":30,"time":"2025-08-29T18:18:57.493Z","pid":19756,"hostname":"LAPTOP-R3IJ5HFS","class":"baileys","browser":["Chrome (Linux)","",""],"helloMsg":{"clientHello":{"ephemeral":"jB5HeIUmIImzNTq/SGsqfToPqlkvEgacARWTSqCYZ2w="}},"msg":"connected to WA"}
2025-08-29T19:18:57: {"level":30,"time":"2025-08-29T18:18:57.633Z","pid":19756,"hostname":"LAPTOP-R3IJ5HFS","class":"baileys","node":{"username":"555193288772","passive":false,"userAgent":{"platform":"WEB","appVersion":{"primary":2,"secondary":3000,"tertiary":1023223821},"mcc":"000","mnc":"000","osVersion":"0.1","device":"Desktop","osBuildNumber":"0.1","releaseChannel":"RELEASE","localeLanguageIso6391":"en","localeCountryIso31661Alpha2":"US"},"webInfo":{"webSubPlatform":"WEB_BROWSER"},"connectType":"WIFI_UNKNOWN","connectReason":"USER_ACTIVATED","device":51,"pull":true},"msg":"logging in..."}
2025-08-29T19:18:57: {"level":30,"time":"2025-08-29T18:18:57.988Z","pid":19756,"hostname":"LAPTOP-R3IJ5HFS","class":"baileys","msg":"19 pre-keys found on server"}
2025-08-29T19:18:58: {"level":30,"time":"2025-08-29T18:18:58.023Z","pid":19756,"hostname":"LAPTOP-R3IJ5HFS","class":"baileys","msg":"handled 0 offline messages/notifications"}
2025-08-29T19:18:58: {"level":30,"time":"2025-08-29T18:18:58.123Z","pid":19756,"hostname":"LAPTOP-R3IJ5HFS","class":"baileys","msg":"opened connection to WA"}
2025-08-29T19:18:58: ✅ WhatsApp connected successfully!
2025-08-29T19:19:03: {"level":50,"time":"2025-08-29T18:19:03.645Z","pid":19756,"hostname":"LAPTOP-R3IJ5HFS","class":"baileys","node":{"tag":"stream:error","attrs":{},"content":[{"tag":"conflict","attrs":{"type":"replaced"}}]},"msg":"stream errored out"}
2025-08-29T19:19:03: {"level":30,"time":"2025-08-29T18:19:03.645Z","pid":19756,"hostname":"LAPTOP-R3IJ5HFS","class":"baileys","trace":"Error: Stream Errored (conflict)\n    at WebSocketClient.<anonymous> (C:\\Users\\55519\\Desktop\\DIGITAL MARKETING\\SAAS AND APP DEVELOPMENT\\Caio Website Personal Brand\\caio_personal_brand_current_one\\node_modules\\@whiskeysockets\\baileys\\lib\\Socket\\socket.js:524:13)\n    at WebSocketClient.emit (node:events:518:28)\n    at C:\\Users\\55519\\Desktop\\DIGITAL MARKETING\\SAAS AND APP DEVELOPMENT\\Caio Website Personal Brand\\caio_personal_brand_current_one\\node_modules\\@whiskeysockets\\baileys\\lib\\Socket\\socket.js:241:35\n    at Object.decodeFrame (C:\\Users\\55519\\Desktop\\DIGITAL MARKETING\\SAAS AND APP DEVELOPMENT\\Caio Website Personal Brand\\caio_personal_brand_current_one\\node_modules\\@whiskeysockets\\baileys\\lib\\Utils\\noise-handler.js:144:17)\n    at process.processTicksAndRejections (node:internal/process/task_queues:105:5)","msg":"connection errored"}
2025-08-29T19:19:03: 🔄 Scheduling reconnect attempt 1/10 in 5s...
2025-08-29T19:19:08: 🚀 Starting WhatsApp service...
2025-08-29T19:19:08: 📱 WhatsApp service started. Waiting for connection...
2025-08-29T19:19:08: {"level":30,"time":"2025-08-29T18:19:08.791Z","pid":19756,"hostname":"LAPTOP-R3IJ5HFS","class":"baileys","browser":["Chrome (Linux)","",""],"helloMsg":{"clientHello":{"ephemeral":"wg72ziru1Q05XOT+NG4UTo3BhQyXBCzJQX/CwBVYgSo="}},"msg":"connected to WA"}
2025-08-29T19:19:08: {"level":30,"time":"2025-08-29T18:19:08.863Z","pid":19756,"hostname":"LAPTOP-R3IJ5HFS","class":"baileys","node":{"username":"555193288772","passive":false,"userAgent":{"platform":"WEB","appVersion":{"primary":2,"secondary":3000,"tertiary":1023223821},"mcc":"000","mnc":"000","osVersion":"0.1","device":"Desktop","osBuildNumber":"0.1","releaseChannel":"RELEASE","localeLanguageIso6391":"en","localeCountryIso31661Alpha2":"US"},"webInfo":{"webSubPlatform":"WEB_BROWSER"},"connectType":"WIFI_UNKNOWN","connectReason":"USER_ACTIVATED","device":51,"pull":true},"msg":"logging in..."}
2025-08-29T19:19:09: {"level":30,"time":"2025-08-29T18:19:09.486Z","pid":19756,"hostname":"LAPTOP-R3IJ5HFS","class":"baileys","msg":"handled 0 offline messages/notifications"}
2025-08-29T19:19:09: {"level":30,"time":"2025-08-29T18:19:09.671Z","pid":19756,"hostname":"LAPTOP-R3IJ5HFS","class":"baileys","msg":"19 pre-keys found on server"}
2025-08-29T19:19:09: {"level":30,"time":"2025-08-29T18:19:09.737Z","pid":19756,"hostname":"LAPTOP-R3IJ5HFS","class":"baileys","msg":"opened connection to WA"}
2025-08-29T19:19:09: ✅ WhatsApp connected successfully!
2025-08-29T19:19:14: {"level":50,"time":"2025-08-29T18:19:14.977Z","pid":19756,"hostname":"LAPTOP-R3IJ5HFS","class":"baileys","node":{"tag":"stream:error","attrs":{},"content":[{"tag":"conflict","attrs":{"type":"replaced"}}]},"msg":"stream errored out"}
2025-08-29T19:19:14: {"level":30,"time":"2025-08-29T18:19:14.978Z","pid":19756,"hostname":"LAPTOP-R3IJ5HFS","class":"baileys","trace":"Error: Stream Errored (conflict)\n    at WebSocketClient.<anonymous> (C:\\Users\\55519\\Desktop\\DIGITAL MARKETING\\SAAS AND APP DEVELOPMENT\\Caio Website Personal Brand\\caio_personal_brand_current_one\\node_modules\\@whiskeysockets\\baileys\\lib\\Socket\\socket.js:524:13)\n    at WebSocketClient.emit (node:events:518:28)\n    at C:\\Users\\55519\\Desktop\\DIGITAL MARKETING\\SAAS AND APP DEVELOPMENT\\Caio Website Personal Brand\\caio_personal_brand_current_one\\node_modules\\@whiskeysockets\\baileys\\lib\\Socket\\socket.js:241:35\n    at Object.decodeFrame (C:\\Users\\55519\\Desktop\\DIGITAL MARKETING\\SAAS AND APP DEVELOPMENT\\Caio Website Personal Brand\\caio_personal_brand_current_one\\node_modules\\@whiskeysockets\\baileys\\lib\\Utils\\noise-handler.js:144:17)\n    at process.processTicksAndRejections (node:internal/process/task_queues:105:5)","msg":"connection errored"}
2025-08-29T19:19:14: 🔄 Scheduling reconnect attempt 1/10 in 5s...
2025-08-29T19:19:19: 🚀 Starting WhatsApp service...
2025-08-29T19:19:19: 📱 WhatsApp service started. Waiting for connection...
2025-08-29T19:19:20: {"level":30,"time":"2025-08-29T18:19:20.221Z","pid":19756,"hostname":"LAPTOP-R3IJ5HFS","class":"baileys","browser":["Chrome (Linux)","",""],"helloMsg":{"clientHello":{"ephemeral":"T3hCjIWp3F8j5jrfamPQ/NWvKy2f8tEuQjmk4QsSFjs="}},"msg":"connected to WA"}
2025-08-29T19:19:20: {"level":30,"time":"2025-08-29T18:19:20.397Z","pid":19756,"hostname":"LAPTOP-R3IJ5HFS","class":"baileys","node":{"username":"555193288772","passive":false,"userAgent":{"platform":"WEB","appVersion":{"primary":2,"secondary":3000,"tertiary":1023223821},"mcc":"000","mnc":"000","osVersion":"0.1","device":"Desktop","osBuildNumber":"0.1","releaseChannel":"RELEASE","localeLanguageIso6391":"en","localeCountryIso31661Alpha2":"US"},"webInfo":{"webSubPlatform":"WEB_BROWSER"},"connectType":"WIFI_UNKNOWN","connectReason":"USER_ACTIVATED","device":51,"pull":true},"msg":"logging in..."}
2025-08-29T19:19:20: {"level":30,"time":"2025-08-29T18:19:20.940Z","pid":19756,"hostname":"LAPTOP-R3IJ5HFS","class":"baileys","msg":"handled 0 offline messages/notifications"}
2025-08-29T19:19:20: {"level":30,"time":"2025-08-29T18:19:20.942Z","pid":19756,"hostname":"LAPTOP-R3IJ5HFS","class":"baileys","msg":"19 pre-keys found on server"}
2025-08-29T19:19:21: {"level":30,"time":"2025-08-29T18:19:21.112Z","pid":19756,"hostname":"LAPTOP-R3IJ5HFS","class":"baileys","msg":"opened connection to WA"}
2025-08-29T19:19:21: ✅ WhatsApp connected successfully!
2025-08-29T19:19:26: {"level":50,"time":"2025-08-29T18:19:26.429Z","pid":19756,"hostname":"LAPTOP-R3IJ5HFS","class":"baileys","node":{"tag":"stream:error","attrs":{},"content":[{"tag":"conflict","attrs":{"type":"replaced"}}]},"msg":"stream errored out"}
2025-08-29T19:19:26: {"level":30,"time":"2025-08-29T18:19:26.429Z","pid":19756,"hostname":"LAPTOP-R3IJ5HFS","class":"baileys","trace":"Error: Stream Errored (conflict)\n    at WebSocketClient.<anonymous> (C:\\Users\\55519\\Desktop\\DIGITAL MARKETING\\SAAS AND APP DEVELOPMENT\\Caio Website Personal Brand\\caio_personal_brand_current_one\\node_modules\\@whiskeysockets\\baileys\\lib\\Socket\\socket.js:524:13)\n    at WebSocketClient.emit (node:events:518:28)\n    at C:\\Users\\55519\\Desktop\\DIGITAL MARKETING\\SAAS AND APP DEVELOPMENT\\Caio Website Personal Brand\\caio_personal_brand_current_one\\node_modules\\@whiskeysockets\\baileys\\lib\\Socket\\socket.js:241:35\n    at Object.decodeFrame (C:\\Users\\55519\\Desktop\\DIGITAL MARKETING\\SAAS AND APP DEVELOPMENT\\Caio Website Personal Brand\\caio_personal_brand_current_one\\node_modules\\@whiskeysockets\\baileys\\lib\\Utils\\noise-handler.js:144:17)\n    at process.processTicksAndRejections (node:internal/process/task_queues:105:5)","msg":"connection errored"}
2025-08-29T19:19:26: 🔄 Scheduling reconnect attempt 1/10 in 5s...
2025-08-29T19:19:31: 🚀 Starting WhatsApp service...
2025-08-29T19:19:31: 📱 WhatsApp service started. Waiting for connection...
2025-08-29T19:19:31: {"level":30,"time":"2025-08-29T18:19:31.722Z","pid":19756,"hostname":"LAPTOP-R3IJ5HFS","class":"baileys","browser":["Chrome (Linux)","",""],"helloMsg":{"clientHello":{"ephemeral":"qhP32Fok5Og7IfBGzxUdbeAue/bwNrW05i4aPxDgU2w="}},"msg":"connected to WA"}
2025-08-29T19:19:31: {"level":30,"time":"2025-08-29T18:19:31.812Z","pid":19756,"hostname":"LAPTOP-R3IJ5HFS","class":"baileys","node":{"username":"555193288772","passive":false,"userAgent":{"platform":"WEB","appVersion":{"primary":2,"secondary":3000,"tertiary":1023223821},"mcc":"000","mnc":"000","osVersion":"0.1","device":"Desktop","osBuildNumber":"0.1","releaseChannel":"RELEASE","localeLanguageIso6391":"en","localeCountryIso31661Alpha2":"US"},"webInfo":{"webSubPlatform":"WEB_BROWSER"},"connectType":"WIFI_UNKNOWN","connectReason":"USER_ACTIVATED","device":51,"pull":true},"msg":"logging in..."}
2025-08-29T19:19:32: {"level":30,"time":"2025-08-29T18:19:32.514Z","pid":19756,"hostname":"LAPTOP-R3IJ5HFS","class":"baileys","msg":"handled 0 offline messages/notifications"}
2025-08-29T19:19:32: {"level":30,"time":"2025-08-29T18:19:32.685Z","pid":19756,"hostname":"LAPTOP-R3IJ5HFS","class":"baileys","msg":"19 pre-keys found on server"}
2025-08-29T19:19:32: {"level":30,"time":"2025-08-29T18:19:32.770Z","pid":19756,"hostname":"LAPTOP-R3IJ5HFS","class":"baileys","msg":"opened connection to WA"}
2025-08-29T19:19:32: ✅ WhatsApp connected successfully!
2025-08-29T19:19:38: {"level":50,"time":"2025-08-29T18:19:38.122Z","pid":19756,"hostname":"LAPTOP-R3IJ5HFS","class":"baileys","node":{"tag":"stream:error","attrs":{},"content":[{"tag":"conflict","attrs":{"type":"replaced"}}]},"msg":"stream errored out"}
2025-08-29T19:19:38: {"level":30,"time":"2025-08-29T18:19:38.123Z","pid":19756,"hostname":"LAPTOP-R3IJ5HFS","class":"baileys","trace":"Error: Stream Errored (conflict)\n    at WebSocketClient.<anonymous> (C:\\Users\\55519\\Desktop\\DIGITAL MARKETING\\SAAS AND APP DEVELOPMENT\\Caio Website Personal Brand\\caio_personal_brand_current_one\\node_modules\\@whiskeysockets\\baileys\\lib\\Socket\\socket.js:524:13)\n    at WebSocketClient.emit (node:events:518:28)\n    at C:\\Users\\55519\\Desktop\\DIGITAL MARKETING\\SAAS AND APP DEVELOPMENT\\Caio Website Personal Brand\\caio_personal_brand_current_one\\node_modules\\@whiskeysockets\\baileys\\lib\\Socket\\socket.js:241:35\n    at Object.decodeFrame (C:\\Users\\55519\\Desktop\\DIGITAL MARKETING\\SAAS AND APP DEVELOPMENT\\Caio Website Personal Brand\\caio_personal_brand_current_one\\node_modules\\@whiskeysockets\\baileys\\lib\\Utils\\noise-handler.js:144:17)\n    at process.processTicksAndRejections (node:internal/process/task_queues:105:5)","msg":"connection errored"}
2025-08-29T19:19:38: 🔄 Scheduling reconnect attempt 1/10 in 5s...
2025-08-29T19:19:43: 🚀 Starting WhatsApp service...
2025-08-29T19:19:43: 📱 WhatsApp service started. Waiting for connection...
2025-08-29T19:19:43: {"level":30,"time":"2025-08-29T18:19:43.326Z","pid":19756,"hostname":"LAPTOP-R3IJ5HFS","class":"baileys","browser":["Chrome (Linux)","",""],"helloMsg":{"clientHello":{"ephemeral":"dHfJGmSpwfjPL2+2UiXhPIQJPuAIYGJZVYwC3Si691I="}},"msg":"connected to WA"}
2025-08-29T19:19:43: {"level":30,"time":"2025-08-29T18:19:43.473Z","pid":19756,"hostname":"LAPTOP-R3IJ5HFS","class":"baileys","node":{"username":"555193288772","passive":false,"userAgent":{"platform":"WEB","appVersion":{"primary":2,"secondary":3000,"tertiary":1023223821},"mcc":"000","mnc":"000","osVersion":"0.1","device":"Desktop","osBuildNumber":"0.1","releaseChannel":"RELEASE","localeLanguageIso6391":"en","localeCountryIso31661Alpha2":"US"},"webInfo":{"webSubPlatform":"WEB_BROWSER"},"connectType":"WIFI_UNKNOWN","connectReason":"USER_ACTIVATED","device":51,"pull":true},"msg":"logging in..."}
2025-08-29T19:19:43: {"level":30,"time":"2025-08-29T18:19:43.814Z","pid":19756,"hostname":"LAPTOP-R3IJ5HFS","class":"baileys","msg":"19 pre-keys found on server"}
2025-08-29T19:19:43: {"level":30,"time":"2025-08-29T18:19:43.872Z","pid":19756,"hostname":"LAPTOP-R3IJ5HFS","class":"baileys","msg":"handled 0 offline messages/notifications"}
2025-08-29T19:19:43: {"level":30,"time":"2025-08-29T18:19:43.949Z","pid":19756,"hostname":"LAPTOP-R3IJ5HFS","class":"baileys","msg":"opened connection to WA"}
2025-08-29T19:19:43: ✅ WhatsApp connected successfully!
2025-08-29T19:19:49: {"level":50,"time":"2025-08-29T18:19:49.496Z","pid":19756,"hostname":"LAPTOP-R3IJ5HFS","class":"baileys","node":{"tag":"stream:error","attrs":{},"content":[{"tag":"conflict","attrs":{"type":"replaced"}}]},"msg":"stream errored out"}
2025-08-29T19:19:49: {"level":30,"time":"2025-08-29T18:19:49.497Z","pid":19756,"hostname":"LAPTOP-R3IJ5HFS","class":"baileys","trace":"Error: Stream Errored (conflict)\n    at WebSocketClient.<anonymous> (C:\\Users\\55519\\Desktop\\DIGITAL MARKETING\\SAAS AND APP DEVELOPMENT\\Caio Website Personal Brand\\caio_personal_brand_current_one\\node_modules\\@whiskeysockets\\baileys\\lib\\Socket\\socket.js:524:13)\n    at WebSocketClient.emit (node:events:518:28)\n    at C:\\Users\\55519\\Desktop\\DIGITAL MARKETING\\SAAS AND APP DEVELOPMENT\\Caio Website Personal Brand\\caio_personal_brand_current_one\\node_modules\\@whiskeysockets\\baileys\\lib\\Socket\\socket.js:241:35\n    at Object.decodeFrame (C:\\Users\\55519\\Desktop\\DIGITAL MARKETING\\SAAS AND APP DEVELOPMENT\\Caio Website Personal Brand\\caio_personal_brand_current_one\\node_modules\\@whiskeysockets\\baileys\\lib\\Utils\\noise-handler.js:144:17)\n    at process.processTicksAndRejections (node:internal/process/task_queues:105:5)","msg":"connection errored"}
2025-08-29T19:19:49: 🔄 Scheduling reconnect attempt 1/10 in 5s...
2025-08-29T19:19:54: 🚀 Starting WhatsApp service...
2025-08-29T19:19:54: 📱 WhatsApp service started. Waiting for connection...
2025-08-29T19:19:54: {"level":30,"time":"2025-08-29T18:19:54.625Z","pid":19756,"hostname":"LAPTOP-R3IJ5HFS","class":"baileys","browser":["Chrome (Linux)","",""],"helloMsg":{"clientHello":{"ephemeral":"AdMbpqSLLbTMJbaUCvDszFqXPbgqaihFROang9viZA0="}},"msg":"connected to WA"}
2025-08-29T19:19:54: {"level":30,"time":"2025-08-29T18:19:54.695Z","pid":19756,"hostname":"LAPTOP-R3IJ5HFS","class":"baileys","node":{"username":"555193288772","passive":false,"userAgent":{"platform":"WEB","appVersion":{"primary":2,"secondary":3000,"tertiary":1023223821},"mcc":"000","mnc":"000","osVersion":"0.1","device":"Desktop","osBuildNumber":"0.1","releaseChannel":"RELEASE","localeLanguageIso6391":"en","localeCountryIso31661Alpha2":"US"},"webInfo":{"webSubPlatform":"WEB_BROWSER"},"connectType":"WIFI_UNKNOWN","connectReason":"USER_ACTIVATED","device":51,"pull":true},"msg":"logging in..."}
2025-08-29T19:19:55: {"level":30,"time":"2025-08-29T18:19:55.275Z","pid":19756,"hostname":"LAPTOP-R3IJ5HFS","class":"baileys","msg":"19 pre-keys found on server"}
2025-08-29T19:19:55: {"level":30,"time":"2025-08-29T18:19:55.285Z","pid":19756,"hostname":"LAPTOP-R3IJ5HFS","class":"baileys","msg":"handled 0 offline messages/notifications"}
2025-08-29T19:19:55: {"level":30,"time":"2025-08-29T18:19:55.334Z","pid":19756,"hostname":"LAPTOP-R3IJ5HFS","class":"baileys","msg":"opened connection to WA"}
2025-08-29T19:19:55: ✅ WhatsApp connected successfully!
2025-08-29T19:20:00: {"level":50,"time":"2025-08-29T18:20:00.895Z","pid":19756,"hostname":"LAPTOP-R3IJ5HFS","class":"baileys","node":{"tag":"stream:error","attrs":{},"content":[{"tag":"conflict","attrs":{"type":"replaced"}}]},"msg":"stream errored out"}
2025-08-29T19:20:00: {"level":30,"time":"2025-08-29T18:20:00.895Z","pid":19756,"hostname":"LAPTOP-R3IJ5HFS","class":"baileys","trace":"Error: Stream Errored (conflict)\n    at WebSocketClient.<anonymous> (C:\\Users\\55519\\Desktop\\DIGITAL MARKETING\\SAAS AND APP DEVELOPMENT\\Caio Website Personal Brand\\caio_personal_brand_current_one\\node_modules\\@whiskeysockets\\baileys\\lib\\Socket\\socket.js:524:13)\n    at WebSocketClient.emit (node:events:518:28)\n    at C:\\Users\\55519\\Desktop\\DIGITAL MARKETING\\SAAS AND APP DEVELOPMENT\\Caio Website Personal Brand\\caio_personal_brand_current_one\\node_modules\\@whiskeysockets\\baileys\\lib\\Socket\\socket.js:241:35\n    at Object.decodeFrame (C:\\Users\\55519\\Desktop\\DIGITAL MARKETING\\SAAS AND APP DEVELOPMENT\\Caio Website Personal Brand\\caio_personal_brand_current_one\\node_modules\\@whiskeysockets\\baileys\\lib\\Utils\\noise-handler.js:144:17)\n    at process.processTicksAndRejections (node:internal/process/task_queues:105:5)","msg":"connection errored"}
2025-08-29T19:20:00: 🔄 Scheduling reconnect attempt 1/10 in 5s...
2025-08-29T19:20:05: 🚀 Starting WhatsApp service...
2025-08-29T19:20:05: 📱 WhatsApp service started. Waiting for connection...
2025-08-29T19:20:06: {"level":30,"time":"2025-08-29T18:20:06.120Z","pid":19756,"hostname":"LAPTOP-R3IJ5HFS","class":"baileys","browser":["Chrome (Linux)","",""],"helloMsg":{"clientHello":{"ephemeral":"JQg2kDUg6rknZt7a5SFL+5Fqo2P8d9exjIV7ahrshyk="}},"msg":"connected to WA"}
2025-08-29T19:20:06: {"level":30,"time":"2025-08-29T18:20:06.293Z","pid":19756,"hostname":"LAPTOP-R3IJ5HFS","class":"baileys","node":{"username":"555193288772","passive":false,"userAgent":{"platform":"WEB","appVersion":{"primary":2,"secondary":3000,"tertiary":1023223821},"mcc":"000","mnc":"000","osVersion":"0.1","device":"Desktop","osBuildNumber":"0.1","releaseChannel":"RELEASE","localeLanguageIso6391":"en","localeCountryIso31661Alpha2":"US"},"webInfo":{"webSubPlatform":"WEB_BROWSER"},"connectType":"WIFI_UNKNOWN","connectReason":"USER_ACTIVATED","device":51,"pull":true},"msg":"logging in..."}
2025-08-29T19:20:06: {"level":30,"time":"2025-08-29T18:20:06.805Z","pid":19756,"hostname":"LAPTOP-R3IJ5HFS","class":"baileys","msg":"19 pre-keys found on server"}
2025-08-29T19:20:06: {"level":30,"time":"2025-08-29T18:20:06.865Z","pid":19756,"hostname":"LAPTOP-R3IJ5HFS","class":"baileys","msg":"handled 0 offline messages/notifications"}
2025-08-29T19:20:06: {"level":30,"time":"2025-08-29T18:20:06.975Z","pid":19756,"hostname":"LAPTOP-R3IJ5HFS","class":"baileys","msg":"opened connection to WA"}
2025-08-29T19:20:06: ✅ WhatsApp connected successfully!
2025-08-29T19:20:12: {"level":50,"time":"2025-08-29T18:20:12.558Z","pid":19756,"hostname":"LAPTOP-R3IJ5HFS","class":"baileys","node":{"tag":"stream:error","attrs":{},"content":[{"tag":"conflict","attrs":{"type":"replaced"}}]},"msg":"stream errored out"}
2025-08-29T19:20:12: {"level":30,"time":"2025-08-29T18:20:12.558Z","pid":19756,"hostname":"LAPTOP-R3IJ5HFS","class":"baileys","trace":"Error: Stream Errored (conflict)\n    at WebSocketClient.<anonymous> (C:\\Users\\55519\\Desktop\\DIGITAL MARKETING\\SAAS AND APP DEVELOPMENT\\Caio Website Personal Brand\\caio_personal_brand_current_one\\node_modules\\@whiskeysockets\\baileys\\lib\\Socket\\socket.js:524:13)\n    at WebSocketClient.emit (node:events:518:28)\n    at C:\\Users\\55519\\Desktop\\DIGITAL MARKETING\\SAAS AND APP DEVELOPMENT\\Caio Website Personal Brand\\caio_personal_brand_current_one\\node_modules\\@whiskeysockets\\baileys\\lib\\Socket\\socket.js:241:35\n    at Object.decodeFrame (C:\\Users\\55519\\Desktop\\DIGITAL MARKETING\\SAAS AND APP DEVELOPMENT\\Caio Website Personal Brand\\caio_personal_brand_current_one\\node_modules\\@whiskeysockets\\baileys\\lib\\Utils\\noise-handler.js:144:17)\n    at process.processTicksAndRejections (node:internal/process/task_queues:105:5)","msg":"connection errored"}
2025-08-29T19:20:12: 🔄 Scheduling reconnect attempt 1/10 in 5s...
2025-08-29T19:20:17: 🚀 Starting WhatsApp service...
2025-08-29T19:20:17: 📱 WhatsApp service started. Waiting for connection...
2025-08-29T19:20:17: {"level":30,"time":"2025-08-29T18:20:17.745Z","pid":19756,"hostname":"LAPTOP-R3IJ5HFS","class":"baileys","browser":["Chrome (Linux)","",""],"helloMsg":{"clientHello":{"ephemeral":"S0+BPt/Gwn4yAuEimZsNvDuX28/D2jLZLC3BfGtw4UE="}},"msg":"connected to WA"}
2025-08-29T19:20:17: {"level":30,"time":"2025-08-29T18:20:17.853Z","pid":19756,"hostname":"LAPTOP-R3IJ5HFS","class":"baileys","node":{"username":"555193288772","passive":false,"userAgent":{"platform":"WEB","appVersion":{"primary":2,"secondary":3000,"tertiary":1023223821},"mcc":"000","mnc":"000","osVersion":"0.1","device":"Desktop","osBuildNumber":"0.1","releaseChannel":"RELEASE","localeLanguageIso6391":"en","localeCountryIso31661Alpha2":"US"},"webInfo":{"webSubPlatform":"WEB_BROWSER"},"connectType":"WIFI_UNKNOWN","connectReason":"USER_ACTIVATED","device":51,"pull":true},"msg":"logging in..."}
2025-08-29T19:20:18: {"level":30,"time":"2025-08-29T18:20:18.185Z","pid":19756,"hostname":"LAPTOP-R3IJ5HFS","class":"baileys","msg":"19 pre-keys found on server"}
2025-08-29T19:20:18: {"level":30,"time":"2025-08-29T18:20:18.217Z","pid":19756,"hostname":"LAPTOP-R3IJ5HFS","class":"baileys","msg":"handled 0 offline messages/notifications"}
2025-08-29T19:20:18: {"level":30,"time":"2025-08-29T18:20:18.293Z","pid":19756,"hostname":"LAPTOP-R3IJ5HFS","class":"baileys","msg":"opened connection to WA"}
2025-08-29T19:20:18: ✅ WhatsApp connected successfully!
2025-08-29T19:20:23: {"level":50,"time":"2025-08-29T18:20:23.728Z","pid":19756,"hostname":"LAPTOP-R3IJ5HFS","class":"baileys","node":{"tag":"stream:error","attrs":{},"content":[{"tag":"conflict","attrs":{"type":"replaced"}}]},"msg":"stream errored out"}
2025-08-29T19:20:23: {"level":30,"time":"2025-08-29T18:20:23.728Z","pid":19756,"hostname":"LAPTOP-R3IJ5HFS","class":"baileys","trace":"Error: Stream Errored (conflict)\n    at WebSocketClient.<anonymous> (C:\\Users\\55519\\Desktop\\DIGITAL MARKETING\\SAAS AND APP DEVELOPMENT\\Caio Website Personal Brand\\caio_personal_brand_current_one\\node_modules\\@whiskeysockets\\baileys\\lib\\Socket\\socket.js:524:13)\n    at WebSocketClient.emit (node:events:518:28)\n    at C:\\Users\\55519\\Desktop\\DIGITAL MARKETING\\SAAS AND APP DEVELOPMENT\\Caio Website Personal Brand\\caio_personal_brand_current_one\\node_modules\\@whiskeysockets\\baileys\\lib\\Socket\\socket.js:241:35\n    at Object.decodeFrame (C:\\Users\\55519\\Desktop\\DIGITAL MARKETING\\SAAS AND APP DEVELOPMENT\\Caio Website Personal Brand\\caio_personal_brand_current_one\\node_modules\\@whiskeysockets\\baileys\\lib\\Utils\\noise-handler.js:144:17)\n    at process.processTicksAndRejections (node:internal/process/task_queues:105:5)","msg":"connection errored"}
2025-08-29T19:20:23: 🔄 Scheduling reconnect attempt 1/10 in 5s...
2025-08-29T19:20:28: 🚀 Starting WhatsApp service...
2025-08-29T19:20:28: 📱 WhatsApp service started. Waiting for connection...
2025-08-29T19:20:29: {"level":30,"time":"2025-08-29T18:20:29.191Z","pid":19756,"hostname":"LAPTOP-R3IJ5HFS","class":"baileys","browser":["Chrome (Linux)","",""],"helloMsg":{"clientHello":{"ephemeral":"43ehii9OIGGc0LWO3IiGsreYtnxXF0Inf6P3aZnEpE8="}},"msg":"connected to WA"}
2025-08-29T19:20:29: {"level":30,"time":"2025-08-29T18:20:29.340Z","pid":19756,"hostname":"LAPTOP-R3IJ5HFS","class":"baileys","node":{"username":"555193288772","passive":false,"userAgent":{"platform":"WEB","appVersion":{"primary":2,"secondary":3000,"tertiary":1023223821},"mcc":"000","mnc":"000","osVersion":"0.1","device":"Desktop","osBuildNumber":"0.1","releaseChannel":"RELEASE","localeLanguageIso6391":"en","localeCountryIso31661Alpha2":"US"},"webInfo":{"webSubPlatform":"WEB_BROWSER"},"connectType":"WIFI_UNKNOWN","connectReason":"USER_ACTIVATED","device":51,"pull":true},"msg":"logging in..."}
2025-08-29T19:20:29: {"level":30,"time":"2025-08-29T18:20:29.689Z","pid":19756,"hostname":"LAPTOP-R3IJ5HFS","class":"baileys","msg":"handled 0 offline messages/notifications"}
2025-08-29T19:20:29: {"level":30,"time":"2025-08-29T18:20:29.707Z","pid":19756,"hostname":"LAPTOP-R3IJ5HFS","class":"baileys","msg":"19 pre-keys found on server"}
2025-08-29T19:20:29: {"level":30,"time":"2025-08-29T18:20:29.856Z","pid":19756,"hostname":"LAPTOP-R3IJ5HFS","class":"baileys","msg":"opened connection to WA"}
2025-08-29T19:20:29: ✅ WhatsApp connected successfully!
2025-08-29T19:20:35: {"level":50,"time":"2025-08-29T18:20:35.251Z","pid":19756,"hostname":"LAPTOP-R3IJ5HFS","class":"baileys","node":{"tag":"stream:error","attrs":{},"content":[{"tag":"conflict","attrs":{"type":"replaced"}}]},"msg":"stream errored out"}
2025-08-29T19:20:35: {"level":30,"time":"2025-08-29T18:20:35.252Z","pid":19756,"hostname":"LAPTOP-R3IJ5HFS","class":"baileys","trace":"Error: Stream Errored (conflict)\n    at WebSocketClient.<anonymous> (C:\\Users\\55519\\Desktop\\DIGITAL MARKETING\\SAAS AND APP DEVELOPMENT\\Caio Website Personal Brand\\caio_personal_brand_current_one\\node_modules\\@whiskeysockets\\baileys\\lib\\Socket\\socket.js:524:13)\n    at WebSocketClient.emit (node:events:518:28)\n    at C:\\Users\\55519\\Desktop\\DIGITAL MARKETING\\SAAS AND APP DEVELOPMENT\\Caio Website Personal Brand\\caio_personal_brand_current_one\\node_modules\\@whiskeysockets\\baileys\\lib\\Socket\\socket.js:241:35\n    at Object.decodeFrame (C:\\Users\\55519\\Desktop\\DIGITAL MARKETING\\SAAS AND APP DEVELOPMENT\\Caio Website Personal Brand\\caio_personal_brand_current_one\\node_modules\\@whiskeysockets\\baileys\\lib\\Utils\\noise-handler.js:144:17)\n    at process.processTicksAndRejections (node:internal/process/task_queues:105:5)","msg":"connection errored"}
2025-08-29T19:20:35: 🔄 Scheduling reconnect attempt 1/10 in 5s...
2025-08-29T19:20:40: 🚀 Starting WhatsApp service...
2025-08-29T19:20:40: 📱 WhatsApp service started. Waiting for connection...
2025-08-29T19:20:40: {"level":30,"time":"2025-08-29T18:20:40.462Z","pid":19756,"hostname":"LAPTOP-R3IJ5HFS","class":"baileys","browser":["Chrome (Linux)","",""],"helloMsg":{"clientHello":{"ephemeral":"ToRwh9UMKMYW4SDQ5T5AtUIg1C+0N87Kki0FvG7EYB8="}},"msg":"connected to WA"}
2025-08-29T19:20:40: {"level":30,"time":"2025-08-29T18:20:40.532Z","pid":19756,"hostname":"LAPTOP-R3IJ5HFS","class":"baileys","node":{"username":"555193288772","passive":false,"userAgent":{"platform":"WEB","appVersion":{"primary":2,"secondary":3000,"tertiary":1023223821},"mcc":"000","mnc":"000","osVersion":"0.1","device":"Desktop","osBuildNumber":"0.1","releaseChannel":"RELEASE","localeLanguageIso6391":"en","localeCountryIso31661Alpha2":"US"},"webInfo":{"webSubPlatform":"WEB_BROWSER"},"connectType":"WIFI_UNKNOWN","connectReason":"USER_ACTIVATED","device":51,"pull":true},"msg":"logging in..."}
2025-08-29T19:20:41: {"level":30,"time":"2025-08-29T18:20:41.117Z","pid":19756,"hostname":"LAPTOP-R3IJ5HFS","class":"baileys","msg":"19 pre-keys found on server"}
2025-08-29T19:20:41: {"level":30,"time":"2025-08-29T18:20:41.137Z","pid":19756,"hostname":"LAPTOP-R3IJ5HFS","class":"baileys","msg":"handled 0 offline messages/notifications"}
2025-08-29T19:20:41: {"level":30,"time":"2025-08-29T18:20:41.182Z","pid":19756,"hostname":"LAPTOP-R3IJ5HFS","class":"baileys","msg":"opened connection to WA"}
2025-08-29T19:20:41: ✅ WhatsApp connected successfully!
2025-08-29T19:20:46: {"level":50,"time":"2025-08-29T18:20:46.616Z","pid":19756,"hostname":"LAPTOP-R3IJ5HFS","class":"baileys","node":{"tag":"stream:error","attrs":{},"content":[{"tag":"conflict","attrs":{"type":"replaced"}}]},"msg":"stream errored out"}
2025-08-29T19:20:46: {"level":30,"time":"2025-08-29T18:20:46.617Z","pid":19756,"hostname":"LAPTOP-R3IJ5HFS","class":"baileys","trace":"Error: Stream Errored (conflict)\n    at WebSocketClient.<anonymous> (C:\\Users\\55519\\Desktop\\DIGITAL MARKETING\\SAAS AND APP DEVELOPMENT\\Caio Website Personal Brand\\caio_personal_brand_current_one\\node_modules\\@whiskeysockets\\baileys\\lib\\Socket\\socket.js:524:13)\n    at WebSocketClient.emit (node:events:518:28)\n    at C:\\Users\\55519\\Desktop\\DIGITAL MARKETING\\SAAS AND APP DEVELOPMENT\\Caio Website Personal Brand\\caio_personal_brand_current_one\\node_modules\\@whiskeysockets\\baileys\\lib\\Socket\\socket.js:241:35\n    at Object.decodeFrame (C:\\Users\\55519\\Desktop\\DIGITAL MARKETING\\SAAS AND APP DEVELOPMENT\\Caio Website Personal Brand\\caio_personal_brand_current_one\\node_modules\\@whiskeysockets\\baileys\\lib\\Utils\\noise-handler.js:144:17)\n    at process.processTicksAndRejections (node:internal/process/task_queues:105:5)","msg":"connection errored"}
2025-08-29T19:20:46: 🔄 Scheduling reconnect attempt 1/10 in 5s...
2025-08-29T19:20:51: 🚀 Starting WhatsApp service...
2025-08-29T19:20:51: 📱 WhatsApp service started. Waiting for connection...
2025-08-29T19:20:51: {"level":30,"time":"2025-08-29T18:20:51.844Z","pid":19756,"hostname":"LAPTOP-R3IJ5HFS","class":"baileys","browser":["Chrome (Linux)","",""],"helloMsg":{"clientHello":{"ephemeral":"5BPeOVsdxS+37zl77coZSL+mHqBoDoUFfEGj9D5AQXk="}},"msg":"connected to WA"}
2025-08-29T19:20:52: {"level":30,"time":"2025-08-29T18:20:52.015Z","pid":19756,"hostname":"LAPTOP-R3IJ5HFS","class":"baileys","node":{"username":"555193288772","passive":false,"userAgent":{"platform":"WEB","appVersion":{"primary":2,"secondary":3000,"tertiary":1023223821},"mcc":"000","mnc":"000","osVersion":"0.1","device":"Desktop","osBuildNumber":"0.1","releaseChannel":"RELEASE","localeLanguageIso6391":"en","localeCountryIso31661Alpha2":"US"},"webInfo":{"webSubPlatform":"WEB_BROWSER"},"connectType":"WIFI_UNKNOWN","connectReason":"USER_ACTIVATED","device":51,"pull":true},"msg":"logging in..."}
2025-08-29T19:20:52: {"level":30,"time":"2025-08-29T18:20:52.496Z","pid":19756,"hostname":"LAPTOP-R3IJ5HFS","class":"baileys","msg":"handled 0 offline messages/notifications"}
2025-08-29T19:20:52: {"level":30,"time":"2025-08-29T18:20:52.543Z","pid":19756,"hostname":"LAPTOP-R3IJ5HFS","class":"baileys","msg":"18 pre-keys found on server"}
2025-08-29T19:20:52: {"level":30,"time":"2025-08-29T18:20:52.712Z","pid":19756,"hostname":"LAPTOP-R3IJ5HFS","class":"baileys","msg":"opened connection to WA"}
2025-08-29T19:20:52: ✅ WhatsApp connected successfully!
2025-08-29T19:20:58: {"level":50,"time":"2025-08-29T18:20:58.062Z","pid":19756,"hostname":"LAPTOP-R3IJ5HFS","class":"baileys","node":{"tag":"stream:error","attrs":{},"content":[{"tag":"conflict","attrs":{"type":"replaced"}}]},"msg":"stream errored out"}
2025-08-29T19:20:58: {"level":30,"time":"2025-08-29T18:20:58.062Z","pid":19756,"hostname":"LAPTOP-R3IJ5HFS","class":"baileys","trace":"Error: Stream Errored (conflict)\n    at WebSocketClient.<anonymous> (C:\\Users\\55519\\Desktop\\DIGITAL MARKETING\\SAAS AND APP DEVELOPMENT\\Caio Website Personal Brand\\caio_personal_brand_current_one\\node_modules\\@whiskeysockets\\baileys\\lib\\Socket\\socket.js:524:13)\n    at WebSocketClient.emit (node:events:518:28)\n    at C:\\Users\\55519\\Desktop\\DIGITAL MARKETING\\SAAS AND APP DEVELOPMENT\\Caio Website Personal Brand\\caio_personal_brand_current_one\\node_modules\\@whiskeysockets\\baileys\\lib\\Socket\\socket.js:241:35\n    at Object.decodeFrame (C:\\Users\\55519\\Desktop\\DIGITAL MARKETING\\SAAS AND APP DEVELOPMENT\\Caio Website Personal Brand\\caio_personal_brand_current_one\\node_modules\\@whiskeysockets\\baileys\\lib\\Utils\\noise-handler.js:144:17)\n    at process.processTicksAndRejections (node:internal/process/task_queues:105:5)","msg":"connection errored"}
2025-08-29T19:20:58: 🔄 Scheduling reconnect attempt 1/10 in 5s...
2025-08-29T19:21:03: 🚀 Starting WhatsApp service...
2025-08-29T19:21:03: 📱 WhatsApp service started. Waiting for connection...
2025-08-29T19:21:03: {"level":30,"time":"2025-08-29T18:21:03.412Z","pid":19756,"hostname":"LAPTOP-R3IJ5HFS","class":"baileys","browser":["Chrome (Linux)","",""],"helloMsg":{"clientHello":{"ephemeral":"YdhIwSopbc74IPIbHmk6BUan0DEnJ7JEW3HMZNXZjGg="}},"msg":"connected to WA"}
2025-08-29T19:21:03: {"level":30,"time":"2025-08-29T18:21:03.537Z","pid":19756,"hostname":"LAPTOP-R3IJ5HFS","class":"baileys","node":{"username":"555193288772","passive":false,"userAgent":{"platform":"WEB","appVersion":{"primary":2,"secondary":3000,"tertiary":1023223821},"mcc":"000","mnc":"000","osVersion":"0.1","device":"Desktop","osBuildNumber":"0.1","releaseChannel":"RELEASE","localeLanguageIso6391":"en","localeCountryIso31661Alpha2":"US"},"webInfo":{"webSubPlatform":"WEB_BROWSER"},"connectType":"WIFI_UNKNOWN","connectReason":"USER_ACTIVATED","device":51,"pull":true},"msg":"logging in..."}
2025-08-29T19:21:03: {"level":30,"time":"2025-08-29T18:21:03.887Z","pid":19756,"hostname":"LAPTOP-R3IJ5HFS","class":"baileys","msg":"18 pre-keys found on server"}
2025-08-29T19:21:03: {"level":30,"time":"2025-08-29T18:21:03.919Z","pid":19756,"hostname":"LAPTOP-R3IJ5HFS","class":"baileys","msg":"handled 0 offline messages/notifications"}
2025-08-29T19:21:03: {"level":30,"time":"2025-08-29T18:21:03.995Z","pid":19756,"hostname":"LAPTOP-R3IJ5HFS","class":"baileys","msg":"opened connection to WA"}
2025-08-29T19:21:04: ✅ WhatsApp connected successfully!
2025-08-29T19:21:09: {"level":50,"time":"2025-08-29T18:21:09.487Z","pid":19756,"hostname":"LAPTOP-R3IJ5HFS","class":"baileys","node":{"tag":"stream:error","attrs":{},"content":[{"tag":"conflict","attrs":{"type":"replaced"}}]},"msg":"stream errored out"}
2025-08-29T19:21:09: {"level":30,"time":"2025-08-29T18:21:09.488Z","pid":19756,"hostname":"LAPTOP-R3IJ5HFS","class":"baileys","trace":"Error: Stream Errored (conflict)\n    at WebSocketClient.<anonymous> (C:\\Users\\55519\\Desktop\\DIGITAL MARKETING\\SAAS AND APP DEVELOPMENT\\Caio Website Personal Brand\\caio_personal_brand_current_one\\node_modules\\@whiskeysockets\\baileys\\lib\\Socket\\socket.js:524:13)\n    at WebSocketClient.emit (node:events:518:28)\n    at C:\\Users\\55519\\Desktop\\DIGITAL MARKETING\\SAAS AND APP DEVELOPMENT\\Caio Website Personal Brand\\caio_personal_brand_current_one\\node_modules\\@whiskeysockets\\baileys\\lib\\Socket\\socket.js:241:35\n    at Object.decodeFrame (C:\\Users\\55519\\Desktop\\DIGITAL MARKETING\\SAAS AND APP DEVELOPMENT\\Caio Website Personal Brand\\caio_personal_brand_current_one\\node_modules\\@whiskeysockets\\baileys\\lib\\Utils\\noise-handler.js:144:17)\n    at process.processTicksAndRejections (node:internal/process/task_queues:105:5)","msg":"connection errored"}
2025-08-29T19:21:09: 🔄 Scheduling reconnect attempt 1/10 in 5s...
2025-08-29T19:21:14: 🚀 Starting WhatsApp service...
2025-08-29T19:21:14: 📱 WhatsApp service started. Waiting for connection...
2025-08-29T19:21:14: {"level":30,"time":"2025-08-29T18:21:14.701Z","pid":19756,"hostname":"LAPTOP-R3IJ5HFS","class":"baileys","browser":["Chrome (Linux)","",""],"helloMsg":{"clientHello":{"ephemeral":"S/gr42ZOketA05d+A/PsSDeqOzvQaz8dHYWVHxgD3Ds="}},"msg":"connected to WA"}
2025-08-29T19:21:14: {"level":30,"time":"2025-08-29T18:21:14.858Z","pid":19756,"hostname":"LAPTOP-R3IJ5HFS","class":"baileys","node":{"username":"555193288772","passive":false,"userAgent":{"platform":"WEB","appVersion":{"primary":2,"secondary":3000,"tertiary":1023223821},"mcc":"000","mnc":"000","osVersion":"0.1","device":"Desktop","osBuildNumber":"0.1","releaseChannel":"RELEASE","localeLanguageIso6391":"en","localeCountryIso31661Alpha2":"US"},"webInfo":{"webSubPlatform":"WEB_BROWSER"},"connectType":"WIFI_UNKNOWN","connectReason":"USER_ACTIVATED","device":51,"pull":true},"msg":"logging in..."}
2025-08-29T19:21:15: {"level":30,"time":"2025-08-29T18:21:15.213Z","pid":19756,"hostname":"LAPTOP-R3IJ5HFS","class":"baileys","msg":"18 pre-keys found on server"}
2025-08-29T19:21:15: {"level":30,"time":"2025-08-29T18:21:15.270Z","pid":19756,"hostname":"LAPTOP-R3IJ5HFS","class":"baileys","msg":"handled 0 offline messages/notifications"}
2025-08-29T19:21:15: {"level":30,"time":"2025-08-29T18:21:15.358Z","pid":19756,"hostname":"LAPTOP-R3IJ5HFS","class":"baileys","msg":"opened connection to WA"}
2025-08-29T19:21:15: ✅ WhatsApp connected successfully!
2025-08-29T19:21:20: {"level":50,"time":"2025-08-29T18:21:20.804Z","pid":19756,"hostname":"LAPTOP-R3IJ5HFS","class":"baileys","node":{"tag":"stream:error","attrs":{},"content":[{"tag":"conflict","attrs":{"type":"replaced"}}]},"msg":"stream errored out"}
2025-08-29T19:21:20: {"level":30,"time":"2025-08-29T18:21:20.805Z","pid":19756,"hostname":"LAPTOP-R3IJ5HFS","class":"baileys","trace":"Error: Stream Errored (conflict)\n    at WebSocketClient.<anonymous> (C:\\Users\\55519\\Desktop\\DIGITAL MARKETING\\SAAS AND APP DEVELOPMENT\\Caio Website Personal Brand\\caio_personal_brand_current_one\\node_modules\\@whiskeysockets\\baileys\\lib\\Socket\\socket.js:524:13)\n    at WebSocketClient.emit (node:events:518:28)\n    at C:\\Users\\55519\\Desktop\\DIGITAL MARKETING\\SAAS AND APP DEVELOPMENT\\Caio Website Personal Brand\\caio_personal_brand_current_one\\node_modules\\@whiskeysockets\\baileys\\lib\\Socket\\socket.js:241:35\n    at Object.decodeFrame (C:\\Users\\55519\\Desktop\\DIGITAL MARKETING\\SAAS AND APP DEVELOPMENT\\Caio Website Personal Brand\\caio_personal_brand_current_one\\node_modules\\@whiskeysockets\\baileys\\lib\\Utils\\noise-handler.js:144:17)\n    at process.processTicksAndRejections (node:internal/process/task_queues:105:5)","msg":"connection errored"}
2025-08-29T19:21:20: 🔄 Scheduling reconnect attempt 1/10 in 5s...
2025-08-29T19:21:25: 🚀 Starting WhatsApp service...
2025-08-29T19:21:25: 📱 WhatsApp service started. Waiting for connection...
2025-08-29T19:21:26: {"level":30,"time":"2025-08-29T18:21:26.007Z","pid":19756,"hostname":"LAPTOP-R3IJ5HFS","class":"baileys","browser":["Chrome (Linux)","",""],"helloMsg":{"clientHello":{"ephemeral":"PYKHDy1+LQVOCxJqPZf63nYFqJMoXDVN5ZsTF7XAUD4="}},"msg":"connected to WA"}
2025-08-29T19:21:26: {"level":30,"time":"2025-08-29T18:21:26.163Z","pid":19756,"hostname":"LAPTOP-R3IJ5HFS","class":"baileys","node":{"username":"555193288772","passive":false,"userAgent":{"platform":"WEB","appVersion":{"primary":2,"secondary":3000,"tertiary":1023223821},"mcc":"000","mnc":"000","osVersion":"0.1","device":"Desktop","osBuildNumber":"0.1","releaseChannel":"RELEASE","localeLanguageIso6391":"en","localeCountryIso31661Alpha2":"US"},"webInfo":{"webSubPlatform":"WEB_BROWSER"},"connectType":"WIFI_UNKNOWN","connectReason":"USER_ACTIVATED","device":51,"pull":true},"msg":"logging in..."}
2025-08-29T19:21:26: {"level":30,"time":"2025-08-29T18:21:26.531Z","pid":19756,"hostname":"LAPTOP-R3IJ5HFS","class":"baileys","msg":"18 pre-keys found on server"}
2025-08-29T19:21:26: {"level":30,"time":"2025-08-29T18:21:26.597Z","pid":19756,"hostname":"LAPTOP-R3IJ5HFS","class":"baileys","msg":"handled 0 offline messages/notifications"}
2025-08-29T19:21:26: {"level":30,"time":"2025-08-29T18:21:26.687Z","pid":19756,"hostname":"LAPTOP-R3IJ5HFS","class":"baileys","msg":"opened connection to WA"}
2025-08-29T19:21:26: ✅ WhatsApp connected successfully!
2025-08-29T19:21:32: {"level":50,"time":"2025-08-29T18:21:32.142Z","pid":19756,"hostname":"LAPTOP-R3IJ5HFS","class":"baileys","node":{"tag":"stream:error","attrs":{},"content":[{"tag":"conflict","attrs":{"type":"replaced"}}]},"msg":"stream errored out"}
2025-08-29T19:21:32: {"level":30,"time":"2025-08-29T18:21:32.142Z","pid":19756,"hostname":"LAPTOP-R3IJ5HFS","class":"baileys","trace":"Error: Stream Errored (conflict)\n    at WebSocketClient.<anonymous> (C:\\Users\\55519\\Desktop\\DIGITAL MARKETING\\SAAS AND APP DEVELOPMENT\\Caio Website Personal Brand\\caio_personal_brand_current_one\\node_modules\\@whiskeysockets\\baileys\\lib\\Socket\\socket.js:524:13)\n    at WebSocketClient.emit (node:events:518:28)\n    at C:\\Users\\55519\\Desktop\\DIGITAL MARKETING\\SAAS AND APP DEVELOPMENT\\Caio Website Personal Brand\\caio_personal_brand_current_one\\node_modules\\@whiskeysockets\\baileys\\lib\\Socket\\socket.js:241:35\n    at Object.decodeFrame (C:\\Users\\55519\\Desktop\\DIGITAL MARKETING\\SAAS AND APP DEVELOPMENT\\Caio Website Personal Brand\\caio_personal_brand_current_one\\node_modules\\@whiskeysockets\\baileys\\lib\\Utils\\noise-handler.js:144:17)\n    at process.processTicksAndRejections (node:internal/process/task_queues:105:5)","msg":"connection errored"}
2025-08-29T19:21:32: 🔄 Scheduling reconnect attempt 1/10 in 5s...
2025-08-29T19:21:37: 🚀 Starting WhatsApp service...
2025-08-29T19:21:37: 📱 WhatsApp service started. Waiting for connection...
2025-08-29T19:21:37: {"level":30,"time":"2025-08-29T18:21:37.310Z","pid":19756,"hostname":"LAPTOP-R3IJ5HFS","class":"baileys","browser":["Chrome (Linux)","",""],"helloMsg":{"clientHello":{"ephemeral":"MiFIqHzqSprLo2hARuzn3T0h7dztSXykX16fbGpQkyI="}},"msg":"connected to WA"}
2025-08-29T19:21:37: {"level":30,"time":"2025-08-29T18:21:37.421Z","pid":19756,"hostname":"LAPTOP-R3IJ5HFS","class":"baileys","node":{"username":"555193288772","passive":false,"userAgent":{"platform":"WEB","appVersion":{"primary":2,"secondary":3000,"tertiary":1023223821},"mcc":"000","mnc":"000","osVersion":"0.1","device":"Desktop","osBuildNumber":"0.1","releaseChannel":"RELEASE","localeLanguageIso6391":"en","localeCountryIso31661Alpha2":"US"},"webInfo":{"webSubPlatform":"WEB_BROWSER"},"connectType":"WIFI_UNKNOWN","connectReason":"USER_ACTIVATED","device":51,"pull":true},"msg":"logging in..."}
2025-08-29T19:21:37: {"level":30,"time":"2025-08-29T18:21:37.761Z","pid":19756,"hostname":"LAPTOP-R3IJ5HFS","class":"baileys","msg":"18 pre-keys found on server"}
2025-08-29T19:21:37: {"level":30,"time":"2025-08-29T18:21:37.792Z","pid":19756,"hostname":"LAPTOP-R3IJ5HFS","class":"baileys","msg":"handled 0 offline messages/notifications"}
2025-08-29T19:21:37: {"level":30,"time":"2025-08-29T18:21:37.869Z","pid":19756,"hostname":"LAPTOP-R3IJ5HFS","class":"baileys","msg":"opened connection to WA"}
2025-08-29T19:21:37: ✅ WhatsApp connected successfully!
2025-08-29T19:21:38: {"level":30,"time":"2025-08-29T18:21:38.648Z","pid":19756,"hostname":"LAPTOP-R3IJ5HFS","class":"baileys","newAppStateSyncKeyId":"AAAAACxU","newKeys":["AAAAACxU"],"msg":"injecting new app state sync keys"}
2025-08-29T19:21:38: {"level":30,"time":"2025-08-29T18:21:38.999Z","pid":19756,"hostname":"LAPTOP-R3IJ5HFS","class":"baileys","msg":"resyncing regular from v0"}
2025-08-29T19:21:39: {"level":30,"time":"2025-08-29T18:21:39.423Z","pid":19756,"hostname":"LAPTOP-R3IJ5HFS","class":"baileys","name":"regular","error":"Error: failed to find key \"AAAAACxR\" to decode patch\n    at decodeSyncdPatch (C:\\Users\\55519\\Desktop\\DIGITAL MARKETING\\SAAS AND APP DEVELOPMENT\\Caio Website Personal Brand\\caio_personal_brand_current_one\\node_modules\\@whiskeysockets\\baileys\\lib\\Utils\\chat-utils.js:203:19)\n    at async decodePatches (C:\\Users\\55519\\Desktop\\DIGITAL MARKETING\\SAAS AND APP DEVELOPMENT\\Caio Website Personal Brand\\caio_personal_brand_current_one\\node_modules\\@whiskeysockets\\baileys\\lib\\Utils\\chat-utils.js:319:30)\n    at async C:\\Users\\55519\\Desktop\\DIGITAL MARKETING\\SAAS AND APP DEVELOPMENT\\Caio Website Personal Brand\\caio_personal_brand_current_one\\node_modules\\@whiskeysockets\\baileys\\lib\\Socket\\chats.js:423:70\n    at async Object.transaction (C:\\Users\\55519\\Desktop\\DIGITAL MARKETING\\SAAS AND APP DEVELOPMENT\\Caio Website Personal Brand\\caio_personal_brand_current_one\\node_modules\\@whiskeysockets\\baileys\\lib\\Utils\\auth-utils.js:135:26)\n    at async C:\\Users\\55519\\Desktop\\DIGITAL MARKETING\\SAAS AND APP DEVELOPMENT\\Caio Website Personal Brand\\caio_personal_brand_current_one\\node_modules\\@whiskeysockets\\baileys\\lib\\Socket\\chats.js:359:9\n    at async C:\\Users\\55519\\Desktop\\DIGITAL MARKETING\\SAAS AND APP DEVELOPMENT\\Caio Website Personal Brand\\caio_personal_brand_current_one\\node_modules\\@whiskeysockets\\baileys\\lib\\Utils\\event-buffer.js:105:36\n    at async processNotification (C:\\Users\\55519\\Desktop\\DIGITAL MARKETING\\SAAS AND APP DEVELOPMENT\\Caio Website Personal Brand\\caio_personal_brand_current_one\\node_modules\\@whiskeysockets\\baileys\\lib\\Socket\\messages-recv.js:318:21)\n    at async C:\\Users\\55519\\Desktop\\DIGITAL MARKETING\\SAAS AND APP DEVELOPMENT\\Caio Website Personal Brand\\caio_personal_brand_current_one\\node_modules\\@whiskeysockets\\baileys\\lib\\Socket\\messages-recv.js:579:33\n    at async C:\\Users\\55519\\Desktop\\DIGITAL MARKETING\\SAAS AND APP DEVELOPMENT\\Caio Website Personal Brand\\caio_personal_brand_current_one\\node_modules\\@whiskeysockets\\baileys\\lib\\Utils\\make-mutex.js:19:36\n    at async Promise.all (index 0)","msg":"failed to sync state from version"}
2025-08-29T19:21:43: {"level":50,"time":"2025-08-29T18:21:43.267Z","pid":19756,"hostname":"LAPTOP-R3IJ5HFS","class":"baileys","node":{"tag":"stream:error","attrs":{},"content":[{"tag":"conflict","attrs":{"type":"replaced"}}]},"msg":"stream errored out"}
2025-08-29T19:21:43: {"level":30,"time":"2025-08-29T18:21:43.268Z","pid":19756,"hostname":"LAPTOP-R3IJ5HFS","class":"baileys","trace":"Error: Stream Errored (conflict)\n    at WebSocketClient.<anonymous> (C:\\Users\\55519\\Desktop\\DIGITAL MARKETING\\SAAS AND APP DEVELOPMENT\\Caio Website Personal Brand\\caio_personal_brand_current_one\\node_modules\\@whiskeysockets\\baileys\\lib\\Socket\\socket.js:524:13)\n    at WebSocketClient.emit (node:events:518:28)\n    at C:\\Users\\55519\\Desktop\\DIGITAL MARKETING\\SAAS AND APP DEVELOPMENT\\Caio Website Personal Brand\\caio_personal_brand_current_one\\node_modules\\@whiskeysockets\\baileys\\lib\\Socket\\socket.js:241:35\n    at Object.decodeFrame (C:\\Users\\55519\\Desktop\\DIGITAL MARKETING\\SAAS AND APP DEVELOPMENT\\Caio Website Personal Brand\\caio_personal_brand_current_one\\node_modules\\@whiskeysockets\\baileys\\lib\\Utils\\noise-handler.js:144:17)\n    at process.processTicksAndRejections (node:internal/process/task_queues:105:5)","msg":"connection errored"}
2025-08-29T19:21:43: 🔄 Scheduling reconnect attempt 1/10 in 5s...
2025-08-29T19:21:48: 🚀 Starting WhatsApp service...
2025-08-29T19:21:48: 📱 WhatsApp service started. Waiting for connection...
2025-08-29T19:21:48: {"level":30,"time":"2025-08-29T18:21:48.798Z","pid":19756,"hostname":"LAPTOP-R3IJ5HFS","class":"baileys","browser":["Chrome (Linux)","",""],"helloMsg":{"clientHello":{"ephemeral":"KBeScXWWz3z7TipYQ/4kuChZ1agYGXIzIgxwUOkfPwk="}},"msg":"connected to WA"}
2025-08-29T19:21:48: {"level":30,"time":"2025-08-29T18:21:48.975Z","pid":19756,"hostname":"LAPTOP-R3IJ5HFS","class":"baileys","node":{"username":"555193288772","passive":false,"userAgent":{"platform":"WEB","appVersion":{"primary":2,"secondary":3000,"tertiary":1023223821},"mcc":"000","mnc":"000","osVersion":"0.1","device":"Desktop","osBuildNumber":"0.1","releaseChannel":"RELEASE","localeLanguageIso6391":"en","localeCountryIso31661Alpha2":"US"},"webInfo":{"webSubPlatform":"WEB_BROWSER"},"connectType":"WIFI_UNKNOWN","connectReason":"USER_ACTIVATED","device":51,"pull":true},"msg":"logging in..."}
2025-08-29T19:21:49: {"level":30,"time":"2025-08-29T18:21:49.489Z","pid":19756,"hostname":"LAPTOP-R3IJ5HFS","class":"baileys","msg":"18 pre-keys found on server"}
2025-08-29T19:21:49: {"level":30,"time":"2025-08-29T18:21:49.550Z","pid":19756,"hostname":"LAPTOP-R3IJ5HFS","class":"baileys","msg":"handled 0 offline messages/notifications"}
2025-08-29T19:21:49: {"level":30,"time":"2025-08-29T18:21:49.660Z","pid":19756,"hostname":"LAPTOP-R3IJ5HFS","class":"baileys","msg":"opened connection to WA"}
2025-08-29T19:21:49: ✅ WhatsApp connected successfully!
2025-08-29T19:21:55: {"level":50,"time":"2025-08-29T18:21:55.142Z","pid":19756,"hostname":"LAPTOP-R3IJ5HFS","class":"baileys","node":{"tag":"stream:error","attrs":{},"content":[{"tag":"conflict","attrs":{"type":"replaced"}}]},"msg":"stream errored out"}
2025-08-29T19:21:55: {"level":30,"time":"2025-08-29T18:21:55.142Z","pid":19756,"hostname":"LAPTOP-R3IJ5HFS","class":"baileys","trace":"Error: Stream Errored (conflict)\n    at WebSocketClient.<anonymous> (C:\\Users\\55519\\Desktop\\DIGITAL MARKETING\\SAAS AND APP DEVELOPMENT\\Caio Website Personal Brand\\caio_personal_brand_current_one\\node_modules\\@whiskeysockets\\baileys\\lib\\Socket\\socket.js:524:13)\n    at WebSocketClient.emit (node:events:518:28)\n    at C:\\Users\\55519\\Desktop\\DIGITAL MARKETING\\SAAS AND APP DEVELOPMENT\\Caio Website Personal Brand\\caio_personal_brand_current_one\\node_modules\\@whiskeysockets\\baileys\\lib\\Socket\\socket.js:241:35\n    at Object.decodeFrame (C:\\Users\\55519\\Desktop\\DIGITAL MARKETING\\SAAS AND APP DEVELOPMENT\\Caio Website Personal Brand\\caio_personal_brand_current_one\\node_modules\\@whiskeysockets\\baileys\\lib\\Utils\\noise-handler.js:144:17)\n    at process.processTicksAndRejections (node:internal/process/task_queues:105:5)","msg":"connection errored"}
2025-08-29T19:21:55: 🔄 Scheduling reconnect attempt 1/10 in 5s...
2025-08-29T19:22:00: 🚀 Starting WhatsApp service...
2025-08-29T19:22:00: 📱 WhatsApp service started. Waiting for connection...
2025-08-29T19:22:00: {"level":30,"time":"2025-08-29T18:22:00.852Z","pid":19756,"hostname":"LAPTOP-R3IJ5HFS","class":"baileys","browser":["Chrome (Linux)","",""],"helloMsg":{"clientHello":{"ephemeral":"gX21hMds+nE0PGy38VKtHnXyniRD0GdlcandFDn2BiQ="}},"msg":"connected to WA"}
2025-08-29T19:22:00: {"level":30,"time":"2025-08-29T18:22:00.946Z","pid":19756,"hostname":"LAPTOP-R3IJ5HFS","class":"baileys","node":{"username":"555193288772","passive":false,"userAgent":{"platform":"WEB","appVersion":{"primary":2,"secondary":3000,"tertiary":1023223821},"mcc":"000","mnc":"000","osVersion":"0.1","device":"Desktop","osBuildNumber":"0.1","releaseChannel":"RELEASE","localeLanguageIso6391":"en","localeCountryIso31661Alpha2":"US"},"webInfo":{"webSubPlatform":"WEB_BROWSER"},"connectType":"WIFI_UNKNOWN","connectReason":"USER_ACTIVATED","device":51,"pull":true},"msg":"logging in..."}
2025-08-29T19:22:01: {"level":30,"time":"2025-08-29T18:22:01.648Z","pid":19756,"hostname":"LAPTOP-R3IJ5HFS","class":"baileys","msg":"18 pre-keys found on server"}
2025-08-29T19:22:01: {"level":30,"time":"2025-08-29T18:22:01.652Z","pid":19756,"hostname":"LAPTOP-R3IJ5HFS","class":"baileys","msg":"handled 0 offline messages/notifications"}
2025-08-29T19:22:01: {"level":30,"time":"2025-08-29T18:22:01.730Z","pid":19756,"hostname":"LAPTOP-R3IJ5HFS","class":"baileys","msg":"opened connection to WA"}
2025-08-29T19:22:01: ✅ WhatsApp connected successfully!
2025-08-29T19:22:07: {"level":50,"time":"2025-08-29T18:22:07.341Z","pid":19756,"hostname":"LAPTOP-R3IJ5HFS","class":"baileys","node":{"tag":"stream:error","attrs":{},"content":[{"tag":"conflict","attrs":{"type":"replaced"}}]},"msg":"stream errored out"}
2025-08-29T19:22:07: {"level":30,"time":"2025-08-29T18:22:07.342Z","pid":19756,"hostname":"LAPTOP-R3IJ5HFS","class":"baileys","trace":"Error: Stream Errored (conflict)\n    at WebSocketClient.<anonymous> (C:\\Users\\55519\\Desktop\\DIGITAL MARKETING\\SAAS AND APP DEVELOPMENT\\Caio Website Personal Brand\\caio_personal_brand_current_one\\node_modules\\@whiskeysockets\\baileys\\lib\\Socket\\socket.js:524:13)\n    at WebSocketClient.emit (node:events:518:28)\n    at C:\\Users\\55519\\Desktop\\DIGITAL MARKETING\\SAAS AND APP DEVELOPMENT\\Caio Website Personal Brand\\caio_personal_brand_current_one\\node_modules\\@whiskeysockets\\baileys\\lib\\Socket\\socket.js:241:35\n    at Object.decodeFrame (C:\\Users\\55519\\Desktop\\DIGITAL MARKETING\\SAAS AND APP DEVELOPMENT\\Caio Website Personal Brand\\caio_personal_brand_current_one\\node_modules\\@whiskeysockets\\baileys\\lib\\Utils\\noise-handler.js:144:17)\n    at process.processTicksAndRejections (node:internal/process/task_queues:105:5)","msg":"connection errored"}
2025-08-29T19:22:07: 🔄 Scheduling reconnect attempt 1/10 in 5s...
2025-08-29T19:22:12: 🚀 Starting WhatsApp service...
2025-08-29T19:22:12: 📱 WhatsApp service started. Waiting for connection...
2025-08-29T19:22:12: {"level":30,"time":"2025-08-29T18:22:12.526Z","pid":19756,"hostname":"LAPTOP-R3IJ5HFS","class":"baileys","browser":["Chrome (Linux)","",""],"helloMsg":{"clientHello":{"ephemeral":"n9m7mTiT6RntIiDXUfGIuGfIUh1ehxtG/+F14/WwXx8="}},"msg":"connected to WA"}
2025-08-29T19:22:12: {"level":30,"time":"2025-08-29T18:22:12.608Z","pid":19756,"hostname":"LAPTOP-R3IJ5HFS","class":"baileys","node":{"username":"555193288772","passive":false,"userAgent":{"platform":"WEB","appVersion":{"primary":2,"secondary":3000,"tertiary":1023223821},"mcc":"000","mnc":"000","osVersion":"0.1","device":"Desktop","osBuildNumber":"0.1","releaseChannel":"RELEASE","localeLanguageIso6391":"en","localeCountryIso31661Alpha2":"US"},"webInfo":{"webSubPlatform":"WEB_BROWSER"},"connectType":"WIFI_UNKNOWN","connectReason":"USER_ACTIVATED","device":51,"pull":true},"msg":"logging in..."}
2025-08-29T19:22:13: {"level":30,"time":"2025-08-29T18:22:13.193Z","pid":19756,"hostname":"LAPTOP-R3IJ5HFS","class":"baileys","msg":"handled 0 offline messages/notifications"}
2025-08-29T19:22:13: {"level":30,"time":"2025-08-29T18:22:13.343Z","pid":19756,"hostname":"LAPTOP-R3IJ5HFS","class":"baileys","msg":"18 pre-keys found on server"}
2025-08-29T19:22:13: {"level":30,"time":"2025-08-29T18:22:13.411Z","pid":19756,"hostname":"LAPTOP-R3IJ5HFS","class":"baileys","msg":"opened connection to WA"}
2025-08-29T19:22:13: ✅ WhatsApp connected successfully!
2025-08-29T19:22:18: {"level":50,"time":"2025-08-29T18:22:18.840Z","pid":19756,"hostname":"LAPTOP-R3IJ5HFS","class":"baileys","node":{"tag":"stream:error","attrs":{},"content":[{"tag":"conflict","attrs":{"type":"replaced"}}]},"msg":"stream errored out"}
2025-08-29T19:22:18: {"level":30,"time":"2025-08-29T18:22:18.841Z","pid":19756,"hostname":"LAPTOP-R3IJ5HFS","class":"baileys","trace":"Error: Stream Errored (conflict)\n    at WebSocketClient.<anonymous> (C:\\Users\\55519\\Desktop\\DIGITAL MARKETING\\SAAS AND APP DEVELOPMENT\\Caio Website Personal Brand\\caio_personal_brand_current_one\\node_modules\\@whiskeysockets\\baileys\\lib\\Socket\\socket.js:524:13)\n    at WebSocketClient.emit (node:events:518:28)\n    at C:\\Users\\55519\\Desktop\\DIGITAL MARKETING\\SAAS AND APP DEVELOPMENT\\Caio Website Personal Brand\\caio_personal_brand_current_one\\node_modules\\@whiskeysockets\\baileys\\lib\\Socket\\socket.js:241:35\n    at Object.decodeFrame (C:\\Users\\55519\\Desktop\\DIGITAL MARKETING\\SAAS AND APP DEVELOPMENT\\Caio Website Personal Brand\\caio_personal_brand_current_one\\node_modules\\@whiskeysockets\\baileys\\lib\\Utils\\noise-handler.js:144:17)\n    at process.processTicksAndRejections (node:internal/process/task_queues:105:5)","msg":"connection errored"}
2025-08-29T19:22:18: 🔄 Scheduling reconnect attempt 1/10 in 5s...
2025-08-29T19:22:23: 🚀 Starting WhatsApp service...
2025-08-29T19:22:23: 📱 WhatsApp service started. Waiting for connection...
2025-08-29T19:22:24: {"level":30,"time":"2025-08-29T18:22:24.304Z","pid":19756,"hostname":"LAPTOP-R3IJ5HFS","class":"baileys","browser":["Chrome (Linux)","",""],"helloMsg":{"clientHello":{"ephemeral":"7MwM0bnwFRE5gMDk6+cgRpWTyMvzCj22KpMXNbz4ChY="}},"msg":"connected to WA"}
2025-08-29T19:22:24: {"level":30,"time":"2025-08-29T18:22:24.463Z","pid":19756,"hostname":"LAPTOP-R3IJ5HFS","class":"baileys","node":{"username":"555193288772","passive":false,"userAgent":{"platform":"WEB","appVersion":{"primary":2,"secondary":3000,"tertiary":1023223821},"mcc":"000","mnc":"000","osVersion":"0.1","device":"Desktop","osBuildNumber":"0.1","releaseChannel":"RELEASE","localeLanguageIso6391":"en","localeCountryIso31661Alpha2":"US"},"webInfo":{"webSubPlatform":"WEB_BROWSER"},"connectType":"WIFI_UNKNOWN","connectReason":"USER_ACTIVATED","device":51,"pull":true},"msg":"logging in..."}
2025-08-29T19:22:24: {"level":30,"time":"2025-08-29T18:22:24.819Z","pid":19756,"hostname":"LAPTOP-R3IJ5HFS","class":"baileys","msg":"handled 0 offline messages/notifications"}
2025-08-29T19:22:24: {"level":30,"time":"2025-08-29T18:22:24.836Z","pid":19756,"hostname":"LAPTOP-R3IJ5HFS","class":"baileys","msg":"18 pre-keys found on server"}
2025-08-29T19:22:24: {"level":30,"time":"2025-08-29T18:22:24.983Z","pid":19756,"hostname":"LAPTOP-R3IJ5HFS","class":"baileys","msg":"opened connection to WA"}
2025-08-29T19:22:24: ✅ WhatsApp connected successfully!
2025-08-29T19:22:30: {"level":50,"time":"2025-08-29T18:22:30.421Z","pid":19756,"hostname":"LAPTOP-R3IJ5HFS","class":"baileys","node":{"tag":"stream:error","attrs":{},"content":[{"tag":"conflict","attrs":{"type":"replaced"}}]},"msg":"stream errored out"}
2025-08-29T19:22:30: {"level":30,"time":"2025-08-29T18:22:30.422Z","pid":19756,"hostname":"LAPTOP-R3IJ5HFS","class":"baileys","trace":"Error: Stream Errored (conflict)\n    at WebSocketClient.<anonymous> (C:\\Users\\55519\\Desktop\\DIGITAL MARKETING\\SAAS AND APP DEVELOPMENT\\Caio Website Personal Brand\\caio_personal_brand_current_one\\node_modules\\@whiskeysockets\\baileys\\lib\\Socket\\socket.js:524:13)\n    at WebSocketClient.emit (node:events:518:28)\n    at C:\\Users\\55519\\Desktop\\DIGITAL MARKETING\\SAAS AND APP DEVELOPMENT\\Caio Website Personal Brand\\caio_personal_brand_current_one\\node_modules\\@whiskeysockets\\baileys\\lib\\Socket\\socket.js:241:35\n    at Object.decodeFrame (C:\\Users\\55519\\Desktop\\DIGITAL MARKETING\\SAAS AND APP DEVELOPMENT\\Caio Website Personal Brand\\caio_personal_brand_current_one\\node_modules\\@whiskeysockets\\baileys\\lib\\Utils\\noise-handler.js:144:17)\n    at process.processTicksAndRejections (node:internal/process/task_queues:105:5)","msg":"connection errored"}
2025-08-29T19:22:30: 🔄 Scheduling reconnect attempt 1/10 in 5s...
2025-08-29T19:22:35: 🚀 Starting WhatsApp service...
2025-08-29T19:22:35: 📱 WhatsApp service started. Waiting for connection...
2025-08-29T19:22:35: {"level":30,"time":"2025-08-29T18:22:35.633Z","pid":19756,"hostname":"LAPTOP-R3IJ5HFS","class":"baileys","browser":["Chrome (Linux)","",""],"helloMsg":{"clientHello":{"ephemeral":"lomtwq3iBdIDmUaVsF247pHKNkRTb1TjKyZLUqOAnho="}},"msg":"connected to WA"}
2025-08-29T19:22:35: {"level":30,"time":"2025-08-29T18:22:35.710Z","pid":19756,"hostname":"LAPTOP-R3IJ5HFS","class":"baileys","node":{"username":"555193288772","passive":false,"userAgent":{"platform":"WEB","appVersion":{"primary":2,"secondary":3000,"tertiary":1023223821},"mcc":"000","mnc":"000","osVersion":"0.1","device":"Desktop","osBuildNumber":"0.1","releaseChannel":"RELEASE","localeLanguageIso6391":"en","localeCountryIso31661Alpha2":"US"},"webInfo":{"webSubPlatform":"WEB_BROWSER"},"connectType":"WIFI_UNKNOWN","connectReason":"USER_ACTIVATED","device":51,"pull":true},"msg":"logging in..."}
2025-08-29T19:22:36: {"level":30,"time":"2025-08-29T18:22:36.317Z","pid":19756,"hostname":"LAPTOP-R3IJ5HFS","class":"baileys","msg":"18 pre-keys found on server"}
2025-08-29T19:22:36: {"level":30,"time":"2025-08-29T18:22:36.327Z","pid":19756,"hostname":"LAPTOP-R3IJ5HFS","class":"baileys","msg":"handled 0 offline messages/notifications"}
2025-08-29T19:22:36: {"level":30,"time":"2025-08-29T18:22:36.383Z","pid":19756,"hostname":"LAPTOP-R3IJ5HFS","class":"baileys","msg":"opened connection to WA"}
2025-08-29T19:22:36: ✅ WhatsApp connected successfully!
2025-08-29T19:22:41: {"level":50,"time":"2025-08-29T18:22:41.753Z","pid":19756,"hostname":"LAPTOP-R3IJ5HFS","class":"baileys","node":{"tag":"stream:error","attrs":{},"content":[{"tag":"conflict","attrs":{"type":"replaced"}}]},"msg":"stream errored out"}
2025-08-29T19:22:41: {"level":30,"time":"2025-08-29T18:22:41.754Z","pid":19756,"hostname":"LAPTOP-R3IJ5HFS","class":"baileys","trace":"Error: Stream Errored (conflict)\n    at WebSocketClient.<anonymous> (C:\\Users\\55519\\Desktop\\DIGITAL MARKETING\\SAAS AND APP DEVELOPMENT\\Caio Website Personal Brand\\caio_personal_brand_current_one\\node_modules\\@whiskeysockets\\baileys\\lib\\Socket\\socket.js:524:13)\n    at WebSocketClient.emit (node:events:518:28)\n    at C:\\Users\\55519\\Desktop\\DIGITAL MARKETING\\SAAS AND APP DEVELOPMENT\\Caio Website Personal Brand\\caio_personal_brand_current_one\\node_modules\\@whiskeysockets\\baileys\\lib\\Socket\\socket.js:241:35\n    at Object.decodeFrame (C:\\Users\\55519\\Desktop\\DIGITAL MARKETING\\SAAS AND APP DEVELOPMENT\\Caio Website Personal Brand\\caio_personal_brand_current_one\\node_modules\\@whiskeysockets\\baileys\\lib\\Utils\\noise-handler.js:144:17)\n    at process.processTicksAndRejections (node:internal/process/task_queues:105:5)","msg":"connection errored"}
2025-08-29T19:22:41: 🔄 Scheduling reconnect attempt 1/10 in 5s...
2025-08-29T19:22:46: 🚀 Starting WhatsApp service...
2025-08-29T19:22:46: 📱 WhatsApp service started. Waiting for connection...
2025-08-29T19:22:46: {"level":30,"time":"2025-08-29T18:22:46.996Z","pid":19756,"hostname":"LAPTOP-R3IJ5HFS","class":"baileys","browser":["Chrome (Linux)","",""],"helloMsg":{"clientHello":{"ephemeral":"lbOw58EF0b3piyLjQ130ZxFw7UPy9SNSAGp77A0uPic="}},"msg":"connected to WA"}
2025-08-29T19:22:47: {"level":30,"time":"2025-08-29T18:22:47.165Z","pid":19756,"hostname":"LAPTOP-R3IJ5HFS","class":"baileys","node":{"username":"555193288772","passive":false,"userAgent":{"platform":"WEB","appVersion":{"primary":2,"secondary":3000,"tertiary":1023223821},"mcc":"000","mnc":"000","osVersion":"0.1","device":"Desktop","osBuildNumber":"0.1","releaseChannel":"RELEASE","localeLanguageIso6391":"en","localeCountryIso31661Alpha2":"US"},"webInfo":{"webSubPlatform":"WEB_BROWSER"},"connectType":"WIFI_UNKNOWN","connectReason":"USER_ACTIVATED","device":51,"pull":true},"msg":"logging in..."}
2025-08-29T19:22:47: {"level":30,"time":"2025-08-29T18:22:47.636Z","pid":19756,"hostname":"LAPTOP-R3IJ5HFS","class":"baileys","msg":"handled 0 offline messages/notifications"}
2025-08-29T19:22:47: {"level":30,"time":"2025-08-29T18:22:47.680Z","pid":19756,"hostname":"LAPTOP-R3IJ5HFS","class":"baileys","msg":"18 pre-keys found on server"}
2025-08-29T19:22:47: {"level":30,"time":"2025-08-29T18:22:47.847Z","pid":19756,"hostname":"LAPTOP-R3IJ5HFS","class":"baileys","msg":"opened connection to WA"}
2025-08-29T19:22:47: ✅ WhatsApp connected successfully!
2025-08-29T19:22:53: {"level":50,"time":"2025-08-29T18:22:53.329Z","pid":19756,"hostname":"LAPTOP-R3IJ5HFS","class":"baileys","node":{"tag":"stream:error","attrs":{},"content":[{"tag":"conflict","attrs":{"type":"replaced"}}]},"msg":"stream errored out"}
2025-08-29T19:22:53: {"level":30,"time":"2025-08-29T18:22:53.329Z","pid":19756,"hostname":"LAPTOP-R3IJ5HFS","class":"baileys","trace":"Error: Stream Errored (conflict)\n    at WebSocketClient.<anonymous> (C:\\Users\\55519\\Desktop\\DIGITAL MARKETING\\SAAS AND APP DEVELOPMENT\\Caio Website Personal Brand\\caio_personal_brand_current_one\\node_modules\\@whiskeysockets\\baileys\\lib\\Socket\\socket.js:524:13)\n    at WebSocketClient.emit (node:events:518:28)\n    at C:\\Users\\55519\\Desktop\\DIGITAL MARKETING\\SAAS AND APP DEVELOPMENT\\Caio Website Personal Brand\\caio_personal_brand_current_one\\node_modules\\@whiskeysockets\\baileys\\lib\\Socket\\socket.js:241:35\n    at Object.decodeFrame (C:\\Users\\55519\\Desktop\\DIGITAL MARKETING\\SAAS AND APP DEVELOPMENT\\Caio Website Personal Brand\\caio_personal_brand_current_one\\node_modules\\@whiskeysockets\\baileys\\lib\\Utils\\noise-handler.js:144:17)\n    at process.processTicksAndRejections (node:internal/process/task_queues:105:5)","msg":"connection errored"}
2025-08-29T19:22:53: 🔄 Scheduling reconnect attempt 1/10 in 5s...
2025-08-29T19:22:58: 🚀 Starting WhatsApp service...
2025-08-29T19:22:58: 📱 WhatsApp service started. Waiting for connection...
2025-08-29T19:22:58: {"level":30,"time":"2025-08-29T18:22:58.558Z","pid":19756,"hostname":"LAPTOP-R3IJ5HFS","class":"baileys","browser":["Chrome (Linux)","",""],"helloMsg":{"clientHello":{"ephemeral":"xWEnL1BeH309wnci4SO/+jKL8MdfaWaw0OgoUufOUHU="}},"msg":"connected to WA"}
2025-08-29T19:22:58: {"level":30,"time":"2025-08-29T18:22:58.733Z","pid":19756,"hostname":"LAPTOP-R3IJ5HFS","class":"baileys","node":{"username":"555193288772","passive":false,"userAgent":{"platform":"WEB","appVersion":{"primary":2,"secondary":3000,"tertiary":1023223821},"mcc":"000","mnc":"000","osVersion":"0.1","device":"Desktop","osBuildNumber":"0.1","releaseChannel":"RELEASE","localeLanguageIso6391":"en","localeCountryIso31661Alpha2":"US"},"webInfo":{"webSubPlatform":"WEB_BROWSER"},"connectType":"WIFI_UNKNOWN","connectReason":"USER_ACTIVATED","device":51,"pull":true},"msg":"logging in..."}
2025-08-29T19:22:59: {"level":30,"time":"2025-08-29T18:22:59.200Z","pid":19756,"hostname":"LAPTOP-R3IJ5HFS","class":"baileys","msg":"handled 0 offline messages/notifications"}
2025-08-29T19:22:59: {"level":30,"time":"2025-08-29T18:22:59.245Z","pid":19756,"hostname":"LAPTOP-R3IJ5HFS","class":"baileys","msg":"18 pre-keys found on server"}
2025-08-29T19:22:59: {"level":30,"time":"2025-08-29T18:22:59.413Z","pid":19756,"hostname":"LAPTOP-R3IJ5HFS","class":"baileys","msg":"opened connection to WA"}
2025-08-29T19:22:59: ✅ WhatsApp connected successfully!
2025-08-29T19:23:04: {"level":50,"time":"2025-08-29T18:23:04.905Z","pid":19756,"hostname":"LAPTOP-R3IJ5HFS","class":"baileys","node":{"tag":"stream:error","attrs":{},"content":[{"tag":"conflict","attrs":{"type":"replaced"}}]},"msg":"stream errored out"}
2025-08-29T19:23:04: {"level":30,"time":"2025-08-29T18:23:04.906Z","pid":19756,"hostname":"LAPTOP-R3IJ5HFS","class":"baileys","trace":"Error: Stream Errored (conflict)\n    at WebSocketClient.<anonymous> (C:\\Users\\55519\\Desktop\\DIGITAL MARKETING\\SAAS AND APP DEVELOPMENT\\Caio Website Personal Brand\\caio_personal_brand_current_one\\node_modules\\@whiskeysockets\\baileys\\lib\\Socket\\socket.js:524:13)\n    at WebSocketClient.emit (node:events:518:28)\n    at C:\\Users\\55519\\Desktop\\DIGITAL MARKETING\\SAAS AND APP DEVELOPMENT\\Caio Website Personal Brand\\caio_personal_brand_current_one\\node_modules\\@whiskeysockets\\baileys\\lib\\Socket\\socket.js:241:35\n    at Object.decodeFrame (C:\\Users\\55519\\Desktop\\DIGITAL MARKETING\\SAAS AND APP DEVELOPMENT\\Caio Website Personal Brand\\caio_personal_brand_current_one\\node_modules\\@whiskeysockets\\baileys\\lib\\Utils\\noise-handler.js:144:17)\n    at process.processTicksAndRejections (node:internal/process/task_queues:105:5)","msg":"connection errored"}
2025-08-29T19:23:04: 🔄 Scheduling reconnect attempt 1/10 in 5s...
2025-08-29T19:23:09: 🚀 Starting WhatsApp service...
2025-08-29T19:23:09: 📱 WhatsApp service started. Waiting for connection...
2025-08-29T19:23:10: {"level":30,"time":"2025-08-29T18:23:10.049Z","pid":19756,"hostname":"LAPTOP-R3IJ5HFS","class":"baileys","browser":["Chrome (Linux)","",""],"helloMsg":{"clientHello":{"ephemeral":"fHTrA25DfGrUH59XiLgnGjHICGfcXlp1KvK/wqGXUnw="}},"msg":"connected to WA"}
2025-08-29T19:23:10: {"level":30,"time":"2025-08-29T18:23:10.122Z","pid":19756,"hostname":"LAPTOP-R3IJ5HFS","class":"baileys","node":{"username":"555193288772","passive":false,"userAgent":{"platform":"WEB","appVersion":{"primary":2,"secondary":3000,"tertiary":1023223821},"mcc":"000","mnc":"000","osVersion":"0.1","device":"Desktop","osBuildNumber":"0.1","releaseChannel":"RELEASE","localeLanguageIso6391":"en","localeCountryIso31661Alpha2":"US"},"webInfo":{"webSubPlatform":"WEB_BROWSER"},"connectType":"WIFI_UNKNOWN","connectReason":"USER_ACTIVATED","device":51,"pull":true},"msg":"logging in..."}
2025-08-29T19:23:10: {"level":30,"time":"2025-08-29T18:23:10.729Z","pid":19756,"hostname":"LAPTOP-R3IJ5HFS","class":"baileys","msg":"18 pre-keys found on server"}
2025-08-29T19:23:10: {"level":30,"time":"2025-08-29T18:23:10.746Z","pid":19756,"hostname":"LAPTOP-R3IJ5HFS","class":"baileys","msg":"handled 0 offline messages/notifications"}
2025-08-29T19:23:10: {"level":30,"time":"2025-08-29T18:23:10.794Z","pid":19756,"hostname":"LAPTOP-R3IJ5HFS","class":"baileys","msg":"opened connection to WA"}
2025-08-29T19:23:10: ✅ WhatsApp connected successfully!
2025-08-29T19:23:16: {"level":50,"time":"2025-08-29T18:23:16.254Z","pid":19756,"hostname":"LAPTOP-R3IJ5HFS","class":"baileys","node":{"tag":"stream:error","attrs":{},"content":[{"tag":"conflict","attrs":{"type":"replaced"}}]},"msg":"stream errored out"}
2025-08-29T19:23:16: {"level":30,"time":"2025-08-29T18:23:16.254Z","pid":19756,"hostname":"LAPTOP-R3IJ5HFS","class":"baileys","trace":"Error: Stream Errored (conflict)\n    at WebSocketClient.<anonymous> (C:\\Users\\55519\\Desktop\\DIGITAL MARKETING\\SAAS AND APP DEVELOPMENT\\Caio Website Personal Brand\\caio_personal_brand_current_one\\node_modules\\@whiskeysockets\\baileys\\lib\\Socket\\socket.js:524:13)\n    at WebSocketClient.emit (node:events:518:28)\n    at C:\\Users\\55519\\Desktop\\DIGITAL MARKETING\\SAAS AND APP DEVELOPMENT\\Caio Website Personal Brand\\caio_personal_brand_current_one\\node_modules\\@whiskeysockets\\baileys\\lib\\Socket\\socket.js:241:35\n    at Object.decodeFrame (C:\\Users\\55519\\Desktop\\DIGITAL MARKETING\\SAAS AND APP DEVELOPMENT\\Caio Website Personal Brand\\caio_personal_brand_current_one\\node_modules\\@whiskeysockets\\baileys\\lib\\Utils\\noise-handler.js:144:17)\n    at process.processTicksAndRejections (node:internal/process/task_queues:105:5)","msg":"connection errored"}
2025-08-29T19:23:16: 🔄 Scheduling reconnect attempt 1/10 in 5s...
2025-08-29T19:23:21: 🚀 Starting WhatsApp service...
2025-08-29T19:23:21: 📱 WhatsApp service started. Waiting for connection...
2025-08-29T19:23:21: {"level":30,"time":"2025-08-29T18:23:21.466Z","pid":19756,"hostname":"LAPTOP-R3IJ5HFS","class":"baileys","browser":["Chrome (Linux)","",""],"helloMsg":{"clientHello":{"ephemeral":"QiU1tjbf71DkzAWdVGVkPUxugIzbuhgr48ENHm5VLkM="}},"msg":"connected to WA"}
2025-08-29T19:23:21: {"level":30,"time":"2025-08-29T18:23:21.618Z","pid":19756,"hostname":"LAPTOP-R3IJ5HFS","class":"baileys","node":{"username":"555193288772","passive":false,"userAgent":{"platform":"WEB","appVersion":{"primary":2,"secondary":3000,"tertiary":1023223821},"mcc":"000","mnc":"000","osVersion":"0.1","device":"Desktop","osBuildNumber":"0.1","releaseChannel":"RELEASE","localeLanguageIso6391":"en","localeCountryIso31661Alpha2":"US"},"webInfo":{"webSubPlatform":"WEB_BROWSER"},"connectType":"WIFI_UNKNOWN","connectReason":"USER_ACTIVATED","device":51,"pull":true},"msg":"logging in..."}
2025-08-29T19:23:21: {"level":30,"time":"2025-08-29T18:23:21.988Z","pid":19756,"hostname":"LAPTOP-R3IJ5HFS","class":"baileys","msg":"18 pre-keys found on server"}
2025-08-29T19:23:22: {"level":30,"time":"2025-08-29T18:23:22.044Z","pid":19756,"hostname":"LAPTOP-R3IJ5HFS","class":"baileys","msg":"handled 0 offline messages/notifications"}
2025-08-29T19:23:22: {"level":30,"time":"2025-08-29T18:23:22.136Z","pid":19756,"hostname":"LAPTOP-R3IJ5HFS","class":"baileys","msg":"opened connection to WA"}
2025-08-29T19:23:22: ✅ WhatsApp connected successfully!
2025-08-29T19:23:58: 🚀 Starting WhatsApp service...
2025-08-29T19:23:59: 📱 WhatsApp service started. Waiting for connection...
2025-08-29T19:23:59: (node:24752) Warning: Setting the NODE_TLS_REJECT_UNAUTHORIZED environment variable to '0' makes TLS connections and HTTPS requests insecure by disabling certificate verification.
(Use `node --trace-warnings ...` to show where the warning was created)
2025-08-29T19:23:59: {"level":30,"time":"2025-08-29T18:23:59.413Z","pid":24752,"hostname":"LAPTOP-R3IJ5HFS","class":"baileys","browser":["Chrome (Linux)","",""],"helloMsg":{"clientHello":{"ephemeral":"1zRSiJC9LXWEmGIYXlPDfHRH5KQxdWUcydjUOun5hks="}},"msg":"connected to WA"}
2025-08-29T19:23:59: {"level":30,"time":"2025-08-29T18:23:59.599Z","pid":24752,"hostname":"LAPTOP-R3IJ5HFS","class":"baileys","node":{"passive":false,"userAgent":{"platform":"WEB","appVersion":{"primary":2,"secondary":3000,"tertiary":1023223821},"mcc":"000","mnc":"000","osVersion":"0.1","device":"Desktop","osBuildNumber":"0.1","releaseChannel":"RELEASE","localeLanguageIso6391":"en","localeCountryIso31661Alpha2":"US"},"webInfo":{"webSubPlatform":"WEB_BROWSER"},"connectType":"WIFI_UNKNOWN","connectReason":"USER_ACTIVATED","devicePairingData":{"eRegid":"AAAAyg==","eKeytype":"BQ==","eIdent":"WKrlluNL7i9A/E3UslIDq53dqp2GWURV1NuirfMVkyM=","eSkeyId":"AAAB","eSkeyVal":"6WE6Du8B2n5Bj+jIBIw61iYB2Huw2ZxKs9smJvW/piE=","eSkeySig":"RLc88CsNf/a25XWxdlykeLcHZFqxnLnlE/Kjm0MtbsZCM+qznV7EVJ0CJv/sJH0dT/rUdAdLYTzBYZwQTOUWCg==","buildHash":"c9lQeUMlTdrMrIi/+YcPiA==","deviceProps":"Cg5DaHJvbWUgKExpbnV4KRgHIAA="},"pull":false},"msg":"not logged in, attempting registration..."}
2025-08-29T19:23:59: 🎯 QR Code detected! Displaying...
2025-08-29T19:23:59: 📱 Scan this QR code with your WhatsApp!
2025-08-29T19:23:59: 🔗 Or copy this link to scan:
2025-08-29T19:23:59: https://api.qrserver.com/v1/create-qr-code/?size=300x300&data=2%40R%2B%2FxOlE%2BllKM1MN48MC7UwHVcADNaiNc0hMtZqL9WrLuUouo0LtVHGw1YP%2BPOPWAtHoIxZbNsJlK%2BaWcusXUfgaDN%2F6LLz5WDuw%3D%2CyAQ%2F7U%2BoJqnpVqnSiCja21MK68zi597MvOq4tq%2B4KXI%3D%2CWKrlluNL7i9A%2FE3UslIDq53dqp2GWURV1NuirfMVkyM%3D%2CNPqAi3PlPRtCOc%2B0Cf5SOxkzx%2BBwe9%2Fcb2oeHKV43t0%3D
2025-08-29T19:23:59: 
2025-08-29T19:23:59: ▄▄▄▄▄▄▄▄▄▄▄▄▄▄▄▄▄▄▄▄▄▄▄▄▄▄▄▄▄▄▄▄▄▄▄▄▄▄▄▄▄▄▄▄▄▄▄▄▄▄▄▄▄▄▄▄▄▄▄
█ ▄▄▄▄▄ █▄▄ ▄▀██▀▀▄  ▀▄█ ▄▀█ ▄█  ▄▀▀▄▄▄▀ ▄   ▀ ▄ ██ ▄▄▄▄▄ █
█ █   █ █ ▄▀ ▀██▄▄ ▀▄█▄█▀▀ █▄███▀▄ ▄▀▀▀ ▄▄ ▀█▄▀▄ ██ █   █ █
█ █▄▄▄█ █▄▀██ ▄▀▀▀ ▀ ▀▀▄ █▀ ▄▄▄ ▀▀ ██▀ ▄█████▄▄▀▄██ █▄▄▄█ █
█▄▄▄▄▄▄▄█▄▀ ▀ █ █▄▀ ▀▄▀▄▀▄█ █▄█ ▀ ▀ █ █▄█▄▀ ▀▄█ █ █▄▄▄▄▄▄▄█
█▄  ▄█▀▄▀  ▀▄▀▀███ ▀ █▄▄▀▀▀      █ ▄█▀ █▄▄▄▀ █▄█▀  █▀ ▄ █▄█
███▀█▀ ▄ █▄ ▀█ ▀█▀ ██ ▄▄ ▄█▄█  ▀█ ▀█▄██▄▄█▄ ▄  ▄█  ▀▄  ▄▄ █
█▄▄█ █▀▄▄▄▄ ██▄ █▄█▄▀▀█▄▄▄▄ █▀█▀█▀ ▄▄▄▀  ██▄▄▀ ███▄ ███ █▀█
████▀▀ ▄█ ▀▀▀▄▄█▄▄▀ ██ █▀▄▀█▀▄█▀▄▀██▀▄  █ ▀▀▀▄▀▄▀█▀▄▀▀  █▀█
█▀█ █ ▄▄▀ ▀▄▀█▄▄ ▀▀█ █ ██▄▀█▄▄▀██▄▄ ███▄▀█ ▄ ▄ ▀ ▄▀█ █ ▀  █
█ ▀ ▀▀▀▄██▀ ▀▀▀▀▄██▀   ▄▄▀ ▀▀▄█▄▀▀█▄  ▀▀█▄█▀▀▄▀▀▀  ▄▄▀▄█▄▀█
█▄▀▄▀▀▄▄ █▀█▄  ██ ▀███ ▄▀█ ▀    ██ ▄ ▀██▄ ▀ ▄▀█▄▄ ▀▄█▄ ▄  █
█▄ ▄█▀ ▄▄▄  ███▀▀▄▄█ ▄▄█  █▀█▀▀█ ▄ ▄ ▀ ▀▄█ ▀ ▀▄██▀▀██▀▀▄█▄█
█▄ ██▄ ▄  ▄▄▀▀▀▄▀█▄ █ █▀██▀▀▀▀▄█▄▄  ▀▄  ▀▀▄█ █ ▄▀█  █▀▀█▄ █
█▀█▀▀ ▄▄▄ ▄▀█  █ █▄▄▀▀█▄█   ▄▄▄ ▀ ▀▄▄▀██ █▀▄█▀ ▀  ▄▄▄ ▀▀███
█▄▄ ▄ █▄█ ▀▄▀▄█▀▄ █▄ █▀▀ ▄█ █▄█ ▄▄▄ ██▄█ ▀▀█ ▄    █▄█ █▀▄ █
█ ▄▄▀  ▄▄  ▀█ ███▀▀▄█ ██ ▄▀▄  ▄▄▀▀▀  █▀█▄ █▄   ██ ▄ ▄▄▄▄ ▀█
█▀ ▄ █▄▄▄████▀ ▀▄▄██▀▄▄▄▀ █▄▄█▀▀▀█ ▄ █ █▀   ▀▀▄█▀ ██▄█▄ █▄█
█ █▄▀ ▀▄██ ▀▀ █  ▄█▀▄█▀█▀█▄▀   ██ ▀ █▀ █ ▄  ▀▄▀ ▀  ▄ ▄██ ▄█
█ ▄ ▄ █▄  █ ▄█  ███ ▀██▀ ▄▄ ██ █ ▀██    ▀█▀▄ ▀▀▄█▀ ▀ █ █▄██
██▄▄▄█ ▄▄▀ ██  ▄ ▄▀▀  █▀▄▀█  ▄▀█▀▄ █ ▄▀█  ▄ ▀ ▀ ▄█▀█▀▄▄ █▄█
██  ▄ █▄▄█▄█▄▀██▄ ██ █ █▀▄▀  ▀▀██▄▄▀▀▀▀█▄█▀▄  █▀▄█ █  ▄▄█ █
█▀ █▄▄ ▄▀▀▄▄▄ █▄█▀█▄ ██   ██▀█▀ ▀███▀ ▄  ▀▀███    ▄▀ █▀█▄██
█   ▀▄▀▄ ▀ ▀▀   ██▀▀█▄ █  ▄ ██ ████▄ █▀██▄▄ █▀ ▄██▄ ███▄▄██
█ ▀ ▀▀▄▄ ▄ █  ▀▄█▄   ▄▄█ ▄ █▄▄▀█ ▄▀▄ █▀ █ █▄█ ▄ ▀█  █▄ █▄ █
███████▄▄▀▀  ▀ ▄ █▄▄▀▀██▄██ ▄▄▄  ▀ █▄▄█ ██▄▄ ▀▀▄█ ▄▄▄ ▄▄ ██
█ ▄▄▄▄▄ ██ ▀▀▄ █▀▄█ ▄▀▀▀ ▄▄ █▄█ ▄▄ █▄▀▀▄▄▄▀▀██ ▀▀ █▄█ ▀▀▀██
█ █   █ █▀▄▄ ▄ ▀▀█▀▀ ▄▄█ ▀▄▄     ▄  ██▄▄ █▀▄▄▄  ▄▄  ▄▄█ ▀▄█
█ █▄▄▄█ █  ▀█ ▀█  █▄▄▀ ▄█▀ ▀▀██▀█   ▄   ▀▀▀██▀█ ▄    ▀ ██▀█
█▄▄▄▄▄▄▄█▄▄███████▄█▄█▄▄█▄███████▄████▄██▄█▄██▄███████▄▄███

2025-08-29T19:23:59: 
2025-08-29T19:24:59: 🎯 QR Code detected! Displaying...
2025-08-29T19:24:59: 📱 Scan this QR code with your WhatsApp!
2025-08-29T19:24:59: 🔗 Or copy this link to scan:
2025-08-29T19:24:59: https://api.qrserver.com/v1/create-qr-code/?size=300x300&data=2%40quktSFniVJLLJJEXDi3fjgaMlEgj8%2FvGEyWemHVxTvJT%2BRjGzg7zjjiLLDwZJIgW70NuJ9ZxUA2i9mVidfQr5tXS8W5vUt1B8Xo%3D%2CyAQ%2F7U%2BoJqnpVqnSiCja21MK68zi597MvOq4tq%2B4KXI%3D%2CWKrlluNL7i9A%2FE3UslIDq53dqp2GWURV1NuirfMVkyM%3D%2CNPqAi3PlPRtCOc%2B0Cf5SOxkzx%2BBwe9%2Fcb2oeHKV43t0%3D
2025-08-29T19:24:59: 
2025-08-29T19:25:00: ▄▄▄▄▄▄▄▄▄▄▄▄▄▄▄▄▄▄▄▄▄▄▄▄▄▄▄▄▄▄▄▄▄▄▄▄▄▄▄▄▄▄▄▄▄▄▄▄▄▄▄▄▄▄▄▄▄▄▄
█ ▄▄▄▄▄ █▄▄ ▄▀▄█▀▀█ ▄▀▄▄  ▀█ ▄█  ▄█▀▀  █▀██ █  ▄ ██ ▄▄▄▄▄ █
█ █   █ █ ▄▀▄▀██▄▄ ▀█▄▄█▀  █▄███ █ ▄  ▀ █▄ ▀ █▀▄ ██ █   █ █
█ █▄▄▄█ █▄▀█▄▀▄▀▀▀ ▀ ▀▀▄ █▀ ▄▄▄ ▄  █▀  ▄▄▀██▀ ▄▀▄██ █▄▄▄█ █
█▄▄▄▄▄▄▄█▄▀▄▀▄█ █▄▀ ▀▄▀▄▀▄█ █▄█ ▀ ▀ █ █▄█▄▀ ▀▄█ █ █▄▄▄▄▄▄▄█
█▄  ▄█▀▄▀ █  ▀▀███ ▀ █▄▄▀▀█      █ ▄█▀ █▄▄▄▀ █▄█▀  █▀▄▄ █▄█
███▀█▀ ▄▄ ▀▀█▄ ▀█▀ ██ ▄▄ ▄███  ▀█ ▀▀▄██ ▄█ ▄▄ ▄▄█▀  ▀  ▄▄ █
█▄▄▀▀█▀▄█ █ ██▄ █▄█▄▀▀█▄▄▄▄▀█▀█▀█▀ ▄▄▄ ▀ ██▄▄▀ ▄█▄▄ ███ █▀█
█▀█ ▀▀ ▄▄▀▀▀▀▄▄█▄▄▄ ██▄ ▀▄▀█ ▄██▄▀█ ▀  ▄█ ▀ ▀ █ ▀ ▀▄  ▀ █▀█
█▀▄▄▄ ▄▄▀ ▀▄▀█▄▄▀ ███▄▀█▀▄▀█▄▄ ██▄▄ ████▀█▀█▄▄ ▀ ▄▀█ █▀  ▄█
█ ██ ▀▀▄██▀ ▀▀▀▀█▀█▀▄█ ▄▄█ ▀▀▄▄▄███▄▀▀ ▀█▀▄▀▀▀▀▀▀ ▄ ▄▀▄█▄▀█
█▀▀▄▀▄▀▄ █▀█▄█ ██ ▀███ ▄▀█ ▀    ▀█ ▄█▀██▄ ▀ ▀██▄▄ ▀▄█▄ ▄ ▀█
█▄ ▄█▄█▄▄ ██▄▀ ▀▀▄▄█ ▄▄█  █▀█▀▀█ ▄ ▄   ▀▄█ ▀  ▄██▀█▄▀█▀▄█▄█
█▄ ██▄▀▄▀ ▀█▀ ▄ ▀█▄ █ █▀██▀▀▀▀▄█▄▄  ▀▄  ▀▀▄█ █ ▄ █ ▀█▀▀█▄ █
█▀█▀▀ ▄▄▄  █▀  ▄ █▄▄▀▀█▄█ ▄ ▄▄▄ ▀ █▄▄▀▀▀ ██▄█▀▄▀▄ ▄▄▄ ▀▀███
█▄▄█  █▄█ █ ▀▄█ ▄ █▄ █▀▀ ▄▀ █▄█ ▄▄  ███▄ ▀██ ▄▀▀  █▄█ ▀▄▄ █
█▄    ▄▄ ▄ ▀█ ███▀ ▄█ ▀▀ ▄    ▄▄▀▀ ▀▄▀▀▀ ▄▄█   █  ▄ ▄ ▄▄ ▀█
█▄▄  █▄▄▄▄███▀ ▀█▄ █ ▄▄ ▀▀█▄▄█▀▀▀█ ▄██▀█ ▄▀▀█▀███ ██▄██▀▀ █
█▀▀   ▀▄▀▄ ▀▀ █ █▄█▀▀▀▀█▄ ▄▀▀▀ █▀ ▀  ▀ ██▄▀▀ ▄▀ ▀  ▄▄▄███ █
███ ▄ █▄  █ ▀   ███ ▀██▀ ▄▄ ██   ███▀   █▀▀▄▄█▀▄█▀ ▀ █ █▄██
██▄▄▄█ ▄▄▀██▄▀▀▄ ▄▀▀  █▀▄▀█  ▄ █▀█ █▀▄▀█▀▀▄   ▀ ▄█▀█▀▄▄ █▄█
██  ▄█▀▄▄█▄▄█▄▄ ▄ ██ █ █▀▄▀  ▀▀██▄▄▀▀▀▀█▄█▀▄  █▀▄█    ▄▄█ █
█▀ █▄ █▄▀▀▀█▄ █▀█▀█▄ ██   ▀█▀█▀ ▀█▀█▀    ▀▀███  ▄ ▄█ █▄▄▄██
█  ▀▀▀▀▄ ███▀   ██▀▀█▄ █  █▀██ ███▄▄ █▀██▄  █▀█▄▀▀ █▄▄▄▄▄██
█ ▀ ▀▀▄▄▀  █  ▀▄█▄▀▀ ▄█▄ ▄▀▀▄▄▀█ ▄ ▄▄███▀▄▄ ▀ ██ ▀█ ▄█▄▄▄ █
███████▄█ ▀  ▀ ▄ █▄▄▀ █▀███ ▄▄▄  ▀ █▄▄█▀ ▀█▄▄▀▀█▀ ▄▄▄ ▄█ ██
█ ▄▄▄▄▄ ██ ▀▀▄ █▀▀█ ▄ ▀▀█ ▄ █▄█  ▄ ███▀▄▀  ▀██▀▀  █▄█ ▀▀ ▀█
█ █   █ █▀▄▄▄▀ ▀▀█▀▀ ▄▄█ ▀▄▄    ▄▄  ▀▀▄▄▄█▀▄    █▄  ▄▄█  ▄█
█ █▄▄▄█ █ ▀█  ▄█  █▄▄▀ ▄█▀ ▀███▀█   ▄   ▀▀▀██ █ ▄   ▀█ ██▀█
█▄▄▄▄▄▄▄█▄█▄▄██▄██▄█▄█▄▄█▄███████▄████▄██▄█▄██▄█████▄▄▄▄███

2025-08-29T19:25:00: 
2025-08-29T19:25:20: 🎯 QR Code detected! Displaying...
2025-08-29T19:25:20: 📱 Scan this QR code with your WhatsApp!
2025-08-29T19:25:20: 🔗 Or copy this link to scan:
2025-08-29T19:25:20: https://api.qrserver.com/v1/create-qr-code/?size=300x300&data=2%405FgLGJM4u%2FqX%2BBj7Buv9r%2FDZJkC02th1On868u6KpLygqu2JpsA9VjEOFz2SCgsKbxzlLTBlp%2FzUbA2V3EAoz%2Fz4yf8DCaBRQmE%3D%2CyAQ%2F7U%2BoJqnpVqnSiCja21MK68zi597MvOq4tq%2B4KXI%3D%2CWKrlluNL7i9A%2FE3UslIDq53dqp2GWURV1NuirfMVkyM%3D%2CNPqAi3PlPRtCOc%2B0Cf5SOxkzx%2BBwe9%2Fcb2oeHKV43t0%3D
2025-08-29T19:25:20: 
2025-08-29T19:25:20: ▄▄▄▄▄▄▄▄▄▄▄▄▄▄▄▄▄▄▄▄▄▄▄▄▄▄▄▄▄▄▄▄▄▄▄▄▄▄▄▄▄▄▄▄▄▄▄▄▄▄▄▄▄▄▄▄▄▄▄
█ ▄▄▄▄▄ █▄▄ ▄▀██▀▀█  ██▄ ▄▀█ ▄█  ▄██▄ ▄▀▄▀▄  ▄ ▄ ██ ▄▄▄▄▄ █
█ █   █ █ ▄▀ ████▄ ▀█▄▄█▀▀ █▄███▀▄ ▄▀ ▀ ▄▄ ▀ █▀▄ ██ █   █ █
█ █▄▄▄█ █▄▀▀ █▄▀▀▀ ▀ ▀▀▄ █▀ ▄▄▄ ▀  █ █ ▄▀▀██▄█▄▀▄██ █▄▄▄█ █
█▄▄▄▄▄▄▄█▄█ ▀▄█ █▄▀ ▀▄▀▄▀▄█ █▄█ ▀ ▀ █ █▄█▄▀ ▀▄█ █ █▄▄▄▄▄▄▄█
█▄  ▄█▀▄█▄▄▀▀█▀███ ▀ █▄▄▀▀█      █ ▄█▀ █▄▄▄▀ █▄█▀▀ █▀▄▄ █▄█
███▀█▀ ▄█▄█▄▀█ ▀█▀ ██ ▄▄ ▄▄▄▀▄ ▀█ ██▄█▀ ▄█▄▄▄  ▄▄▄ ▀▄  ▄▄ █
█▄▄█▄█▀▄█▄█ ██▄ █▄█▄▀▀█▄▄▄█ ███▀█▀▄█▄▄▀  ███▄▀▀▄▀█▄ ██▀ █▀█
█▄█▄ ▀ ▄█ ▀▀▀▄▄█▄▄▄████ ▀▄▀█ █▀▀▄▀▄██▄ ██ ▄▄█  █ ▀▀▄ ▀▀ █▀█
█▀▀▀▄ ▄▄▀ ▀▄▀█▄▄  ▀▀█▄▄▀▀▄▀█▄▄███▄▄▀▀██▄██▄▄▄▄▄▀ ▄▀█ █  ▄ █
█▀█▄▄▀█▄██▀ ▀▀▀▀▀▄█▀ ▀ ▄▀▀ ▀▀▄▄█▀██▄█ ▀▀███▀▀█▀ ▀   ▄▀▄█▄▀█
█ █▄▀▄ ▄ █▀█▄█ ██ ▀███ ▄▀█ ▀    ▄▀ ▄▄███▄ ▀ ▄▀█▄▄ ▀▄█▄ ▄  █
█▄ ▄█ ▄▄▄ ▄▀▄ ▄ ▀▄▄█ ▄▄█  █▀█▀▀█ ▄ ▄ ▀ ▀▄▄ ▀▀▀▄██▀▀▄██▀▄█▄█
█▄ ██▄▀▄█ ▄▄ █▄▄▀█▄ █ █▀██▀▀▀▀▄█▄▄  ▀▄  ▀▀▄█ █ ▄███▀█▀▀█▄ █
█▀█▀▀ ▄▄▄  ▀▀█ ▄ █▄▄▀▀█▄█ ▀ ▄▄▄ ▀ ▀▄▄▀█▀ █▀ █▀ █▄ ▄▄▄ █▀███
█▄▄█▄ █▄█   ▀▄▀ ▄ █▄ █▀▀ ▄█ █▄█ ▄▄ ▀████ ▀▀█ ▄ ▀█ █▄█ ▀ ▄ █
█▄   ▄▄▄▄▄ ▀█ ███▀▀▀█  █ ▄ ▄  ▄▄▀▀ ▀▄██ ▄ ▄▀▄ ██▄ ▄▄▄▄█▄ ▀█
█ ▀ ██▄▄▀ ███▀ ▀██▀█ ██ ▀▀█▄█▄▀▀▀█ ▄▄█▀▄▄▄  ▀████████▄█▀▀ █
██▀ ▀ ▀▄█▀ ▀▀ █ ▄ █▀▀▀▀█▄▄▄▀█▀ ██ ▀  ▀▀██▄▀    ▀   ▄  ██  █
█ ▄ ▄ █▄  █     ███ ▀██▀ ▄▄ ██  █▀██▀▄  ▄▀▀▄▄█▀▄█▀ ▀ █ ████
██▄▄▄█ ▄▄▀▀▄▄█▀█ ▄▀▀  █▀▄▀█  ▄▄▀ ▄ █▀█▀█▀ ▄  ▀▀ ▄█▀█▀▄▄ █▄█
██  ▄█▄▄▄█▀▄▄  █▄ ██ █ █▀▄▀  ▀▀██▄▄▀▀▀▀█▄█▀▄  █▀▄█▀▀   ▄█ █
█▀ █▄▄ ▄▀▀  █▀▄▄█▀█▄ ██   ██▀█▀ ▀█▀▀▀ ▄▄ ▀████▄  ▀▄▀ █▄▄▄██
█  ▄▀ ▄▄▄▀█▄▀  ▄██▀▀█▄ █  ▄▀██ ███▄█ █▀▄█▄█ █▀▀▄▀▀▀ █▄▀█▄██
█ ▀ ▀▀▄▄█  █  ▀▄█▄▄▀ ▄▀  ▄ ▀▄▄▀█ ▄▀▄ █▀▄▀▄█ ▀▄▀ ▀▄▄ ▀▀ █▄ █
███████▄▄▀▀  ▀ ▄ █▄▄▀ ▀█ ██ ▄▄▄  ▀ █   ▀██▀█ █▄▄█ ▄▄▄ ▄▄▄██
█ ▄▄▄▄▄ ██ ▀▀▄ █ ██  ▄▀▀ ▀▄ █▄█    █▀█ █▄   ▄█ ▀▀ █▄█ ▀▀▀▀█
█ █   █ █▀▄▄▄▄ ▀▀█▀▀ ▄▄█ ▀▄▄ ▄  ▀    ▀▄▄ ▀▀▄▄   █▄  ▄▄█ ▀██
█ █▄▄▄█ █  █▄▀ █  █▄▄▀ ▄█▀ ▀▀▀█▀▄   █     ▀██ █ ▄   █▀ ██▀█
█▄▄▄▄▄▄▄█▄▄████▄██▄█▄█▄▄█▄███████▄████▄██▄█▄██▄█████▄▄▄▄███

2025-08-29T19:25:20: 
2025-08-29T19:25:40: 🎯 QR Code detected! Displaying...
2025-08-29T19:25:40: 📱 Scan this QR code with your WhatsApp!
2025-08-29T19:25:40: 🔗 Or copy this link to scan:
2025-08-29T19:25:40: https://api.qrserver.com/v1/create-qr-code/?size=300x300&data=2%40A35C2qdMcNAbPd%2ByRw6xtN%2FSJNRET%2Fdq0TULq7dqwqf0gVFL8%2B%2Ffv9GBrEjMMKSsashG4cZ8cNprq7ZhcJOtNJZRb4hU6F8V%2B7U%3D%2CyAQ%2F7U%2BoJqnpVqnSiCja21MK68zi597MvOq4tq%2B4KXI%3D%2CWKrlluNL7i9A%2FE3UslIDq53dqp2GWURV1NuirfMVkyM%3D%2CNPqAi3PlPRtCOc%2B0Cf5SOxkzx%2BBwe9%2Fcb2oeHKV43t0%3D
2025-08-29T19:25:40: 
2025-08-29T19:25:40: ▄▄▄▄▄▄▄▄▄▄▄▄▄▄▄▄▄▄▄▄▄▄▄▄▄▄▄▄▄▄▄▄▄▄▄▄▄▄▄▄▄▄▄▄▄▄▄▄▄▄▄▄▄▄▄▄▄▄▄
█ ▄▄▄▄▄ █▄▄▀▀█▀█▀ ▀█▀▄▄█▄ ▄▄ █ ▄██▀▄▀▀█ ▄ █ ▄  ▄ ██ ▄▄▄▄▄ █
█ █   █ ██▀█▄ █▀    ▄▀▀▀▀▀ ▀▀▀█▄█ █ ▀▀▀▄▀   ▀▀▄▄ ██ █   █ █
█ █▄▄▄█ ██▄▀▄▄ ▀ ▀▄▄▄▀ ▄▄ █ ▄▄▄ ▄▄▀███▄▄▀▄▀ ▄ █▀▄██ █▄▄▄█ █
█▄▄▄▄▄▄▄█ ▀▄▀▄▀ █▄█▄█▄▀▄█ ▀ █▄█ █ ▀ ▀▄▀▄█▄█▄█▄█ ▀▄█▄▄▄▄▄▄▄█
█▄ █  █▄█▀█▀▄▀▀▀ ▀   ▀▀ ▀ ▀ ▄▄   ▀█ █  ▀▀ ▄  ▀▀▀▄▀▀ █▀█▀█ █
█ ▀▀▄▀█▄ ▀▄██ ▄▀▄▀▄ ▀ █▄▄▀██▄▄▄▄▀  ▀  █▄██ ▀  ▀▄▀ █▀ ▄▄▀  █
█ ▀▄▄▄▄▄▄ ▄▀ ▀▀▀██  ▄ ██▀ ▀▀▀▄ █   ▄▀ █▀ ▄ ▀▀  █  ▀▀  ▄▄  █
█▀ █▄█ ▄▄█▄█▀█▄▀▀ █▄█▀ █▀█▀▀▄ ▀ ▄█▀▀▀█ ▀▄▄ █▀▄  ▄▀▀ ▄▄▀ ███
█ ▄▀▄  ▄█  ▄█  ▄▀▀▀ ▀▄▄█▀▀███▄█▀▀▄█▀▄▄▄▄█▀▄▀  ▀ ▄▀██▀█▄▄▄ █
███ ▄  ▄ ▄▀▀▄█▄ █▀ ██▀ █ ▄█ ▀█ ▀▄▄██▄██▀█  ▄██▀ ▄▄▀▀▄ ▀▀█▄█
█▀▀ ▄▄▀▄ ▀▄▀█  ▀ ▄▀▄█▀█ ▀▄ ██▄ ▀█▀█ █ █▀▄▄▀▀▀█  ▄▀     █ ██
█▀▄▄▄█▄▄ ▄▀█▄▀██ ▄  ▄▄██▄█▀▀▄▀█ ▄█▀▄█▄▄▀█▄▄▄█▀██▀▄▄█ ██▀▀▄█
█ █▄█▄█▄█▀▀  ██▀▀▄▀▄ ▀█  ▀  ▀ ▀▀▀█ ▀▄ █▀▀ ▀▀█▄ █▀▀█▀▄ ▄▀▀▀█
█ ██▄ ▄▄▄  ▀█▄█▀█▀▄█▀█  █▀▄ ▄▄▄ ▀▄▄ ▄ ███▀▀▀███▀▀ ▄▄▄ ▀ █▀█
█▀ ▄▄ █▄█ ███▀▄▀█ ▀▀▄█ ▀▄▀▀ █▄█  ▄█▀▀ ▀█▀▀▀▀▄▄▀▀  █▄█ ▄   █
█▀▄▄█▄ ▄▄▄   ▄ ▄█ ▀  ▀▀▀█ █     ▄ ▀▀██▄  ▀██▀▀▄▀ ▄  ▄ █▀█ █
███▀▄▀▄▄▄█ ▀█  █  ▄▄ ▀█▄▀ █ ▀▀▀ ▀▀█ █▄  ▄▄▀▀██ ▀███▀  ▄▀▀▄█
███▄█ █▄  ▀▀██▀ ▀█▀▄▄  █▄▀ ▀▀ ▄ █▄  █ █▄▄▀█▄█▀  ██▄▄▀▀▀  ▄█
█▀█▀▄▀ ▄█▀█▀▀▄█▀█▄ ▄▄▄█ █ ▀▀█▄█ █ █▄▀ █▀█▄▄   ▀█ ██  ▄█▀ ▄█
█▄▄ ▀▀ ▄▄█ █ ▀ ▀█ ▀  ▄ █▄ █▄█  ▄▀▀█▀ ▄▀▀█▄▄▀▀█▄▄▄▄▀▀▄ ▄▀█ █
█ ▄ █▀ ▄ █▀ ▄▀███ ▀ ▄█▀██▀█ ▀▀█ ▀▄█▀█▄█████▀▄ ▄▀  ▀▄▀  ▀▀ █
███▄▄▀ ▄▄  ▄▄ ▄ █   █▄█▀█▄ ▄▀▄▄▄▄▄█▄▄▄██   ▀ ▄▄█▀█▀▄ ▄█ ▀▄█
█▀ ▀ █▀▄▀▀ ▀▀▀▀▀ ▀▀ █ █▀ ▀█▄ ▀ ▄█▀   ▄    ▀▀██ ▀█ █▄▀  ▀▄▀█
█ ▀ ▀▀▄▄▄ ▀█▄██▄▄▄ █▄▄██▄▀█▀█▄█ ▄▄▀█▄  ▄▄▄▀██▄██ ▄  █ ▄   █
███████▄█ ▀▀████ ▄█ ▀▀▀     ▄▄▄ █  ▄█  ▀█  ▀█▄ ▄▄ ▄▄▄  ▀▀▄█
█ ▄▄▄▄▄ ████▀█ ▀▀▄█▀  ▄█▀▀▄ █▄█   █▀█▀▀  ▄  ▄█▄█▀ █▄█ ▀ ▀██
█ █   █ █ █▄▄ ▄▀ ██▄▄▄██▄▄ ▄ ▄▄▄▄▄▀ ▀▄ ▄█▀█▀▄▄▀   ▄  ▄▀██▄█
█ █▄▄▄█ █▀ ▀█ █▀ ▀  ▀  █ ██ ▀▄ █▀  ▀ ▄█▀ ▀▄▀  █▀▀▄█▀  █▀  █
█▄▄▄▄▄▄▄█▄██▄██▄▄█▄▄▄██▄████▄▄█▄█▄▄██▄▄█▄▄███████▄██▄▄▄████

2025-08-29T19:25:40: 
2025-08-29T19:26:00: 🎯 QR Code detected! Displaying...
2025-08-29T19:26:00: 📱 Scan this QR code with your WhatsApp!
2025-08-29T19:26:00: 🔗 Or copy this link to scan:
2025-08-29T19:26:00: https://api.qrserver.com/v1/create-qr-code/?size=300x300&data=2%40TRQsy8QSnuKge2hJPPu6NLF79ZDxKxAgM%2FMVt8ogHSEhy8ZzvoOEonzbY5i8Uu4Ti45z9xyRxFkkLw0KNx27XbxhTlTCUYeZOX0%3D%2CyAQ%2F7U%2BoJqnpVqnSiCja21MK68zi597MvOq4tq%2B4KXI%3D%2CWKrlluNL7i9A%2FE3UslIDq53dqp2GWURV1NuirfMVkyM%3D%2CNPqAi3PlPRtCOc%2B0Cf5SOxkzx%2BBwe9%2Fcb2oeHKV43t0%3D
2025-08-29T19:26:00: 
2025-08-29T19:26:00: ▄▄▄▄▄▄▄▄▄▄▄▄▄▄▄▄▄▄▄▄▄▄▄▄▄▄▄▄▄▄▄▄▄▄▄▄▄▄▄▄▄▄▄▄▄▄▄▄▄▄▄▄▄▄▄▄▄▄▄
█ ▄▄▄▄▄ █▄▄ ▄▀▄███▄ ▄█▄▄  ▀█ ▄█  ▄ ▀▀ ▄▀ █▄▄   ▄ ██ ▄▄▄▄▄ █
█ █   █ █ ▄▀ ▀██▄▄ ▀▄█▄█ ▀ █▄████▄ ▄▀▀▀  █ ▀▀█▀▄ ██ █   █ █
█ █▄▄▄█ █▄█▀▀▀▄▀▀▀ ▀ ▀▀▄ █▀ ▄▄▄ █▄ █▄▀ ▄▀ ██▀▀▄▀▄██ █▄▄▄█ █
█▄▄▄▄▄▄▄█▄▀ ▀ █ █▄▀ ▀▄▀▄▀▄█ █▄█ ▀ ▀ █ █▄█▄▀ ▀▄█ █ █▄▄▄▄▄▄▄█
█▄  ▄▀▀▄▀▄█ ▄█▀███ ▀ █▄▄▀▀▀▄     █ ▄█▀ █▄▄▄▀ █▄█   █▀ ▄ █▄█
███▀█▀ ▄▄█▀ ▀▄ ▀█▀ ██ ▄▄ ▄▄▄█  ▀█ █▀▄██▄▄█▄▄▄    ▀ ▀▀█ ▄▄ █
█▄▄ ▄█▀▄▀ ▄ ██▄ █▄█▄▀▀█▄▄▄█ ▀▀█▀█▀▀█▄▄▄  ██▄▄▀▀█▄█▄ ▀▀█▄█▀█
██▀  ▀ ▄█▀▀▀▀▄▄█▄▄▀ ██▄▀▀▄▀█▀▄██▄▀▀█▀ █▄█▄▄█▀ █▄▀▄▀▄▀  ▀█▀█
█▄ ▄▀ ▄▄▀ ▀▄▀█▄▄▄  ▀██▄▀▀▄▀█▄▄ ██▄█▀▀▀▄█▄▀ █▀ ▄  ▄▀█ █▀ ▄ █
█▄▀▀█▀▀▄██▀ ▀▀▀▀▀██▀█▄ ▄▀▀ ▀▀▄██▀██▄▄▀ ▀█▄█▀█▀▀ ▀ ▄▄▄▀▄██▀█
█ ▄▄▀  ▄ █▀█▄█ ██ ▀███ ▄▀█ ▀    █▀ ▄ ███ ▄▀ ███▄▄ ███▄ ▄▀▀█
█▄ ▄█▀▄▄  ▄▄ █▄ ▀▄▄█ ▄▄█  █▀█▀▀█ ▄ ▄   ▀▄▄ ▀▀▀▄██▀ ▀▀▀▀▄█▄█
█▄ ██ █▄██  ▄ ▄ ▀█▄ █ █▀████▀▀▄█▄▄  ▀▄  ▀▀▄█ █ ▄█▄▀▀▀█▀█▄ █
█▀█▀▀ ▄▄▄ ▀▀ █▄█ █▄▄▀▀█▄█ ▄ ▄▄▄ ▀ █▄▄▀█▀ ██ █▀ ▀  ▄▄▄ ▀▀███
█▄▄▄█ █▄█   ▀▄▀▀▄ █▄ █▀▀ ▄█ █▄█ ▄▄  ██▄▄ ▀ █ ▄    █▄█ █▀▄ █
█ █▀ ▄ ▄▄  ▀█ ███▀▄▄█ ▀  ▄ ▄  ▄▄▀▀ ▀ █ ▀▄  █ ▄▄▄█ ▄ ▄ ▀█ ▀█
█ ▀ ▀█▄▄  ███▀ ▀▄█▄█▀▄ ▄  █▄▄▄▀▀▀█ ▄▄█▀█ ▄▀ ▄██▄▀ ██▄█▄ ▀ █
█▀█   ▀▄ ▀ ▀▀ █  ▀█▀█▀▀█▄ ▄▀██ ██▄▀ ▄▄ ▄▄▀▀ ▀▀▀▀   ▄▄▀███▄█
██▄ ▄ █▄  █ ▀█  ███ ▀██▀ ▄▄ ██▄▀ ▀██ ▄  █▀▀▄▄█▀▄█▀ ▀ █ ██▄█
██▄▄▄█ ▄▄▀▀█████ ▄▀▀  █▀▄▀█  ▄▄█▀▄ █▀▄▀█ ▀▄  ▀▀ ▄█▀█▀▄▄ █▄█
██  ▄▄▄▄▄█▀ ▄▄▀▄▄ ██ █ █▀▄▀  ▀▀██▄▄▀▀▀▀█▄█▀▄  █▀▄█▀█   ▄█ █
█▀ █▄██▄▀▀▀ ▄ █▀█▀█▄ ██   ▀█▀█▀ ▀█▀▀▀ ▄▄ ▀████ ▄▄  ▀ ██▄▄██
█  ▀██▀▄█ █ ▀ ▀███▀▀█▄ █  ▄▀██ ███ ▄ █ ▄█▄▄▀█▀▄█▀ █▀▄█▄█▄██
█ ▀ ▀▀▄▄▀▄ █  ▀▄█▄ ▄ ▄ ▀ ▄  ▄▄▀█ ▄▀▄ █▀ ▀ █ █ █▄█   ██▀█▄ █
███████▄█ ▀  ▀ ▄▀██ ▀ █▀▄▄█ ▄▄▄  ▀ █▄▄ ▀███▄▄█▀▄█ ▄▄▄ ▄█▄██
█ ▄▄▄▄▄ ██ ▀▀▄ █▀ █ ▀ ▀▀██▄ █▄█ ▄▄ █ █ ▄▀█▀ ▀ ▀ █ █▄█ ▀▀███
█ █   █ █▀▄▄▀  ▀▀█▀▀ ▄▄█ ▀▄▄▄   ▄   ██▄▄▄█▀▄█▄  ▄▄    █  ▄█
█ █▄▄▄█ █ ▀█████  █▄▄▀ ▄█▀ ▀▀▀█▀▄   ▄   ▀▀▀█▄▀█ ▄   █▀ ██▀█
█▄▄▄▄▄▄▄█▄▄██▄█▄██▄█▄█▄▄█▄██▄▄███▄████▄██▄█▄██▄██████▄▄▄███

2025-08-29T19:26:00: 
2025-08-29T19:26:20: 🎯 QR Code detected! Displaying...
2025-08-29T19:26:20: 📱 Scan this QR code with your WhatsApp!
2025-08-29T19:26:20: 🔗 Or copy this link to scan:
2025-08-29T19:26:20: https://api.qrserver.com/v1/create-qr-code/?size=300x300&data=2%40e4%2BTcUCHTQ6cgC5CeyZ2k3ft27Zn%2Fi9cTawh%2FPva8E21CONRluQ22wIn5Xa4VJ7AEOklI006WS2Q36IndfIKt%2FXbxMn7sAeq8DA%3D%2CyAQ%2F7U%2BoJqnpVqnSiCja21MK68zi597MvOq4tq%2B4KXI%3D%2CWKrlluNL7i9A%2FE3UslIDq53dqp2GWURV1NuirfMVkyM%3D%2CNPqAi3PlPRtCOc%2B0Cf5SOxkzx%2BBwe9%2Fcb2oeHKV43t0%3D
2025-08-29T19:26:20: 
2025-08-29T19:26:20: ▄▄▄▄▄▄▄▄▄▄▄▄▄▄▄▄▄▄▄▄▄▄▄▄▄▄▄▄▄▄▄▄▄▄▄▄▄▄▄▄▄▄▄▄▄▄▄▄▄▄▄▄▄▄▄▄▄▄▄
█ ▄▄▄▄▄ █▀   ██▀█▀ ██▀▀▄▄ ▀▀▄▄▀▄  ▀█▀ ▀▀▄  ▄▄ ▄▄ ██ ▄▄▄▄▄ █
█ █   █ █▀█ ▄ ▄███  ▄▄█▄ ▀▀██▄█▄ █▀█▄▀  █▄  ▀▄ ▄ ██ █   █ █
█ █▄▄▄█ █▀▄▀▀▄  ▄█▀▄▄ ▄ ▀ █ ▄▄▄   █▀▄▄▄█▄▄▄ ▄▄▀▀▄██ █▄▄▄█ █
█▄▄▄▄▄▄▄█▄▀ ▀▄█▄▀▄█▄▀ █▄█ █ █▄█ ▀▄█ ▀▄█ ▀▄█▄▀ ▀ ▀▄█▄▄▄▄▄▄▄█
█▄  ▄▄█▄▄▄█▀▀▀ █▄▄  ▀███▀ ▄▄    ▀█▀██ ▀███▄ ▀██▄▄▀ █ ▀▄▀▄██
█ ▀  ▄▀▄███▄ ▀▄  █▀ ▀▀▀ ▀▀█▄▄ ▀▄▀▀ ▀█ ▀█▀▀▀▀ ▀▀▄▄▀▄▀▀▀▀▀ ▀█
█ ▄▀███▄▀ █▄▀▀▄▄▀▄▀ ▀█▀▄  ▄▄▄█▀█████  ██▄█  ▄█▀█  ▄▄▀██▄███
██ ▀▀  ▄▄▀  ▀█████  ▄███▀█ █▀██ █▀ ▄█▀ ▄ ▀ ▀▄▄█▄▀  ▄▀▀ ▀▄▀█
█▀█▀▄▄█▄█▀▄    █▀▄  ▀▄██▀▀█▄▀ ▀ ▀█▀█▄  ▄███  █▄▄▀▀█▄█▀▀█▄▀█
██ ▀▀█▀▄█▀█ ██▀█  ▀█▄▀▄▄█▀ ██▄ ▀█▀▀▄██ ▄▀ ▀██▄▄▀█▄▄▄ ▀ ▀ ▀█
█ ▄▄ ▄ ▄▀█ ▄██▀█▄▀▀▄▄█▀█▀▄▀▀▀▀ ▀██▀█ ▄▄██▀▀▀ █▄█▄▀ ▄▄█ █  █
█▀▄█ ▄▀▄▄▀▀▀█  █▄ █ ▄█▀▀▀█▀  █  █▄█  █▄  ▀▀▄▄▀▀▀▄▄ █▄▀ ▀▀██
█  ▀▀██▄▄▄█▀▀ ▄ ██ ▄█▄▀▀▀▀███▀ ▀▄ ▄ █  ▄█▀ ▀ ▀▄▄▄▀ ▄ ██▀▄▄█
█ ▄▀  ▄▄▄ ▄▀█ █▀▀▄▄█ ▀▄██▀▀ ▄▄▄    █▄ ▄█▀▄██▄▀█▄▄ ▄▄▄ ▀ ▄██
█▀ ▄▀ █▄█ ▄█ ▀▄▀▀▄▄▀▄▄▄█▀▀▀ █▄█  ██▄▄ █▄██  ▄█▄▄█ █▄█ ▀█ ▀█
█▄▀▄█  ▄▄▄▄▀▀▄█▀▀▀█▀█▄▄█▄ ▀▄▄   ▀██▀ █▄▄ ▄ ▄▄▄  ▄▄ ▄ ▄▀  ██
█▄▄▀▀▄▄▄ █▄▄█ ▀▀▄█▄▄▀█▄▀  ▄▄▄█▀  █▀█▀  ▄▀█ ▀▄▀███ ▄████ ▄▄█
█▄█▄▀▄ ▄▄ ██ █▀▀▄▄▄▄ ▄▄▀▀█   ▀▀ █▀▄▄█▄██▄  ▄ ▀▄▄ █▄█▀ ▄  ██
█▀█▄  ▀▄ ▄▀ ██ ▄▀█▀▄▀▀▀▀▄ ▄▄▀█▄▄ ▀▀██▄ ▄▄▀█ ▀▀█▄▀█ █▄█▄▀▄▀█
█▄█▄█▄ ▄█▀▀▀█▀█ ▀█▀ ▀ ▄ ▄ ▄ ▀█▄▄ █▀▄ █ █  ▄▀▀▀ ▀▄▄ █ █▄▀▄▄█
█ ▄▀▀▀█▄ ▄▄ █▀██▀▄▄ ▄▄█▀ ▀█▀██  ▀█▀█ ▄█▄▀▀ ▀▄▀ ██  ██▄▀▀▀▀█
██ ▀  █▄▀█ ▄▀█ ▄▀▀▀  ▀▀ ▄▄█▀███▄▀▀███▄ ▄▄▀███▀ ▄▄█▄█▄█▄ ▄▀█
█▀▀  ▄▄▄▀▄▀█▀▀  ▄▄▀ ▄▄▀▄ ▀▄▀▄▄ ▄▄█▄█ ▄ ▄▄██▀▄▀█▄▀ ▀▀▀▄▄████
█ ▀ ▀▀▄▄▄▄█▀▀███  ▀ ▄█ ▀▀▀█▄▀   ▄█▄ ▀▄▄█▄ ▄██▀▄ █▄▀▀ █▄  ▀█
███████▄▄▀█ ▄█  ██▀▄ ▄▄▀▀ █ ▄▄▄  █▄█   █▀▀▀ ▄█▄▄▀ ▄▄▄  ▀▄██
█ ▄▄▄▄▄ █▄▀ ▀█▀█▄██▀█▄   ██ █▄█ ▀ ▀▄▄▄▀▄ ▀▀▀▄█  ▄ █▄█ ▀  ██
█ █   █ █ ▀ ▄▄▄ ▄▀ ▄▄█▀▀▀▄ ▄▄  ▄ ██▄▄▄ █▀▀ ▀ ▀█▄█ ▄   ▄████
█ █▄▄▄█ █ ▀▄▄█ █▄ ▀ ▄█▄▄▀█ █▄█▀███▄ ▀█ ▄▄▀█▀▄█▀  ▄ ▄ █▄▀███
█▄▄▄▄▄▄▄█▄█▄▄▄██▄▄▄▄██████▄█▄██▄▄▄▄▄█▄██▄███▄██▄█▄▄███▄█▄██

2025-08-29T19:26:20: 
2025-08-29T19:26:40: {"level":30,"time":"2025-08-29T18:26:40.078Z","pid":24752,"hostname":"LAPTOP-R3IJ5HFS","class":"baileys","trace":"Error: QR refs attempts ended\n    at Timeout.genPairQR [as _onTimeout] (C:\\Users\\55519\\Desktop\\DIGITAL MARKETING\\SAAS AND APP DEVELOPMENT\\Caio Website Personal Brand\\caio_personal_brand_current_one\\node_modules\\@whiskeysockets\\baileys\\lib\\Socket\\socket.js:485:21)\n    at listOnTimeout (node:internal/timers:588:17)\n    at process.processTimers (node:internal/timers:523:7)","msg":"connection errored"}
2025-08-29T19:26:40: 🔄 Scheduling reconnect attempt 1/10 in 5s...
2025-08-29T19:26:45: 🚀 Starting WhatsApp service...
2025-08-29T19:26:45: 📱 WhatsApp service started. Waiting for connection...
2025-08-29T19:26:45: {"level":30,"time":"2025-08-29T18:26:45.373Z","pid":24752,"hostname":"LAPTOP-R3IJ5HFS","class":"baileys","browser":["Chrome (Linux)","",""],"helloMsg":{"clientHello":{"ephemeral":"hNSE1pyfE7pVIqguYAi696HNzLgxFPvq6DA/xFuerTc="}},"msg":"connected to WA"}
2025-08-29T19:26:47: {"level":30,"time":"2025-08-29T18:26:45.510Z","pid":24752,"hostname":"LAPTOP-R3IJ5HFS","class":"baileys","node":{"username":"555193288772","passive":false,"userAgent":{"platform":"WEB","appVersion":{"primary":2,"secondary":3000,"tertiary":1023223821},"mcc":"000","mnc":"000","osVersion":"0.1","device":"Desktop","osBuildNumber":"0.1","releaseChannel":"RELEASE","localeLanguageIso6391":"en","localeCountryIso31661Alpha2":"US"},"webInfo":{"webSubPlatform":"WEB_BROWSER"},"connectType":"WIFI_UNKNOWN","connectReason":"USER_ACTIVATED","device":51,"pull":true},"msg":"logging in..."}
2025-08-29T19:26:47: {"level":30,"time":"2025-08-29T18:26:47.770Z","pid":24752,"hostname":"LAPTOP-R3IJ5HFS","class":"baileys","msg":"16 pre-keys found on server"}
2025-08-29T19:26:47: {"level":30,"time":"2025-08-29T18:26:47.801Z","pid":24752,"hostname":"LAPTOP-R3IJ5HFS","class":"baileys","msg":"handled 0 offline messages/notifications"}
2025-08-29T19:26:47: {"level":30,"time":"2025-08-29T18:26:47.882Z","pid":24752,"hostname":"LAPTOP-R3IJ5HFS","class":"baileys","msg":"opened connection to WA"}
2025-08-29T19:26:47: ✅ WhatsApp connected successfully!
2025-08-29T19:33:07: {"level":50,"time":"2025-08-29T18:33:07.069Z","pid":24752,"hostname":"LAPTOP-R3IJ5HFS","class":"baileys","node":{"tag":"stream:error","attrs":{},"content":[{"tag":"conflict","attrs":{"type":"replaced"}}]},"msg":"stream errored out"}
2025-08-29T19:33:07: {"level":30,"time":"2025-08-29T18:33:07.182Z","pid":24752,"hostname":"LAPTOP-R3IJ5HFS","class":"baileys","trace":"Error: Stream Errored (conflict)\n    at WebSocketClient.<anonymous> (C:\\Users\\55519\\Desktop\\DIGITAL MARKETING\\SAAS AND APP DEVELOPMENT\\Caio Website Personal Brand\\caio_personal_brand_current_one\\node_modules\\@whiskeysockets\\baileys\\lib\\Socket\\socket.js:524:13)\n    at WebSocketClient.emit (node:events:518:28)\n    at C:\\Users\\55519\\Desktop\\DIGITAL MARKETING\\SAAS AND APP DEVELOPMENT\\Caio Website Personal Brand\\caio_personal_brand_current_one\\node_modules\\@whiskeysockets\\baileys\\lib\\Socket\\socket.js:241:35\n    at Object.decodeFrame (C:\\Users\\55519\\Desktop\\DIGITAL MARKETING\\SAAS AND APP DEVELOPMENT\\Caio Website Personal Brand\\caio_personal_brand_current_one\\node_modules\\@whiskeysockets\\baileys\\lib\\Utils\\noise-handler.js:144:17)\n    at process.processTicksAndRejections (node:internal/process/task_queues:105:5)","msg":"connection errored"}
2025-08-29T19:33:07: 🔄 Scheduling reconnect attempt 1/10 in 5s...
2025-08-29T19:33:12: 🚀 Starting WhatsApp service...
2025-08-29T19:33:12: 📱 WhatsApp service started. Waiting for connection...
2025-08-29T19:33:12: {"level":30,"time":"2025-08-29T18:33:12.724Z","pid":24752,"hostname":"LAPTOP-R3IJ5HFS","class":"baileys","browser":["Chrome (Linux)","",""],"helloMsg":{"clientHello":{"ephemeral":"O/GNJQa/2RsksHqXciqCzVrXi5REf9HCD1L5ZB+IGjA="}},"msg":"connected to WA"}
2025-08-29T19:33:13: {"level":30,"time":"2025-08-29T18:33:13.013Z","pid":24752,"hostname":"LAPTOP-R3IJ5HFS","class":"baileys","node":{"username":"555193288772","passive":false,"userAgent":{"platform":"WEB","appVersion":{"primary":2,"secondary":3000,"tertiary":1023223821},"mcc":"000","mnc":"000","osVersion":"0.1","device":"Desktop","osBuildNumber":"0.1","releaseChannel":"RELEASE","localeLanguageIso6391":"en","localeCountryIso31661Alpha2":"US"},"webInfo":{"webSubPlatform":"WEB_BROWSER"},"connectType":"WIFI_UNKNOWN","connectReason":"USER_ACTIVATED","device":51,"pull":true},"msg":"logging in..."}
2025-08-29T19:33:13: {"level":30,"time":"2025-08-29T18:33:13.359Z","pid":24752,"hostname":"LAPTOP-R3IJ5HFS","class":"baileys","msg":"13 pre-keys found on server"}
2025-08-29T19:33:13: {"level":30,"time":"2025-08-29T18:33:13.390Z","pid":24752,"hostname":"LAPTOP-R3IJ5HFS","class":"baileys","msg":"handled 0 offline messages/notifications"}
2025-08-29T19:33:13: {"level":30,"time":"2025-08-29T18:33:13.478Z","pid":24752,"hostname":"LAPTOP-R3IJ5HFS","class":"baileys","msg":"opened connection to WA"}
2025-08-29T19:33:13: ✅ WhatsApp connected successfully!
2025-08-29T19:33:24: {"level":50,"time":"2025-08-29T18:33:24.939Z","pid":24752,"hostname":"LAPTOP-R3IJ5HFS","class":"baileys","node":{"tag":"stream:error","attrs":{"code":"401"},"content":[{"tag":"conflict","attrs":{"type":"device_removed"}}]},"msg":"stream errored out"}
2025-08-29T19:33:24: {"level":30,"time":"2025-08-29T18:33:24.943Z","pid":24752,"hostname":"LAPTOP-R3IJ5HFS","class":"baileys","trace":"Error: Stream Errored (conflict)\n    at WebSocketClient.<anonymous> (C:\\Users\\55519\\Desktop\\DIGITAL MARKETING\\SAAS AND APP DEVELOPMENT\\Caio Website Personal Brand\\caio_personal_brand_current_one\\node_modules\\@whiskeysockets\\baileys\\lib\\Socket\\socket.js:524:13)\n    at WebSocketClient.emit (node:events:518:28)\n    at C:\\Users\\55519\\Desktop\\DIGITAL MARKETING\\SAAS AND APP DEVELOPMENT\\Caio Website Personal Brand\\caio_personal_brand_current_one\\node_modules\\@whiskeysockets\\baileys\\lib\\Socket\\socket.js:241:35\n    at Object.decodeFrame (C:\\Users\\55519\\Desktop\\DIGITAL MARKETING\\SAAS AND APP DEVELOPMENT\\Caio Website Personal Brand\\caio_personal_brand_current_one\\node_modules\\@whiskeysockets\\baileys\\lib\\Utils\\noise-handler.js:144:17)\n    at process.processTicksAndRejections (node:internal/process/task_queues:105:5)","msg":"connection errored"}
2025-08-29T19:33:27: {"level":30,"time":"2025-08-29T18:33:27.036Z","pid":24752,"hostname":"LAPTOP-R3IJ5HFS","class":"baileys","msg":"resyncing critical_block from v0"}
2025-08-29T19:33:27: {"level":50,"time":"2025-08-29T18:33:27.117Z","pid":24752,"hostname":"LAPTOP-R3IJ5HFS","class":"baileys","err":{"type":"Error","message":"Connection Closed","stack":"Error: Connection Closed\n    at sendRawMessage (C:\\Users\\55519\\Desktop\\DIGITAL MARKETING\\SAAS AND APP DEVELOPMENT\\Caio Website Personal Brand\\caio_personal_brand_current_one\\node_modules\\@whiskeysockets\\baileys\\lib\\Socket\\socket.js:60:19)\n    at sendNode (C:\\Users\\55519\\Desktop\\DIGITAL MARKETING\\SAAS AND APP DEVELOPMENT\\Caio Website Personal Brand\\caio_personal_brand_current_one\\node_modules\\@whiskeysockets\\baileys\\lib\\Socket\\socket.js:79:16)\n    at sendMessageAck (C:\\Users\\55519\\Desktop\\DIGITAL MARKETING\\SAAS AND APP DEVELOPMENT\\Caio Website Personal Brand\\caio_personal_brand_current_one\\node_modules\\@whiskeysockets\\baileys\\lib\\Socket\\messages-recv.js:62:15)\n    at handleNotification (C:\\Users\\55519\\Desktop\\DIGITAL MARKETING\\SAAS AND APP DEVELOPMENT\\Caio Website Personal Brand\\caio_personal_brand_current_one\\node_modules\\@whiskeysockets\\baileys\\lib\\Socket\\messages-recv.js:598:19)\n    at async processNodeWithBuffer (C:\\Users\\55519\\Desktop\\DIGITAL MARKETING\\SAAS AND APP DEVELOPMENT\\Caio Website Personal Brand\\caio_personal_brand_current_one\\node_modules\\@whiskeysockets\\baileys\\lib\\Socket\\messages-recv.js:815:9)","data":null,"isBoom":true,"isServer":false,"output":{"statusCode":428,"payload":{"statusCode":428,"error":"Precondition Required","message":"Connection Closed"},"headers":{}}},"msg":"unexpected error in 'handling notification'"}
2025-08-29T19:39:02: 🚀 Starting WhatsApp service...
2025-08-29T19:39:02: 📱 WhatsApp service started. Waiting for connection...
2025-08-29T19:39:02: (node:808) Warning: Setting the NODE_TLS_REJECT_UNAUTHORIZED environment variable to '0' makes TLS connections and HTTPS requests insecure by disabling certificate verification.
(Use `node --trace-warnings ...` to show where the warning was created)
2025-08-29T19:39:05: {"level":30,"time":"2025-08-29T18:39:05.591Z","pid":808,"hostname":"LAPTOP-R3IJ5HFS","class":"baileys","browser":["Chrome (Linux)","",""],"helloMsg":{"clientHello":{"ephemeral":"w/+Zy68LG5raLclE6BIXDFbipN4CeijHmHq2b/DsHRo="}},"msg":"connected to WA"}
2025-08-29T19:39:07: {"level":30,"time":"2025-08-29T18:39:07.369Z","pid":808,"hostname":"LAPTOP-R3IJ5HFS","class":"baileys","node":{"passive":false,"userAgent":{"platform":"WEB","appVersion":{"primary":2,"secondary":3000,"tertiary":1023223821},"mcc":"000","mnc":"000","osVersion":"0.1","device":"Desktop","osBuildNumber":"0.1","releaseChannel":"RELEASE","localeLanguageIso6391":"en","localeCountryIso31661Alpha2":"US"},"webInfo":{"webSubPlatform":"WEB_BROWSER"},"connectType":"WIFI_UNKNOWN","connectReason":"USER_ACTIVATED","devicePairingData":{"eRegid":"AAAAaA==","eKeytype":"BQ==","eIdent":"FW6BsELFC22oDFFNuqwgNn45EiP2VMFLF6qx5GIHTGQ=","eSkeyId":"AAAB","eSkeyVal":"5ttb5Qc80vK9GRzCimzBQIy1jVMgTdcWcXN2ruPcpTE=","eSkeySig":"b3cJ1jyIvc+MunpLhDAmIzx0gwZr33q2vnunbNhWZO7+dF6v7Gd6tFuzuj7wm+j/yNwqXXBDyLpe+vEEVXMpCA==","buildHash":"c9lQeUMlTdrMrIi/+YcPiA==","deviceProps":"Cg5DaHJvbWUgKExpbnV4KRgHIAA="},"pull":false},"msg":"not logged in, attempting registration..."}
2025-08-29T19:39:07: 🎯 QR Code detected! Displaying...
2025-08-29T19:39:07: 📱 Scan this QR code with your WhatsApp!
2025-08-29T19:39:07: 🔗 Or copy this link to scan:
2025-08-29T19:39:07: https://api.qrserver.com/v1/create-qr-code/?size=300x300&data=2%40JhLnw%2BYYxevO7WIJBUbzZ3mLfWECKnJAUjBiXRCPPpUPJFwgalsFh2Xe0Z1PJWrTQyOrj9u5eB92R7JZwCzoMCD9mEl%2F4lU1CvM%3D%2CASVgIEAvOLiC5vhsBs2lbzixN5ejf34LA%2FEf5Row5Es%3D%2CFW6BsELFC22oDFFNuqwgNn45EiP2VMFLF6qx5GIHTGQ%3D%2CM3i%2BtSYmtRWe4GLw1iFSVZKeWWWUa8%2BjMXFdpoFsXsE%3D
2025-08-29T19:39:07: 
2025-08-29T19:39:07: ▄▄▄▄▄▄▄▄▄▄▄▄▄▄▄▄▄▄▄▄▄▄▄▄▄▄▄▄▄▄▄▄▄▄▄▄▄▄▄▄▄▄▄▄▄▄▄▄▄▄▄▄▄▄▄▄▄▄▄
█ ▄▄▄▄▄ █▄▀▄▄▄▄▀█▀ ▀▀▀▄▄▄▄▄▀ ▀ ▄  ██████ ▀ ▄ ▄ ▄ ██ ▄▄▄▄▄ █
█ █   █ █ █ █▄█▄█▄ ▀██▄█▀▀ ██▄█▀▀█▄ ▀▀███▄ ▀ █▀▄ ██ █   █ █
█ █▄▄▄█ █▄▀▀  ▄▀▀▀▀  ▀██ █▀ ▄▄▄ ▀ ▄▀   ▄ ███▀▀▄▀▄██ █▄▄▄█ █
█▄▄▄▄▄▄▄█▄█ ▀ ▀ █▄█▄▀▄▀▄▀▄█ █▄█ ▀ ▀ █ █ ▀ ▀ ▀▄█ █ █▄▄▄▄▄▄▄█
█▄ ▄▄██▄▀▄ █▀▀▀▀██▀█ █ ▄▀▀▀▄▄ ▄  █ ▄▀▀ █ ▄█▀ █▄█▄  ██▄▄ ▀ █
██▀██  ▄▀▀▄ ▀  ▀▄█ ██ ▄▄▀▄▄▄  ▀ █▄███▀█▀▄▀▄▄▀▄▀ ▄▄█▀ █ ▄█▄█
██ ▀ ▀▀▄▀▄▀▀▄▀▄ █▄█▄▀ █▄▄█ ████▀ ▀ ▄▄ ▀▀▀▀██ █▀███  █▀█ ▄██
█▀█▀ █ ▄▄▀▄  ▀█████▀▄  ███ █▀▄█▀▄ █  █   ▀ █▄▀▄████  ▀   ██
██▄▀██▀▄█▄ ▀█▀▄▄  ▀███ █ ▄██▄▄ ▄  ▄▀▀▀ █ ▀▀█     █▄▄ ▀▀ ▀▄█
█▄█ █▀▄▄██▀▀█▀▀▀▀▄▀███▄▀▄██ █▄▀  ▀▀ ▀   █▀█ █  ▀▀▀▀▀▄▀▄█ ▀█
██▄ ▀█▀▄▀▀▀▄▄█ ██ ▄▀██▄ ▀█▀    ▀▀███ █ ▄▄ ▀▀▀██▄▄ █▄  ▀▀  █
█▀█▀█▀ ▄▀▀▄▄▀▄▄▀▀▄ ▀ ▄█   █▀▄▀▄█▀█▀▄▄▄█ ██▄▀▀▀▀▀█▄██▀█ ██▄█
█ ▄▀ ▀█▄█▄▄  █▄▄▀█  █ ▀██▄█▀█▀██▄▄  ▄   █▀▄█ ▀▀█▄▄ ▀ █▀▄▄▄█
█▄▀▄▀ ▄▄▄ ▄▄█ ▄  █▄▄▀▀█▄ ▀▄ ▄▄▄ █ ▀▄▀█ █  ▀ ▀▀▄▄▀ ▄▄▄ ▀▀▀▀█
█▀█▀▄ █▄█ █▀  ▀ ▀ █▄▄█▀▀ ▄█ █▄█ ▄▄ ▀▀███▄█▀█  ▀ ▄ █▄█ ▄█ ▄█
█▄▄▄▄▄▄▄     ▄▀▄▄ ▀▀█  ▀██▀  ▄▄▄ ▀▀▀▀▄ ▀▄█▀█▀█▄▀▄ ▄  ▄██▄▀█
█ ▀▄▀█▀▄▄  █▀▀ ▀▄▄▀█▀█ ▄▀ ▄▀▄█▀▀▀▀ ▄ ▀ █▄▄  ▀▀███ ▀▀██▀ ▀ █
█▄▄▄ ▄▄▄ █▀█▄▀ ▀█▄█ ▀█▀█▀▄▀██▀ █▀ ▀▄▄███ ▄ █▀▄ ▀█ █ ▀█▀█▄▄█
█▄▄▄▀▄ ▄█▀█▀▀  ████ ▀█ ▀ ▄▄ ███ ▄█▄▄▄ ▀ ▄▀██ █ ▄█ ▄██▄█████
█▄▀ ▄ ▀▄█  ██▀▀  ▄▀    ▄▄▀█  ▄ ▀ █ █▀█ █▀███▀█▄▄▀▄▀█▄█  █▄█
█▀██ █▄▄  ██▀▀█  ▀▄▀ █▄▀█▄▀ ▀▀▀██▄▄▀████▄▀ ▄▄   ▄ █▀ ▀▄▀█▄█
██  █▀▀▄▀  ▄▀ ▀▀ ██▄▄▀█ ▀ ▀█▀▀ ▄█▀▀██▀    ▀▄▄▀▀▀██ ▀▀███▄██
█▄▀▀█ ▄▄  █ ▄▄ ▀██▀▀ ▄ █  ██▄█▄█▀█▄▄ ▀▀▄▀ ▀ █▀ ██ ▄▀▄██▄▄██
█ ▀ ▀▀▄▄▀▄█ ▀▄   ▀ ██ ▄█▀█▀█▄▀██▄▄▀▄▀▀█ ██▀▄ ▄▄▄█ █ ▄█▄▄ ▄█
███████▄█ █▀  ██ █▄▄▄ █▀▄█▀ ▄▄▄  ▀ ██▄▀▀▀█▀▄ █ ▄█ ▄▄▄ ▄█ ▀█
█ ▄▄▄▄▄ ██ ▀ ▀▄▄▀▄ ▀▄▀▀ ▀ █ █▄█ ▄██▄▄▀▀▀██▄ ▀█▄██ █▄█ █ ███
█ █   █ █▀▄ ▀▀▄▄▀██▀ ▄▄█ ▀█       █▀▀███▄██▄▄ ▄ ▀▄▄▄▄ ▀  ▄█
█ █▄▄▄█ █ ▀ ▄ █▄  █▀▄▀▀▀█▀▀▀███▀█ ▀ ▄▄▄  ▄▄▀ ▀▀▄▄  ▀███▄█▀█
█▄▄▄▄▄▄▄█▄█▄██▄█▄█▄███▄▄▄▄███▄███▄██▄██▄▄▄▄███▄███▄███▄▄███

2025-08-29T19:39:07: 
2025-08-29T19:40:07: 🎯 QR Code detected! Displaying...
2025-08-29T19:40:07: 📱 Scan this QR code with your WhatsApp!
2025-08-29T19:40:07: 🔗 Or copy this link to scan:
2025-08-29T19:40:07: https://api.qrserver.com/v1/create-qr-code/?size=300x300&data=2%40uYMyZHnDbTqG0QXIFAxlE19Or2%2FE5Przxt3BIjyxqAdkLzdmrT5a6arks5Q5LicLRoWjZU%2F06t9sEqfWSemdCQRs%2BzEjNcxcLl8%3D%2CASVgIEAvOLiC5vhsBs2lbzixN5ejf34LA%2FEf5Row5Es%3D%2CFW6BsELFC22oDFFNuqwgNn45EiP2VMFLF6qx5GIHTGQ%3D%2CM3i%2BtSYmtRWe4GLw1iFSVZKeWWWUa8%2BjMXFdpoFsXsE%3D
2025-08-29T19:40:07: 
2025-08-29T19:40:08: ▄▄▄▄▄▄▄▄▄▄▄▄▄▄▄▄▄▄▄▄▄▄▄▄▄▄▄▄▄▄▄▄▄▄▄▄▄▄▄▄▄▄▄▄▄▄▄▄▄▄▄▄▄▄▄▄▄▄▄
█ ▄▄▄▄▄ █▄▀▄▄▄█▀▀▀ ▀ ███  ▄▀ ▀ ▄   ▀█ ▄█▀█ ▄▀▀ ▄ ██ ▄▄▄▄▄ █
█ █   █ █ █ █▄█▄█▄ ▀▄▄▄█▀▀ ██▄█▀ ▄▄   ███▄ ▀ █▀▄ ██ █   █ █
█ █▄▄▄█ █▄▀█▀█▄▀▀▀▀  ▀██ █▀ ▄▄▄   ▄▀▄█ ▄▄███  ▄▀▄██ █▄▄▄█ █
█▄▄▄▄▄▄▄█▄▀ █ ▀ █▄█▄▀▄▀▄▀▄█ █▄█ ▀ ▀ █ █ ▀ ▀ ▀▄█ █ █▄▄▄▄▄▄▄█
█▄ ▄▄██▄█▄▀▀█ ▀▀██▀█ █ ▄▀▀▀▄▄ ▄  █ ▄▀▀ █ ▄█▀ █▄█  ▄█▀▄▄ ▀ █
██▀██▀ ▄ ▄█▄██ ▀▄█ ██ ▄▄▀▄█▄▄▄▀ █▄█▀█▀█▀▄▀ ▄▀▄▀ ▀█▄▀▀▀ ▄█▄█
██  ▄▀▀▄▄█  ▄▀▄ █▄█▄▀ █▄▄█▀▄▀██▀ ▀ ▄▄   ▀▀██ █ █▄▄  ▀██▄▄██
█▄▄ ██ ▄█▀▄  ▀████▀█▄  ▄██ █▀▄██▄  ▀▄██  ██▀▄▀ ██ █ ▀▀   ██
█▀▀█▄█▀▄█▄ ▀█▀▄▄▀  ▀██▀█▀▄██▄▄ ▄  █▀████▄█▀▄▄▄ ▀ █▄▄ ▀  █▄█
██ █▄█ ▄██▀▀█▀▀▀█▀▀██ ▄▀▄ █ █▄ ▀▄▀▀ ▄█▀▀  ▄ ▄   ▀▀██▄▀▄█ ██
██▀ ▀  ▄▀▀▀▄ █ ██ ▄▀██▄ ▀█▀    ▀█▀██ ▀ ▄█▄▀▀███▄▄  ▄  ▀▀▀ █
█▀█▀█  ▄▀█▀▀ ▀ ▀▀▄ ▀ ▄█   █▀▄▀▄█▀▄▀▄███ ██▄▀▀▀▀▀█▄█▄▀█ ██▄█
█ ▄▀ ▄▀▄█  ▀   ▀▀█  █ ▀██▄███▀██▄▄  ▄   █▀▄█ ▀▀██▄▀  ▀▀▄▄▄█
█▄▀▄▀ ▄▄▄  ▀ █▀  █▄▄▀▀█▄ ▀▀ ▄▄▄ █ ▀ ▀█▄█  █ ▀▀ ▄  ▄▄▄ ▀▀▀▀█
█▀█▄▄ █▄█ █▄  █ ▀ █▄▄█▀▀ ▄█ █▄█ ▄▄▀ ▀█▀█▄█▀█   ▀▄ █▄█ █  ▄█
█▄▄▀ ▄ ▄     ▄▀▄▄ ▄▄█ ▀███▀  ▄▄▄ ▀▀ ▀▄ ▄ ▀ ███ ██  ▄  ██▄▀█
█ █▀██▀▄▀▄ █▀▀ ▀██ ▀▀▄  ▀ ▄▀█▄▀▀▀▀ ▄ █ ▄▄  ▀▀█████▀▀▄█ ▀█ █
█ ▀██▄▄▄▄ ▀█▄▀ ▀▀██  ▄▀█ █▀█▄▀ █▀▄▀▄ ▀██▀▄▀█▄▄ ▀▄ █  █▀█  █
█▄ ▄▀▄ ▄█▀█▀   ████ ▀█ ▀ ▄▄ ████ █▄▄█▄▀  ███ ▀ ▄█ ▄██▄█████
█▄▀ ▄ ▀▄█  ▄▄▄▄▀ ▄▀    ▄▄▀█  ▄ █ █ █ █ █ ▄██ █▄▄▀▄▀█▄█  █▄█
█▀██ █▀▄  ▄▄██   ▀▄▀ █▄▀█▄▀ ▀▀▀██▄▄▀████▄▀ ▄▄   ▄ ▀█ ▀ ██▄█
██  █▄ ▄▀  ▄█▄█  ██▄▄▀█ ▀ ▀█▀▀ ▄█▀█▀█▀▄   ▀ ▄▀▀██▀▄█▀█▄▄▄██
█▄▀███ ▄▀███▄▄█ ██▀▀ ▄ █  ▄▄▄█▄█▀██▄ ▀▄▄▀ ▀▀█▀ ██ ██▀█▄█▄██
█ ▀ ▀▀▄▄▄ █ ▀▄   ▀ ██ ▀▀▀█ ▀▄▀██▄▄ ▄█▀▀███▄▄    █▀█  ▀ ▄ ▄█
███████▄▄ █▀  ██ ██ ▀  ▀██▀ ▄▄▄  ▀ █ ▄   ▀██ █▀▄▀ ▄▄▄ ▄▄ ▀█
█ ▄▄▄▄▄ ██ ▀ ▀▄▄▄▄ ▀ ▄▀ █▄█ █▄█  ▀█▄█ ▀ ▀▄▄  █▄▄  █▄█ █ ███
█ █   █ █▀▄  █▄▄▀██▀ ▄▄█ ▀█  ▄  ▀▄█▀▀▀██▄▀█▄ ▄▄ ▀▄▄▄▄ ▀  ██
█ █▄▄▄█ █ ▄▀██▄   █▀▄▀▀▀█▀▀▀███▀▄▀▀ ▄█▄ ▀▄▄▀▀▀▀▄▄  ▀▀██▄█▀█
█▄▄▄▄▄▄▄█▄█▄██▄█▄█▄███▄▄▄▄███████▄██▄██▄▄▄▄███▄███▄███▄▄███

2025-08-29T19:40:08: 
2025-08-29T19:40:28: 🎯 QR Code detected! Displaying...
2025-08-29T19:40:28: 📱 Scan this QR code with your WhatsApp!
2025-08-29T19:40:28: 🔗 Or copy this link to scan:
2025-08-29T19:40:28: https://api.qrserver.com/v1/create-qr-code/?size=300x300&data=2%40%2B9Xi3Xa6JC5dYlSMUyGZTtuyekQr3k92Fct92ipGl8Pi6MCrfZg61L5otHkewy4TY2WZ6ADXD%2F%2Fpjhid7cxvn9euzIsLjRsCoEU%3D%2CASVgIEAvOLiC5vhsBs2lbzixN5ejf34LA%2FEf5Row5Es%3D%2CFW6BsELFC22oDFFNuqwgNn45EiP2VMFLF6qx5GIHTGQ%3D%2CM3i%2BtSYmtRWe4GLw1iFSVZKeWWWUa8%2BjMXFdpoFsXsE%3D
2025-08-29T19:40:28: 
2025-08-29T19:40:28: ▄▄▄▄▄▄▄▄▄▄▄▄▄▄▄▄▄▄▄▄▄▄▄▄▄▄▄▄▄▄▄▄▄▄▄▄▄▄▄▄▄▄▄▄▄▄▄▄▄▄▄▄▄▄▄▄▄▄▄
█ ▄▄▄▄▄ █▀█▄  ▄█▀█▄█ ▀▀█▄▄▄█▄▀▄  ▄██  ▄█▀▄▄▄▀▄▄▄ ██ ▄▄▄▄▄ █
█ █   █ █▀▄▀▀▀▄▄██  ▄▄█▄  ▀█▄██ ▀▄█▀▄▀▄██▄   █ ▄ ██ █   █ █
█ █▄▄▄█ █▀ █ ▀  ▄█ █▄  ▀▀ █ ▄▄▄ █▄▀█▄█▄███▄  ▀▀▀▄██ █▄▄▄█ █
█▄▄▄▄▄▄▄█▄▀ ▀▄▀▄▀▄▀ ▀ █▄█ █ █▄█ ▀▄█ ▀▄█▄█ █▄▀ ▀ ▀▄█▄▄▄▄▄▄▄█
█▄ ▄▄ █▄ ▄▄ ▄▄ ▀▄▄▀▄▀█▀█▀ ▄▄▄ ▄ ▀█▀█▀ ▀█▀██ ▀██▄▀▀ █ █▄▀ ▀█
█ █▄ ▄ ▄  █▄▀▄▄ ▀▀▀ ▀▀▀  ▀▀██▄ █▀█ ▀▄▄█ ▀█▀▀██ ▄██▀▀▄ ▀▀▀██
█▀  █▀█▄█ █  █▄▄▀▄▀ ▀▄▀▄ ▀▀ ▀█▀█ █▀█ ▄ ██▀   ▀▀▄▀  ▄▄█▀ ▄▀█
█▀█▄ ▄ ▄█▀█▀  ▄█▄▄▄ █   █▄▀█ ▄█▄█ █▄▄ ▀ █  █▀▀▀ ██▄    ▀▀██
███▀▀▀ ▄▀███▄▄ █▀▄▄ ▀▄▀▀▀▀▀▄▀   ▄▀▀█ ▄▀████▀▄█▄█▀  ███ ▄▀██
█▄█  ▀ ▄█▀█▀▀█▀█▀▀█▀ █ ▀█▀█▄▀▄▄█ ▀█ ▄█▀▄▄  ██▄▄ ████ ▀ ▀▄▀█
█▀▀  ▄▀▄ ▀ █  ▀█▄▀▄ ▄██▀▀▄  ▀▀  ▀█▄▄ ▄▀▄▀█▀  ▀▄█▄▀ ▄▀▀▀ ▀▀█
█▄▀  ▄▀▄▀ ████▄▄▄ ▀▄▄█ ▄▀█▀ ▀██ █▄▄ █ ▀▀▀▀█▄█▀▄█▄▀ █▄█▀ ▀██
█▄▄█▄█▀▄ ▄ █▀ █▀██▄▄█▄██▀ █▀▀▀▀▀▄ ▄  ▄ ▄▀▀ ▀ ███▀▀██▀██ ▄ █
██ ▄  ▄▄▄ █▄ █▀ ▀▄▄█ ▀▄█  ▀ ▄▄▄ ▄  █▀▄▀█▀▀██ ▀███ ▄▄▄ █  ▀█
█▄▀ ▀ █▄█ ▄█▀█▀ ▄▄▄▀ ▄▄█▀▀█ █▄█  █▄▄   █▀▀  ▄▀███ █▄█ ██▄██
█▄ █▀  ▄▄▄▄ ▄ ▀   █▀█▄█▀▀▀  ▄▄   █▄▀█▄█  ██▄▀▀  █▄▄ ▄▄█▀▄██
██▄ ▄▄▀▄█ ▀▄▀ ▀▀█▄▄▄▄▄▄▀ ▀█▀▀▄▀  ▀▀█ ▄▀▄▀▀   ▀██▀▄ ▀▄▄ ▀  █
█▀▀█▀ █▄▀▄▄▀█▄▄ █▄▄█▀▀▄▀▄▀█▄▄▀▀ ▀▀▄ ▀▄ █▄ ▀▀▀█▄▄██▀▀ ▀  ▀██
██▄ █▄▄▄██▀▀ ▄ ▀▀█▀▄▀▀▄▀▄ ▄▄▀██ ██ ▄█▄▀▄▀█▀▀▄█▄▄▀▄▄▀▀▄▀▀█ █
██  █▀▀▄▄  ▄█▀▀▄▀█▀▀▀ ▀█▄ ▄ ▀█▄  █▀▄▀▄▀█▀██▄ ▄██▀█ ██▄ ▀▄▄█
█▄▀▄█▀▄▄▄▀ ▄▄█ ▀███▄▄▄▀█▄▀█▀▄█  ▀█▀█▄ ▀▄▀█▀▀ ▀█▄███▄███▄▀██
█▀ ▄▀▀█▄▀▄▄▄██  ▄█▀ ▄█▀ █▄█▀█▀▄ ████▀█▄ ▄ ▀ ▄███▀█▄▀██▄▀▄▀█
██ ██▀ ▄▄▀█ ▄█▄█▄▄▀ ▀▄▀▄ ▀▄▄█▄▄▄ █▄▄   ▄ ▀ ▀▄▀▄█▀█  ▄█ ▀███
█ ▀ ▀▀▄▄▄▄ ▄ ▀▄▀██▀█▀▀▀▀  █▄▀█▄  █▄ ▄ ▄█▄▀  ▄▀██ ▀█▀▀█▀▀▄██
███████▄█ ▀▀▄▄█▀█▄▄▄▀█▄▀▀ ▀ ▄▄▄  █▄█ ▄▀▄██   ▀ █▀ ▄▄▄ ▀  ██
█ ▄▄▄▄▄ █▄▀   █▄██  ▄█ ▀ ▄▄ █▄█ ▀▀▄█▀▄  ██▄▀▄▀█▄█ █▄█ █▀▄██
█ █   █ █ ▀▄ ▄ █▄▀▄▄▄█▀▀▀▄▀    ▄ ▀ █  ▀▄▀▀▄▀ █▀▄▀  ▄▄▄ █▄██
█ █▄▄▄█ █  █▄█▄ ▄ ▀█▄██▀▀█▀██▀▀████ ▀ ▄▄▄▄ █▀▄█▄ ▄ ███▀ ███
█▄▄▄▄▄▄▄█▄█▄██▄▄█▄▄▄▄███▄█▄████▄▄▄▄▄▄▄▄▄██▄▄▄██▄█▄██▄▄▄█▄██

2025-08-29T19:40:28: 
2025-08-29T19:40:48: 🎯 QR Code detected! Displaying...
2025-08-29T19:40:48: 📱 Scan this QR code with your WhatsApp!
2025-08-29T19:40:48: 🔗 Or copy this link to scan:
2025-08-29T19:40:48: https://api.qrserver.com/v1/create-qr-code/?size=300x300&data=2%401wzk%2BlKxjudN9uAGpWHcjOccoXm1HkiYO%2FqdKcHZI3mzRYPcTJsTh5nGJJusM94eVjFUWX2FrPNOn1hkzdjuqnkAXXMf%2BAJ%2FxvA%3D%2CASVgIEAvOLiC5vhsBs2lbzixN5ejf34LA%2FEf5Row5Es%3D%2CFW6BsELFC22oDFFNuqwgNn45EiP2VMFLF6qx5GIHTGQ%3D%2CM3i%2BtSYmtRWe4GLw1iFSVZKeWWWUa8%2BjMXFdpoFsXsE%3D
2025-08-29T19:40:48: 
2025-08-29T19:40:48: ▄▄▄▄▄▄▄▄▄▄▄▄▄▄▄▄▄▄▄▄▄▄▄▄▄▄▄▄▄▄▄▄▄▄▄▄▄▄▄▄▄▄▄▄▄▄▄▄▄▄▄▄▄▄▄▄▄▄▄
█ ▄▄▄▄▄ █▄▀▄▄▄█ ██▀  █▄█ ▄▄▀ ▀ ▄  ████▄█▀▀▄  ▀ ▄ ██ ▄▄▄▄▄ █
█ █   █ █ █ ▀ █▄▄▄ ▀██▄█ ▀ ██▄█▀ ▄▄ ▀ ████ ▀▀▄▀▄ ██ █   █ █
█ █▄▄▄█ █▄▀▀ █▄▀▀▀▀  ▀██ █▀ ▄▄▄  ▀▄▀█  ▄▄ ██▄█▄▀▄██ █▄▄▄█ █
█▄▄▄▄▄▄▄█▄█▄█ ▀ █▄█▄▀▄▀▄▀▄█ █▄█ ▀ ▀ █ █ ▀ ▀ ▀▄█ █ █▄▄▄▄▄▄▄█
█▄ ▄▄▀▀▄▀  ▀ ▄▀▀██▀█ █ ▄▀▀▀ ▄ ▄  █ ▄▀▀ █ ▄█▀ █▄█▄  █▀ ▄ ▀ █
██▀██ ▀▄█▄█▄▀  ▀▄█ ██ ▄▄▀▄▄▄▄▄▀ █▄███▀▀█▄▀▄▄▀▄▀   ▄▀▄█ ▄█▄█
██ ▀▄▀▀▄█▄▄█▄▀▄ █▄█▄▀ █▄▄█ ▄▀▀█▀ ▀▀█▄   ▀▀█▄ █▀█▄█   ▀█▄▄██
█▄█▄▄█ ▄▄▀▄  ▀█████▄▄ ▀▀██ █▀▄█▀▄  ▄ █ ▄ █▄▀ ▀▀██▄█ ▀▀▀  ██
█▀█▄ █▀▄█▄ ▀█▀▄▄▄ ███▄ █▀███▄▄▀▄  ▄▀██▀█▄▀▀█   ▀ █▄▄ ▀▀▀▀▄█
█ █ ▀▀ ▄██▀▀█▀▀▀█▀▀█▀▄▄▀ ██ █▄▀ ▄▀▀ ▀▀▀ ▄ █▀█   ▀▀██▄▀▄█▄██
█▀▀ ▀█ ▄▀▀▀▄▄▀ ██ ▄▀██▄ ▀█▀    ▀████▄▀ ▄▄ ▀▀▀██▄▄ ▀▄  ▀▀  █
█▀█▀█ ▄▄▀█▀▄ ██▄▀▄ ▀ ▄█   █▀▄▀▄█ ▄▀▄▄▄█ ▄▄▄▀▀ ▀▀█▄▀██▀ ██▄█
█ ▄▀ █ ▄█▀▀█▄█ ▀▀█  █ ▀██▄███▀██▄▄  ▄   █▀▄█ ▀▀███▀ █▀▀▄▄▄█
█▄▀▄▀ ▄▄▄ ▄▄█▄▄  █▄▄▀▀█▄ ▀█ ▄▄▄ █ ▀ ▀█ ▀  ▀ ▀▀▄▄  ▄▄▄ █▀▀▀█
█▀█▄▀ █▄█ ▄█  ▀▀▀ █▄▄█▀▀ ▄█ █▄█ ▄▄ ▀▀█▄█▄█▀▄  ▀▀▀ █▄█ ▀▄ ▄█
█▀██▄  ▄▄    ▄▀▄▄ ▀▀█  ▀██▀▄ ▄▄▄ ▀ ▀█ ▄█ ██ ██▄▀█   ▄▄▄▄▄▀█
█  ███▀▄   █▀▀ ▀ █ █ ▄▄▄▀ ▄▀ █▀▀▀▀ ▄ █▀▄ ▄▀ ███▄█▀▀▀██ ▀█ █
█ █▄▀▄▄▄█▀▀█▄▀ ▀ ██ ▄▄▀█▄█▀█▄█ █▀ ▀▄█▄█▄█  ▄ ▄▀ █ █ █▄▀█  █
█▄▀▄▀▄ ▄█▀█▀█▀ ████ ▀█ ▀ ▄▄ ██▀█ ▀▄▄▄▄▀ █▀██ ▀ ▄█ ▄██▄██▄██
█▄▀ ▄ ▀▄█ ▄█▀ ▀█ ▄▀    ▄▄▀█  ▄ ▀ █ █▀█ █▀███▀█▄▄▀▄▀█▄█  █▄█
█▀██ ▀▄▄  ▄▄█▄▄  ▀▄▀ █▄▀█▄▀ ▀▀▀██▄▄▀████▄▀ ▄▄   ▄  █ ▀▄██▄█
██  █▀ ▄▀  ██▄█▄ ██▄▄▀█ ▀ ██▀▀ ▄█▀▀▀█▀▄▄  ▀ ▄▀▀▀▀ ▄▀▀█▄▄▄██
█▄▀█▀█ ▄█▀  ▄▄████▀▀ ▄ █  ██▄█▄█▀█ █ ▀ █▀ ▀▀█▀▀█▀█▄█ █  ▄██
█ ▀ ▀▀▄▄ ██ ▀▄   ▀▀██ ▄▀▀█▀▀▄▀██▄▄▀▄█▀▀█▀▀▄   ▄▄▀  ▄██▀▄ ▄█
███████▄▄▀█▀  ██ █▄ ▄ █▀▄▄▀ ▄▄▄  ▀ █▀  ▀▀█▄█▄█▀▄█ ▄▄▄ ▄▄ ▀█
█ ▄▄▄▄▄ ██ ▀ ▀▄▄ █ ▀▄▀▀ ▄██ █▄█  ▀█▄▀▄ ▀▀ █▀  ▄█▄ █▄█ █ ▀██
█ █   █ █▀▄ ▄█▄▄▀██▀ ▄▄█ ▀█ ▄   ▄ █▀ ███ ██▄▄▄▄ ▀▄▄▄ ▄▀  ▄█
█ █▄▄▄█ █ ▀▀▀▀ █  █▀▄▀▀▀█▀▀▀█▀█▀▄ ▀ ▄█▄  █▄▀▀ ▀▄▄  ▀▀▀█▄█▀█
█▄▄▄▄▄▄▄█▄▄▄▄▄██▄█▄███▄▄▄▄███████▄██▄██▄▄▄▄███▄███▄█▄▄▄▄███

2025-08-29T19:40:48: 
2025-08-29T19:41:08: 🎯 QR Code detected! Displaying...
2025-08-29T19:41:08: 📱 Scan this QR code with your WhatsApp!
2025-08-29T19:41:08: 🔗 Or copy this link to scan:
2025-08-29T19:41:08: https://api.qrserver.com/v1/create-qr-code/?size=300x300&data=2%40gfmwhvVxylPmmeBKd3Db4nk64iH8KETlK4DGHZjP1O5O0ohbFcpNI21WeF3iusykz%2B1lcEwFSeR%2FfojIDM%2FwreRwgoFsiDmq4x0%3D%2CASVgIEAvOLiC5vhsBs2lbzixN5ejf34LA%2FEf5Row5Es%3D%2CFW6BsELFC22oDFFNuqwgNn45EiP2VMFLF6qx5GIHTGQ%3D%2CM3i%2BtSYmtRWe4GLw1iFSVZKeWWWUa8%2BjMXFdpoFsXsE%3D
2025-08-29T19:41:08: 
2025-08-29T19:41:08: ▄▄▄▄▄▄▄▄▄▄▄▄▄▄▄▄▄▄▄▄▄▄▄▄▄▄▄▄▄▄▄▄▄▄▄▄▄▄▄▄▄▄▄▄▄▄▄▄▄▄▄▄▄▄▄▄▄▄▄
█ ▄▄▄▄▄ █▀▄▀▄▄██▄ ▀▀  ▀▀  ▄▄█▄ ▄ ██▄▀   █▀▄  ██▄ ██ ▄▄▄▄▄ █
█ █   █ █▄█ ▄█ ▄███▄ █▄██▄███▄ ▄▄█▄ █▄ █ ██▄█▄▀▄ ██ █   █ █
█ █▄▄▄█ █ ██ ▀████ ▀▀█▀▀▀▄  ▄▄▄  ▄ █ ▄▀   ▄▄▀█ ▀▄██ █▄▄▄█ █
█▄▄▄▄▄▄▄█ █ ▀▄▀▄▀ █▄▀ █ ▀▄█ █▄█ ▀▄█▄█ █▄█▄▀ ▀ ▀▄█ █▄▄▄▄▄▄▄█
█ ▄█▄██▄▄█▄▀▀▄▄▀██▄ ██ ▄▄▄▄▄▄  ▄██ ▄▄▄██ ▄ ▄██▄█▄██▄  ▀▄▄▀█
█▄ ▀▀█▀▄ ▀  █▀▀█ ▀▀▄▄▄   ██ ▄  ▀▄ ██▄ ▄▀ █▀█  █ ▀██▄ ▀▀█▄ █
██ ▄▄▄▀▄▀▀▀ ▄▀▄█ ▀█▄▀█ ▀▄█▀ █▄█▀ ▄█ ▄ ██▄▄▀▄  █ ██ █▄▄▀▄▄ █
█▄▀▀▄██▄▀▀▄ █▄ ████▄▀ █   ██ █  ▀ ▀██  ▄ █▀██▀▄ ▀     █▄███
█▄▀█ ▀ ▄▄ ▄█▄ █ ▄▄▄▄█ ▄▀▀▄▄▀  ▀█▀▄▀█▄▄█▀▄▀▀██▄▄▄▀▄█ ▄█▀▀▄▄█
███▄█ ▄▄█ ▄▄█▀▀▄ ▀▀█▄▄▀▄▀███ ▀▀▀▄▄▄█ ▄▀█ ██▀▄███▀▀█ ▀▄▄█▀ █
█▄  ▀  ▄▄▀▀▄█ ███ ▀▄ █▄ ▄ ▄   █▄▄▀███ █▄  ▄▄ ▀█▄▀███  ▄▄█ █
█ ▄█▀ ▀▄▄█▄█ ▄▀██ ▀ ▀ ▀▄▀▀▄█ ██▄▀ █ ██▄▄  █  ▄██▄█▀▀▀█▀▄▄ █
█ ▄▄█▀█▄▀ ▀██▄▄▄▄   ██▄ █▄▀  ▄██▄▀██▄  █ ▄▄█ ▄▄ ██ █▄▄▀▄▄▀█
█▀▄▄▀ ▄▄▄ █ ████ █▀▀▄▀█▄█▄▄ ▄▄▄   █ ▄ ██   █▄▀ ▄█ ▄▄▄ ▄▄▄▀█
█ ▄▀▄ █▄█ ▄█▀▀  █▄▄██▀██▀█  █▄█ █ ██ ▄▄  ▀ █▀▄██  █▄█ ▀▀▀ █
███   ▄▄  ██ ▄▀▀▀█  ██▀ ██  ▄ ▄▄ ▄█▄█ █▀▀▄█▄█ ▀█▄ ▄ ▄ █▄▄▄█
█ ▄█ █▄▄▄  █▄▄█▀▄█▄  ▄ ▄▄█▀▀█▄▄▄▄▀ ▄▄▄▄█▄ █▄████ ▄▄▀▄█▄█  █
██▀   █▄▀▀█▀█ ▀█▄█▄▀ ▀█▀█  ▀ █▀▄  █ █▄▄  ▀ ▄▀▀██▄▀▄▄▄▀ ▄ ▄█
███▀▄▀ ▄█▄ ▄ █    █ ▀ █▄ ▄▄█  ▀▀▄▄▀▀ ▄▀█  ██ ▄█▀█ ▄  ▀███▀█
█▀▄ ▄ ▄▄  █▄▄█▄  ▄▄██  ▄▀▄   ▄█▄▄█ █▄▀██ ▄  ▄█▄▄▄▀▄█▄███ ▄█
█ ▄▀▄  ▄▀▄█  ▄▀█▄██ ▀▀ █▄█ ▄██ ▄▄  █▄▄▄▀ █▀██▄▄▄█▀▀▄▄█▀▄▄ █
██ █ ▄▀▄▀█▀ ▀█▄ █ █▄▄▄ █▀ █ ▄▄ ▄█▄ ▄█▀▄▀███▄▄▄▄▄█▄ ▄▄ ▄█▄ █
█▀▄▄█▀▄▄ █▀█▀▀ ▀██▄▄█▄ ███▀█▄█▀ ▄█ ██▄▄█▀ ▄▄ ▀▄▄▄▄▄█▄█ █▀██
█ ▀ ▀▀▄▄  ▀▄ █▀▄▄█▀ ▄▄   ▄▀▀ █▄▄█ ▄   ▄ ▀▀██▀ ▀ ▀▀█ ▄█ █▀ █
███████▄▄▀ ▄  █ ▄▀  ▄█  ██▀ ▄▄▄  ▄█ ▄▄▀▄▄▄██▄▄▄ ▀ ▄▄▄ █▄  █
█ ▄▄▄▄▄ █▄ ▀█▄▀▄  █▄ ▀▀ █▀  █▄█ ▀██▄█▀█ ▄ ▀█ ▀█▄█ █▄█  █▄▀█
█ █   █ █▀ ▄█▀█ █▀▄ ▀  ▀▀ ▄▄▄   ▀ ▀██▄▄▀▀▀▄██  ▄▀▄▄    ▀ ▀█
█ █▄▄▄█ █▀▄█ ▀█████▀▄▄▄▄█▀▀▄▀ █▀▄▄▄███▄██ ▄▀ █▄▀▄  ▄ ▄█▄█▄█
█▄▄▄▄▄▄▄█▄▄███▄█▄██▄▄█▄▄██▄██▄▄▄▄▄███▄▄▄▄▄█▄▄█▄█▄▄██▄▄██▄██

2025-08-29T19:41:08: 
2025-08-29T19:41:28: 🎯 QR Code detected! Displaying...
2025-08-29T19:41:28: 📱 Scan this QR code with your WhatsApp!
2025-08-29T19:41:28: 🔗 Or copy this link to scan:
2025-08-29T19:41:28: https://api.qrserver.com/v1/create-qr-code/?size=300x300&data=2%40Ws4DA6w7K7vTWgHeGDX39wL1esj6F20vFAzlL7xHLvrI3FY%2BO4rqFYF%2BD93n5LoICre6gO6o%2Fh04xnS3jS%2FBC2lfZA5fMDUQGmo%3D%2CASVgIEAvOLiC5vhsBs2lbzixN5ejf34LA%2FEf5Row5Es%3D%2CFW6BsELFC22oDFFNuqwgNn45EiP2VMFLF6qx5GIHTGQ%3D%2CM3i%2BtSYmtRWe4GLw1iFSVZKeWWWUa8%2BjMXFdpoFsXsE%3D
2025-08-29T19:41:28: 
2025-08-29T19:41:28: ▄▄▄▄▄▄▄▄▄▄▄▄▄▄▄▄▄▄▄▄▄▄▄▄▄▄▄▄▄▄▄▄▄▄▄▄▄▄▄▄▄▄▄▄▄▄▄▄▄▄▄▄▄▄▄▄▄▄▄
█ ▄▄▄▄▄ █▄▀▄▄▄█▀▀▀▀  ██▄█ ▄▀ ▀ ▄  █▀▄ ▄█▀█ ▄█  ▄ ██ ▄▄▄▄▄ █
█ █   █ █ █ █ █▄▄█ ▀▄▄▄█   ██▄█▀█▄▄ ▄ ██ █ ▀ █▀▄ ██ █   █ █
█ █▄▄▄█ █▄█▀ ▀▄▀▀▀▀  ▀██ █▀ ▄▄▄ █ ▄▀▄▄ ▄▀███▄▄▄▀▄██ █▄▄▄█ █
█▄▄▄▄▄▄▄█▄█▄▀ ▀ █▄█▄▀▄▀▄▀▄█ █▄█ ▀ ▀ █ █ ▀ ▀ ▀▄█ █ █▄▄▄▄▄▄▄█
█▄ ▄▄▀█▄█▄▀▄ █▀▀██▀█ █ ▄▀▀█▄▄ ▄  █ ▄▀▀ █ ▄█▀ █▄█▀ ▄██ ▄ ▀ █
██▀██  ▄▄▄█▄▄▄ ▀▄█ ██ ▄▄▀▄██ ▄▀ █▄█▀█▀▀█▄▀ ▄▀▄▀ ▄▀█▀▄  ▄█▄█
██ ▄▀▀▀▄▀ ▄▄▄▀▄ █▄█▄▀ █▄▄█▀██▀█▀ ▀ █▄  ▀▀▀▄█ █▀▄ █  ███▄▄██
█▀▄▄██ ▄█▀▄  ▀████▄▀▄  ▄██ █ ▄▀▀▄ ▄▀▄█ ▄▄▀█▀▄█▄▀▄▄█   ▄▀ ██
██  ▀█▀▄█▄ ▀█▀▄▄▀  ▀▀█ █ ███▄▄▀▄  ▄ ▀▀██▀▀█▄▄ ▀  █▄▄ ▀▀ ▀ █
█▄ █▄▀ ▄██▀▀█▀▀▀ ▀▀█▀ ▄▀ ▀█ █▄ ▀▄▀▀ ▄ ▀▀▄█▄▀▄▄▀▀▀▀█▀▄▀▄█▄██
█▀▀ ▀ ▄▄▀▀▀▄▄█ ██ ▄▀██▄ ▀█▀    ▀██████ ▄▄ ▀▀███▄▄ ██  ▀▀ ▀█
█▀█▀█▄▄▄█▀ ████ ▀▄ ▀ ▄█   █▀▄▀▄█ █▀▄███ ▄█▄▀▀▀▀▀█▄▄▀██ ██▄█
█ ▄▀ █ ▄ ███▄ ▀▀▀█  █ ▀██▄███▀██▄▄  ▄   █▀▄█ ▀▀█▄█  █▀▀▄▄▄█
█▄▀▄▀ ▄▄▄ ▀▀▀▀▀▀ █▄▄▀▀█▄ ▀  ▄▄▄ █ █▄▀█ █  ▀ ▀▀▄▄█ ▄▄▄ ▀▀▀▀█
█▀█▀█ █▄█     ▀▄▀ █▄▄█▀▀ ▄▀ █▄█ ▄▄▀ ▀█▄▄▄█ █  ▀ █ █▄█ ▀█ ▄█
█▀█▀█  ▄▄▄   ▄▀▄▄ ███ ▄▀██ ▄ ▄▄▄ ▀ ▀▀▄ ▄▄█ ▄████▀ ▄▄ ▄██▄▀█
██ ▀▀█▀▄ ▄ █▀▀ ▀█▄▀█ █▄ █ ▄▀▄█▀▀▀▀ ▄ ▀▀█  ▀  ▀ █▀▄▀▀█▄▀ ▀ █
█▄ ▀█▄▄▄▄█▀█▄▀ ▀ ▀█   ▀██▀▀█▀█ █▀ ▀▄▄██▄▀▄ ▄▀▄  ▄ █ ▀▀▀█▄ █
█▄ ▄▀▄ ▄█▀█▀█  ████ ▀█ ▀ ▄▄ ██▀█▄█▄▄  ▀ ▀███ █ ▄█ ▄██▄█████
█▄▀ ▄ ▀▄█ ▀▄▄▀ █ ▄▀    ▄▄▀█  ▄▄▀ ▄ █ █ █▀███▀█▄▄▀▄▀█▄█  █▄█
█▀██ ▀█▄   ▄▄▀▄▀ ▀▄▀ █▄▀█▄▀ ▀▀▀██▄▄▀████▄▀ ▄▄   ▄    ▀ ██▄█
██  █ ▀▄▀  ▀▄ ██ ██▄▄▀█ ▀ ██▀▀ ▄█▀▀██▀▄   ▀ ▄▀▀███ █▀█▄█▄██
█▄▀▄▄▀█▄█▀▄ ▄▄ ▄██▀▀ ▄ █  █▀▄█▄█▀███ ▀▀▄▀ █▀█▀█▄█▀▄▄ █  ▄██
█ ▀ ▀▀▄▄▀ █ ▀▄   ▀ ▀█ ▀▀▀█▀█▄▀██▄▄▀█▀███▀▀▀ ▄▄▄▀ ▄█  ▄▀▄ ▄█
███████▄█ █▀  ███▄   ▀██▄▄▀ ▄▄▄  ▀ █▄▄▀▀█▀█▄▄█▀▄█ ▄▄▄ █▄▄▀█
█ ▄▄▄▄▄ ██ ▀ ▀▄▄█▀ ▀ ▄▀ ▀ █ █▄█  ▀█▄ █▀▀▄ █ ▄ ██  █▄█ █ ▀██
█ █   █ █▀▄ ▀█▄▄▀██▀ ▄▄█ ▀█ ▄   ▄▄█▀▄▀██▀██▄▄ ▄  ▄▄▄ ▄▀ ▀██
█ █▄▄▄█ █ ▀  ▀▀▀  █▀▄▀▀▀█▀▀▀███▀█▀▀ ██▄  █▄▀ ▀▀▄▄  ▀ ▀█▄█▀█
█▄▄▄▄▄▄▄█▄█▄██▄▄▄█▄███▄▄▄▄███████▄██▄██▄▄▄▄███▄███▄██▄▄▄███

2025-08-29T19:41:28: 
2025-08-29T19:41:48: {"level":30,"time":"2025-08-29T18:41:48.337Z","pid":808,"hostname":"LAPTOP-R3IJ5HFS","class":"baileys","trace":"Error: QR refs attempts ended\n    at Timeout.genPairQR [as _onTimeout] (C:\\Users\\55519\\Desktop\\DIGITAL MARKETING\\SAAS AND APP DEVELOPMENT\\Caio Website Personal Brand\\caio_personal_brand_current_one\\node_modules\\@whiskeysockets\\baileys\\lib\\Socket\\socket.js:485:21)\n    at listOnTimeout (node:internal/timers:588:17)\n    at process.processTimers (node:internal/timers:523:7)","msg":"connection errored"}
2025-08-29T19:41:48: 🔄 Scheduling reconnect attempt 1/10 in 5s...
2025-08-29T19:41:53: 🚀 Starting WhatsApp service...
2025-08-29T19:41:53: 📱 WhatsApp service started. Waiting for connection...
2025-08-29T19:41:53: {"level":30,"time":"2025-08-29T18:41:53.553Z","pid":808,"hostname":"LAPTOP-R3IJ5HFS","class":"baileys","browser":["Chrome (Linux)","",""],"helloMsg":{"clientHello":{"ephemeral":"zJnjqdXex5xwYQDnc5YFI3XB+wEPn81pCUCEqGfGWVQ="}},"msg":"connected to WA"}
2025-08-29T19:41:53: {"level":30,"time":"2025-08-29T18:41:53.666Z","pid":808,"hostname":"LAPTOP-R3IJ5HFS","class":"baileys","node":{"passive":false,"userAgent":{"platform":"WEB","appVersion":{"primary":2,"secondary":3000,"tertiary":1023223821},"mcc":"000","mnc":"000","osVersion":"0.1","device":"Desktop","osBuildNumber":"0.1","releaseChannel":"RELEASE","localeLanguageIso6391":"en","localeCountryIso31661Alpha2":"US"},"webInfo":{"webSubPlatform":"WEB_BROWSER"},"connectType":"WIFI_UNKNOWN","connectReason":"USER_ACTIVATED","devicePairingData":{"eRegid":"AAAAww==","eKeytype":"BQ==","eIdent":"YjiVdgUAS4zg2Fxo2e/RXISQmc7BNFTTvkPeZ+ltvWw=","eSkeyId":"AAAB","eSkeyVal":"OzfbHgGu/wyA8B6mH+Xkx7Kl51RzYTr70I2PgAECHEE=","eSkeySig":"FG3in4r4dEoJ6DkSm9uRBkU94EQK+IjY5YYHvXrdHsxWZIjjKK2q5/3C+zaQsBbMRPFQ4C8XcErvpTG55Zq7jA==","buildHash":"c9lQeUMlTdrMrIi/+YcPiA==","deviceProps":"Cg5DaHJvbWUgKExpbnV4KRgHIAA="},"pull":false},"msg":"not logged in, attempting registration..."}
2025-08-29T19:41:53: 🎯 QR Code detected! Displaying...
2025-08-29T19:41:53: 📱 Scan this QR code with your WhatsApp!
2025-08-29T19:41:53: 🔗 Or copy this link to scan:
2025-08-29T19:41:53: https://api.qrserver.com/v1/create-qr-code/?size=300x300&data=2%40LmpphhDYxoDyfKrDu1nFGKf%2FCmarEmzoh0UAoCmMkXJN0lsXhSMW5wG2l%2F6hcOXfvelah56xpWyhO5qJNa5AbT2%2B75lJcc9VI88%3D%2CYLnoE%2BqO%2Fq5UkGaTxuq4b22ciOFhp7svPNsm9jP0uiA%3D%2CYjiVdgUAS4zg2Fxo2e%2FRXISQmc7BNFTTvkPeZ%2BltvWw%3D%2Cdcf9%2BAYTXPXfI%2B10%2FdXmzs2TU6MVsqkNOCOOFNxigjU%3D
2025-08-29T19:41:53: 
2025-08-29T19:41:53: ▄▄▄▄▄▄▄▄▄▄▄▄▄▄▄▄▄▄▄▄▄▄▄▄▄▄▄▄▄▄▄▄▄▄▄▄▄▄▄▄▄▄▄▄▄▄▄▄▄▄▄▄▄▄▄▄▄▄▄
█ ▄▄▄▄▄ ██▄ ████ ▄▀█  ▄▄ ▄▄ █▄ ▄▄▀█ ▀  ▄█    ▄█▄ ██ ▄▄▄▄▄ █
█ █   █ █▄▄▀▀▄▄█████▀▄█▄███▄▄█▄ █▄▀ ▄█▀ ▀█▄ ▄█▀▄ ██ █   █ █
█ █▄▄▄█ ██▄▄▄▄▄██▄██ ▀▄▀█▄▀ ▄▄▄ ▄▀▄▄▄  ▄██▄▄█▄ ▀▄██ █▄▄▄█ █
█▄▄▄▄▄▄▄█ █▄▀ ▀▄▀▄▀▄█ ▀▄▀▄▀ █▄█ █▄█ █ █▄▀▄▀▄█ ▀▄█ █▄▄▄▄▄▄▄█
█▄▄ █▄ ▄ ▄ ▄ █▄▄▄▄  ██▄ ██  ▄ ▄▄█▄ ▄█▄██▄ ▄▄▄ ██ █▄▄▀█▀▄▀██
█▄▄▄ █▀▄ ██ ▄█ ▀  █▄█  ▀ ▀██ ██ █ ▀ ▄▄█ ▄▀██▀ ▄ ▄▀ █▀▀██  █
█▄ ▀▄▀ ▄██ █   █ ██▄ █ █▄▄▀▄ ▄█▀█ ██▄ ▄██  ▄ ▄▄███▀▄ ▄█  ▄█
██ ▄ █▄▄▄█▄██▄▀█▀▄ █▀██  ▄ ▄▀█▀▄▀ ▀▀▄▀▀    █ ▄█▄▀ ▄█▀ █▄ ▄█
██ █▀█ ▄▄██▄▄ ▄▄▄▄▀  █ ▄██▄█ ▀▄█  ▀▄█▄██▄▄██▄▄▄▄ ██▄▄ █▀▀ █
█▄█▄██▀▄▀██▄▄██▄▄▀█ ▄█▀█▀ ██▄███ ▀ ▀▀▀██  ▄▄ ▄▄▀ █  ▄███▄▄█
█ ██▀▄█▄██ █▀ █▄█    ▄▄ █ █▀ ▄ ▄▄▄█▄▄▄██▄ ▄▄  █▄ ██▄   ▀▄ █
█▄█▄▄ █▄▀ █ ▀▀  █▀█  ▄ ▄█▀█▀  ▀█▀▄█ ▄▄▄▀▀█▀ █ ▄▄ ▄▀██▀ ▄█▄█
███ ▄▄█▄ ▀▄  █▄▀▄▄  ▀█▄ ▀██ █ ██ ▀█▀  ██▄ ▄█  █▄█▄█▄  ▀█ ▀█
██▀▄▄ ▄▄▄ █▀▄▄▀▀ ▄ ▀▄ █▄▀▀  ▄▄▄  ▀█ ▀▀ █ ▀▀▄  ▄▄▀ ▄▄▄ █▄ ▄█
█▀ █  █▄█  ▄▀ ▄█▄█ █ ██▄██▀ █▄█ ▄▄▄██▄▄█  ▄▄  █▄█ █▄█ ▀▄███
█▀▀▄ ▄▄▄▄ ▀ ▄█▄█▀ ▄▀▀█▄█▄█  ▄  ▄ ▀█▀ ▄▀██▀██▄  █▄ ▄▄▄▄▄▄  █
█▄█▄ ▀▄▄█▄▀▀▄▀███▄█ █▄▄▄▄▄▀▀▄▄█▄ ▄ ▄  ▄██ ▀▄█▄▄▄▀█▀▄▄█▀█  █
█ ▄▀█▄▄▄▀█▀█▀  ▄ ███▄█▄▄ ██▀ ▀█▄ █▀▀ ▄▀▀ ▄ ██ ▀ ▄▀▄ ▀▄▄█  █
██ ▀▄▄ ▄  █  ▀ █ ▄ ▄█ ▄  ▄   ▄▄█▄▄▄▄  █▄▄ ▄▄▄ ▄▄█▄▀█▀█▀▀  █
█▄▄▄▀▄▄▄▄▀█▄ ▄   ▄  █▀   ▄▀▀ ▄ ▄▄▄ ▄▀ ▀▀ ▄▄ ████    ▀▄ █ ██
██▄▄█▄▀▄███▀▀▄▄▀█▄█  █▄▄▄▄▀ ▄▄█▀█▄ ▄▄ █▄▄ ██▄▄ ▄▀█▀███▄▀█▄█
██▄▀ █▀▄ █ ▄ ▀▀█ ▀█▄▄█ ▀▄▄▀ ██▄ ▀     █▀█ █ ▄█ ▀▄  ▄  █▄ ▄█
█  ▀▀ ▀▄   ▄▀▀▄ ███▄██ ██▄▀▄█▄ ▀▄▄▀▄  ▄▄ ▄██▄▄▄▄▀█▄  █▀▀█ █
█ ▀ ▀▀▄▄▄▄▀▄█  ▄██  █▄▄  ▀ █ ▄ ▄▀▄▄▀█▄▀█▄ ▀▄▀▀▀▀ ▀▄ ▄▄▀▄▄ █
███████▄▄▀▀▀▄▄▀ ██  ▄██ ▄█  ▄▄▄ ▄▄█▄▄▄ ██ ▀█  ██▀ ▄▄▄ ▄▀█ █
█ ▄▄▄▄▄ █ ██▀█▄ ▀ ▄▀▄▄█▄█   █▄█ ██ ▄█▀▄▀▀█▀█ █▀ █ █▄█  ▄  █
█ █   █ █▄▄█ ▀ ▀█  ▄ ▄█ █     ▄  ▄▄█▄▄ █   █  ███ ▄▄▄  █ ▄█
█ █▄▄▄█ █ █  ▄ ▀█▀██ ▄▄ █▀▀▄▄▄█▀▀▄▄ ▀  ▀ ▄▄▀ ▄██▄▄▄▄▄▄ ▄▀▄█
█▄▄▄▄▄▄▄█▄▄██▄█▄███▄▄█▄▄██▄▄▄██▄▄███▄▄▄▄▄▄▄█▄▄██▄███▄█▄█▄▄█

2025-08-29T19:41:53: 
2025-08-29T19:42:53: 🎯 QR Code detected! Displaying...
2025-08-29T19:42:53: 📱 Scan this QR code with your WhatsApp!
2025-08-29T19:42:53: 🔗 Or copy this link to scan:
2025-08-29T19:42:53: https://api.qrserver.com/v1/create-qr-code/?size=300x300&data=2%405yZm8ICQ5SC7F9QdTiIc3ea43HAxjBswEX9NT9eLgq%2Ff0ZFUZU3OUD11zahcL6nOwQfnEsRkDRuu0Oq2Pb2WtiFItIextgmelfU%3D%2CYLnoE%2BqO%2Fq5UkGaTxuq4b22ciOFhp7svPNsm9jP0uiA%3D%2CYjiVdgUAS4zg2Fxo2e%2FRXISQmc7BNFTTvkPeZ%2BltvWw%3D%2Cdcf9%2BAYTXPXfI%2B10%2FdXmzs2TU6MVsqkNOCOOFNxigjU%3D
2025-08-29T19:42:53: 
2025-08-29T19:42:53: ▄▄▄▄▄▄▄▄▄▄▄▄▄▄▄▄▄▄▄▄▄▄▄▄▄▄▄▄▄▄▄▄▄▄▄▄▄▄▄▄▄▄▄▄▄▄▄▄▄▄▄▄▄▄▄▄▄▄▄
█ ▄▄▄▄▄ █▀▄▄██▀▄ ▄ █ ▄▄     █  ▄ ▀▄ ██  ▄ ▄  ██▄ ██ ▄▄▄▄▄ █
█ █   █ █▄▄▀▄▄▄▄▄█▄█▀██▄▄███▄██  ▄▀ ██▀▀ ██ ▄█▀▄ ██ █   █ █
█ █▄▄▄█ █ ▄█▄ █▀██▀█▀█▄ ▀▄  ▄▄▄ ▄ ▄███▀  █ ▄▄  ▀▄██ █▄▄▄█ █
█▄▄▄▄▄▄▄█ █▄▀▄█▄▀ ▀▄▀ ▀ ▀▄█ █▄█ ▀▄█▄█ ▀▄▀ ▀▄▀ ▀ █ █▄▄▄▄▄▄▄█
█▄▄▀▄██▄▄███▄▄▄█▄▄▀ █▄▄ ▄█▄ ▄ ▄▄██ ▄▄▄█▄▄ █▄▄▀██▄▄█▄▄ ▀▄ ██
█▄█  ▄▄▄▀ █▄██▀█ ▀▀▄▄▄  ▄▀█▀  ▀ ▄▄▀█ ▄▄ ▄ ▀█ ▄ ██▄  █ ▀█▀▄█
█▄▄▀██ ▄██▀▀  ▄█ ▀█▄▄█ ▀▄▄███ █▀▀ ▄▀▄ █▄█▄█▄▄▄▄▀▄▄█▄█ █▄▄▄█
█▀█▀▄██▄▄▄▄█▄▄▀▄▀▄ ▀▀▄▄▄▀▄ █▀▄  ▀▀▄█▀▀    ▄█▄██ █▄▄▄ ▀▄█ ██
█▄▀▀█▄▄▄█▀██  █ █▄▄ ▀▀█▀ ▄█▀   ▄▀▄ █▄▄▄ ▄█▀▄▀▄▄▄▄█▄ ▄▀▀▀ ▄█
██▀████▄███ ▄█▀▄█▀█ ▄▄▀▀▄▄▀█▄▀██ █ █ █ █▀████ ▄█ █▄ ▄▀██ ▄█
█▄ ▄▀ █▄█▄ █ ▄███ ▀  █▄ ▄ █  ▄▀▄ ▀█▄▀ █▄▄▄█▄▄██▄▀███  ▀▀█▀█
█▄▄ ▄▄▀▄ ▄ ▀ █▄▄█ ▀ ▀  █▀▀▄█ ▀██▀▀█▀▀███ ██ ▄▄▄█▄▄▄ ▀ ▄▄▄ █
██▀ ▄▀▀▄█▄ ▀██ ▄▄   ██▄▄▀█▀▄█▄██▄▀██  ▀█▄▄▄█▄ █  █▀▄ ▄▀█▄▀█
██▀█▄ ▄▄▄  ██▀▄█ ▄▀▀▄▀█▄ ▀  ▄▄▄   █▄ ▀ ▄ ▀   ▀ ▄▀ ▄▄▄  ▄ ██
█▀▀ █ █▄█ ███ ██▄▄▄█▀▀██▀█  █▄█ █ ▄▄▀▄█▀ ▀ ▄▀▄ ▄▄ █▄█  ▀▄▀█
█████▄ ▄▄ ▀▄▄█ █▀▄█▄███▄▄█▄ ▄▄ ▄▄▀█▄  ▀▄▀▀▀    ▀▄▄ ▄  ██▄ █
█ ██▀▀█▄▀▄▀▀█▀█▄ █▀  ▄ ▄█▄▀ ▄█▄▄ █ ▄█▄██ ▄█▄▀▀ ▄ █▀███ ▄▄██
█ ▀ ▄█ ▄ █▀▄█ ▀ █▀▀█▄ ▄█▀█▄█▄▄▀▄▀▀▀ ▄  █ ▀█▄▄   ▀▀█▄▀  ██▄█
█▄▄▀▄  ▄▄ █▄  ▄█   ▄▀ ▄▄ ▄▄   ▄▄ ▄▄  ▄▀▄▄▄▄▄ ▄▄ █▄██▀▀▀▀▄ █
█▄▄█▀▄█▄▄ ▀ ████ ▄▀ █   ▀▄▀  ▄▀▄█▄ ▄ ▀▀ ▀▄█ █▄██▀  ▀▀▄▀█ ▄█
███ █▀▄▄▄▀▀▄ ▄████▀ ▀▀▄█ ▄ ▄▄█▀▀▄  █  ▄ ▄▀▀██  ███▄▀█▄ █▄ █
██ ▀ ▄█▄▄█▄█ █▄▀ ██▄ █ █▄▄█ █▀▄ █ ▄   █▀█▄▀  █▄▀▄▀▄▄ ▄▄▄▄▄█
█  █▀  ▄█▄ ▄ ▀ ▀██▄▄█▄ █▄▄▀██▄▀▀▄█▄▄▀ ██ ▄█▄▄█▄█ ▀▀▀▄▄███▀█
█ ▀ ▀▀▄▄██▀█▀ ▀ █▄██▄ ▄ ▄▀ █ █▄▄  ▄▀█ ▄ ▄▀▀█ █▀██▀█▄ ▄ ▄█▄█
███████▄█ ▀█▄▄█ █   ▀▄▄ █▄▄ ▄▄▄  ▄█ ▄▄ █▄ ██▄▄█▀█ ▄▄▄ ▄▀▀ █
█ ▄▄▄▄▄ █▄██ █▄▀ ██▀▄██▄ ▀  █▄█ █  ▄█▀█ █▀ ▄█▀  ▀ █▄█ ▀▄▄▀█
█ █   █ █▀▄▄▄▄▀██▀▄▄▀ █▀▀ ▀▄      ▄▄ ▄▀▀█▀▄█ ▄█▄▀ ▄ ▄▄▄█▀▀█
█ █▄▄▄█ █▀██▀▄█▀████▄▄▄▄█▀█▄  █▀██▄▄▀ ▄▀▀ ▄▀▄▄█▀▄▄ ▄▄  ▄█▄█
█▄▄▄▄▄▄▄█▄█▄▄█▄▄██▄▄▄▄▄▄▄█▄█▄█▄▄▄▄███▄▄█▄▄██▄██████▄████▄██

2025-08-29T19:42:53: 
2025-08-29T19:43:13: 🎯 QR Code detected! Displaying...
2025-08-29T19:43:13: 📱 Scan this QR code with your WhatsApp!
2025-08-29T19:43:13: 🔗 Or copy this link to scan:
2025-08-29T19:43:13: https://api.qrserver.com/v1/create-qr-code/?size=300x300&data=2%40SYNdfGJS2kxuvcAybvb3a2L2D0L6z32twP2ygqtLcAZM1ysmgvAkyDJi5KnWgBsCSbCeZcSUjI1g4VsydjcZ0kRkinY0Df%2BO1%2FU%3D%2CYLnoE%2BqO%2Fq5UkGaTxuq4b22ciOFhp7svPNsm9jP0uiA%3D%2CYjiVdgUAS4zg2Fxo2e%2FRXISQmc7BNFTTvkPeZ%2BltvWw%3D%2Cdcf9%2BAYTXPXfI%2B10%2FdXmzs2TU6MVsqkNOCOOFNxigjU%3D
2025-08-29T19:43:13: 
2025-08-29T19:43:14: ▄▄▄▄▄▄▄▄▄▄▄▄▄▄▄▄▄▄▄▄▄▄▄▄▄▄▄▄▄▄▄▄▄▄▄▄▄▄▄▄▄▄▄▄▄▄▄▄▄▄▄▄▄▄▄▄▄▄▄
█ ▄▄▄▄▄ █▀█▀▀▀▀██▀▄▀▀██▄ ▄ ▀▄█▄   ██ █▀▀▀▀▀▄█ ▄▄ ██ ▄▄▄▄▄ █
█ █   █ █▀█ █  ▄▄█▀▀█▄▄█  ▀██▄ ▄ ▄ ▀▄▀█▀▀▄ ▄▀▄ ▄ ██ █   █ █
█ █▄▄▄█ █▀▀▀▀▀ ▄▄█▀▀▄ █ ▀ █ ▄▄▄  ▄██▄▀▄█▄▀  ▄▀▀▀▄██ █▄▄▄█ █
█▄▄▄▄▄▄▄█▄█ ▀▄█▄▀▄█ ▀ ▀▄█ █ █▄█ ▀▄█ ▀▄▀▄▀▄█ ▀ ▀▄▀▄█▄▄▄▄▄▄▄█
█   ▄▄█▄▄  ▄ ▄ ███▄▄▀▄█▀▀▀▄ ▄   ▀█▀█▀ ▀▄█▀   ▀▄▄   █▄█▄▀▄██
█  █▀▄▄▄ █▄  ▄▄ ▀▀▀ ▀▀▀ ▄█▀▄█▄▀▄▀▀ █  ███ █▀█▀▀▀▀ █▄▀▀▀▀▄▀█
█ ▄▄▄ ▄▄ █ █▄▄▄▄▀▄▀ ▄▄▀▄  ████▀█▀▀▄▄ ▄▀▄▄▀▀▀▄██▄▀▀██▀██ ▄██
█ ▀ ▄▄ ▄ ██▄▀ █▄ █  █▄▀▀▄ ▄█ ██ █▀█▄▄█████▄▀ ██▄█▀ ▄▀▀ ▀▄██
█ ▄▀▀▄▄▄ ▄▄█ ▄ ██▄▄ ▀▄▀█▀▀ ▄▀   ▄▀▀█▀ ▀█▀▀▀  ▀▄▄▄▀▀██▀▀████
█▄▀▀▀ ▀▄█▄▄█ ▀▀█ ▄▀▄█  ▄ ▄▀▄█▄ ▀▄ ▀ ▀▄▀█▀▄▀▀▀▀█ ▄▀ ██▄▀▀▄▀█
█ ▀▄ █▄▄▀▄▀▄▄█▀█▄▀▄▄▄██▀▀▄▀ ▀█▄  █▄██▄▀▄▀▀   █▄█▄▀▀▄▀▀▄█▀▀█
█ ▀██▄▄▄███▀▄█▀▄▄ ▀▄▄█▀█▀█▀ ▀▀█▀█▄▄▀▀▀   ██▄▀▀██▄ █▀▄▄▄ ▀██
█▀▀▀█▄▄▄▀▀▀▄▀▀▀███▄▄█▄█▀█▀▀▀▄▀▀▀▄ ▄ ▄▄▀▄█▀ ▀▄▀▄█▄▀▀▄█▀█▀▄ █
█▀███ ▄▄▄ █▀█▀▄▄▀█▄█ ▀▄███▀ ▄▄▄ ▄ ▄███ ▄▀ ▀ ▄▀▀▀  ▄▄▄ ▀ ▄██
██▄█  █▄█ ▀▄█▄▄▄█▄▄▀▄▄▄█▀▀█ █▄█  █▄█▀ ██▀▀▀▀▄▀▄█▄ █▄█   ▀▄█
█▀▄▄▀▄▄▄ ▄ ▀ ▀ ▄ ▀▀██▄▄█ ▀▄ ▄ ▄ ▄ █  ▄ ▄  ██▄▀▀▄  ▄▄ ▄  ▄▀█
█▀▄▀▄  ▄▄█   █▀▄▄█▄▄▀█▀▀▀▀█ ▄█▀ ▄█▀█▀▄▀███ ▀▄▀█▄▀▀██▄▄▄ ▄▀█
█▀▀▀▀█ ▄█▄ ▄█▄▄██▄▀▀▀███▄▀▀ ▀▄▀      ██ ▄ ▄ █▄▀ ▀█ ▀▄  ▀ ▀█
██  ██▄▄▄▀▄▀ ▀▄▄▀█▄ ▀▀█▀▄ ▄▀▀█▄ ▄▀██▄▄▀█▄█   ▀██▀ █▄ ▄███▀█
█  █ █ ▄  █ ▄█ ▄▀█▄▄▀ ▀▀▄ █ ▀█▄ ▀█▀█▄▄█  █ ▄▀█▄▄▄▄▄▀ █▄▀▄▄█
█▀ █▄▄▄▄▀▄▀▄█▀█▄▄█▀▄▄▄██  █▀██▀█▀█▀█ ▄▀██▀▀▀ █▀██▀ ▀▄▄▄▀▀██
█▀  ▀█ ▄▄▄ ▀█▀▄█▀ ▀  ▄▀   █▀▄▄ ▄█▀██▄▄█▄▄▀█  ▄█▄ ▄▄█▀▀ ▀▄██
█▄▄ ▀▀▀▄█ ▄▀██ █▄▄▀ ▀▄▀▄▀ █▀▄█▄█ ██▄▄▄▀█▀██▀ ████▀▀▄██▄▄▀▀█
█ ▀ ▀▀▄▄▄  █▀▄▄█▄▄▄█▀█▄ ▄█▄ ▀█▄ ███▀█ ▀█▀▀▄▀█ ▀ ██▀▀▀▄▀▀ ▀█
███████▄█     █▀▄▄  ▀██▀ ▀▄ ▄▄▄  █▄█ ▄█▄█▀▀▀▄████ ▄▄▄ ▀█▀██
█ ▄▄▄▄▄ █▄▄▄█▀ ▀█▄ █▄▀▄█▄▄▄ █▄█ ▀ ▀█▀█▀   █▀▄▀  ▄ █▄█ ▄  ▀█
█ █   █ █ █▄█▄▄ ▄▀▄ ▄█▄▀▀▄▄    ▄███▄█ ▄▄█▀▄▀▄▀▄▄ ▄ ▄ ▄▄▀███
█ █▄▄▄█ █ ██▀██▀▄ ▀▀▄██▀▀███▀█▀████▀▄█▄  █ █▄█▄▄   ███▄ ███
█▄▄▄▄▄▄▄█▄▄▄▄▄▄▄▄▄█▄▄▄████▄██▄█▄▄▄▄▄▄▄▄███▄█▄█▄▄▄██▄▄▄▄█▄██

2025-08-29T19:43:14: 
2025-08-29T19:43:34: 🎯 QR Code detected! Displaying...
2025-08-29T19:43:34: 📱 Scan this QR code with your WhatsApp!
2025-08-29T19:43:34: 🔗 Or copy this link to scan:
2025-08-29T19:43:34: https://api.qrserver.com/v1/create-qr-code/?size=300x300&data=2%40TT4aXIPSxyOpKubpc5o8SniIj4sDXyQSBcZxrU80Td7yHRdJSczAxmhpZuWoiA3YySSxhXmDDD7qlvhtejbgd%2BN3R31oFNgxpDY%3D%2CYLnoE%2BqO%2Fq5UkGaTxuq4b22ciOFhp7svPNsm9jP0uiA%3D%2CYjiVdgUAS4zg2Fxo2e%2FRXISQmc7BNFTTvkPeZ%2BltvWw%3D%2Cdcf9%2BAYTXPXfI%2B10%2FdXmzs2TU6MVsqkNOCOOFNxigjU%3D
2025-08-29T19:43:34: 
2025-08-29T19:43:34: ▄▄▄▄▄▄▄▄▄▄▄▄▄▄▄▄▄▄▄▄▄▄▄▄▄▄▄▄▄▄▄▄▄▄▄▄▄▄▄▄▄▄▄▄▄▄▄▄▄▄▄▄▄▄▄▄▄▄▄
█ ▄▄▄▄▄ █▀█▀▀▀ ██▀▄ ▄█▄▄ ▄ ▀▄█▄   ██▀ ▄▀▀█▄▄ ▄▄▄ ██ ▄▄▄▄▄ █
█ █   █ █▀█ ▀▄ ▄▄█▀▀██▄█▀ ▀██▄ ▄ █ ▀  █▀▄█ ▄▀▄ ▄ ██ █   █ █
█ █▄▄▄█ █▀██▄  ▄▄█▀▀▄ █ ▀ █ ▄▄▄ █▄██▄▄▄█▀▀  ██▀▀▄██ █▄▄▄█ █
█▄▄▄▄▄▄▄█▄█ ▀ █▄▀▄█ ▀ ▀▄█ █ █▄█ ▀▄█ ▀▄▀▄▀▄█ ▀ ▀▄▀▄█▄▄▄▄▄▄▄█
█   ▄ █▄▄▄█▄▄▄ ███▄▄▀▄█▀▀▀ ▄▄   ▀█▀█▀ ▀▄█▀   ▀▄▄ ▀ █ █▄▀▄██
█  █▀▄█▄▄▄▀   ▄ ▀▀▀ ▀▀▀ ▄█ ▄█ ▀▄▀▀ █  █▀█ █▀█▀▀▀▀▄████▀▀▄▀█
█ ▄▄▀ ▄▄   █▄▄▄▄▀▄▀ ▄▄▀▄  ▄▄ █▀█▀▀██ ▄ █▄▀▄▀▄███ ▀█████ ▄██
█▄█▄▀▄ ▄▀██▄▀ █▄ ████▄▄▀▄ ▄█▀█▀ █▀▀▀▄▀▀ █▀ ▀▄▀▄██▄ ▄ ▀ ▀▄██
█▄██▀▄▄▄ ▄▄█ ▄ █▀▄ ▄ ▄█▀   ▄▀ ▄ ▄▀▀█▄  ▄▄▀█ ▄▀▄▄▄▀▀██▀ █▀██
█▄▄▀▀▄█▄█▄▄█ ▀▀█▀█▀▄█▀ ▄██▀▄█▄ ▀  ▀ ▀▄▀█ ▀▀▀▀▀▄ ▄▀▄▀█▄▀▀ ▀█
█  ▄  ▀▄▀▄▀▄█ ▀█▄▀▄▄▄██▀▀▄▀ ▀█▄ ▄█▄█▄ ▀▄▀▀  ▄▀▄█▄▀▀█▀▀▄█▀▀█
█ ▀███▄▄█▀▀▀ █▀ ▄ ▀▄▄█▀█▀█▀ ▀▀█▀█▄▄▀▀▀  ▀▄█▄▀▀██▄ ▀█ ▄▄ ▀██
█▀▀▀█  ▄▄▀█▄ ▄▀ ██▄▄█▄█▀█▀█▀▄▀▀▀▄ ▄ ▄▄▀▄█▀ ▀▄▀▄█▀▀▀████▀▄ █
█▀███ ▄▄▄ █▄▄▀▄▄▀█▄█ ▀▄███▀ ▄▄▄ ▄  ███▄ ▀ ▀ ▄▀█▀▄ ▄▄▄ ▀ ▄██
██▄ ▀ █▄█ █▄█▄███▄▄▀▄▄▄█▀▀▀ █▄█  ██▄▀ █▄▀▀  ▄▀█▄█ █▄█ ▄▄▀▄█
██▄▀▄▄▄▄   ▀ ▀ ▄ ▀  █▄   ▀█▄▄ ▄ ▄ ▄▀ ▄ ▄▄ ██▄▀▀  ▄▄▄▄ ▀ ▄▀█
█▄▀▄█  ▄     █▀▄▄█  ▀▄▀█▀ █ ▄▄▀ ▄█▀█▄ ▀▄ ▀ ▀▄▀▄█▀▀██▄▄█▀ ██
█ ▀ ██ ▄ ▀ ▄█▄▄█▀▀▀▀ ▀██▀ ▀ ▄█▀     ▀▀█▀ ▀█ █ ▀ ▀█ ▀▄█ ▀ ██
██▀ ██▄▄▄▀▄▀██▄▄▀█▄ ▀▀█▀▄ ▄▀▀██▀▄▀██▄ ▀██▀   ███▀ █▄ ▄███ █
█  █ █ ▄  █▄▄ ▄ ▀█▄▄▀ ▀▀▄ █ ▀█▀▄▀▄▀█▄▄█  █ ▄ █▄▄▄▄▄▀ █▄▀▄▄█
█▀ █▄▄ ▄▀▄███ █▀▄█▀▄▄▄██  █▀██▀█▀█▀█ ▄▀██▀▀▀ █▀██▀▀▄▄▄ ▀▀██
█▀  ▀▄ ▄▄▄▄▀▀██ ▀ ▀  ▄▀   ▀▀▄▄ ▄█▀▀█▄▄▀▄▄▀▀▄ ▄▀▄ █ █▀▀▀ ▄██
█▄▄▄▄▀█▄ ▄▀▄██ █▄▄▀ ▀▄▀▄▀ ██▄█▄█ █▄▄▄▄▀█▀█▄▀ █▄█▀█▄█▄▄▄▄▀▀█
█ ▀ ▀▀▄▄   █▀▄▄█▄▄ ▄▀█▄█▄██ ▀█▄ ██▄ ▀▄  ██ ██ ▄███▀▀ ▀▀  ▀█
███████▄█▀    █▀▄▄▄▄▀▄█▀▀▀▄ ▄▄▄  █▄█ ▄▀▄█▀█▀ █▄██ ▄▄▄  ▄▀▀█
█ ▄▄▄▄▄ █▄▄▄█▀ ▀█  ██▀▄██▀▄ █▄█ ▀▄▀█▄ ▀ ▄█▄▀ ▀  █ █▄█ ▄  ██
█ █   █ █ █▄▄▀▄ ▄▀▄ ▄█▄▀▀▄▄ ▄▄ ▄ ▀█▄ ▄▄▄▀█▄▀ ▀▄▄▀▄ ▄▄ ▄▀█▄█
█ █▄▄▄█ █    █▀ ▄ ▀▀▄██▀▀███▀█▀████▀█▄▄  ▄ ██▄▄▄   █ █▄ ███
█▄▄▄▄▄▄▄█▄████▄▄▄▄█▄▄▄████▄█▄██▄▄▄▄▄▄▄▄███▄█▄█▄▄▄██▄██▄█▄██

2025-08-29T19:43:34: 
2025-08-29T19:43:54: 🎯 QR Code detected! Displaying...
2025-08-29T19:43:54: 📱 Scan this QR code with your WhatsApp!
2025-08-29T19:43:54: 🔗 Or copy this link to scan:
2025-08-29T19:43:54: https://api.qrserver.com/v1/create-qr-code/?size=300x300&data=2%409oCLh%2BjVLJgYhOglKeNzEaVS8isOWATn6PYH7jiNkwqh9TZODUBhCHbkwRZ5VNUScz0ZoheTkt01hpqpzNr7DUmdgkZMyuyfViw%3D%2CYLnoE%2BqO%2Fq5UkGaTxuq4b22ciOFhp7svPNsm9jP0uiA%3D%2CYjiVdgUAS4zg2Fxo2e%2FRXISQmc7BNFTTvkPeZ%2BltvWw%3D%2Cdcf9%2BAYTXPXfI%2B10%2FdXmzs2TU6MVsqkNOCOOFNxigjU%3D
2025-08-29T19:43:54: 
2025-08-29T19:43:54: ▄▄▄▄▄▄▄▄▄▄▄▄▄▄▄▄▄▄▄▄▄▄▄▄▄▄▄▄▄▄▄▄▄▄▄▄▄▄▄▄▄▄▄▄▄▄▄▄▄▄▄▄▄▄▄▄▄▄▄
█ ▄▄▄▄▄ █▄▀  ▀█ ▀▄█▀█▄▀▄█ █▄ ▄█ ██▀ █▄▀ ▄▀█ █▀ ▄ ██ ▄▄▄▄▄ █
█ █   █ ██▀██▄▀ ▀ ▀▀▄      ▀▀▀ ▄  ▄▄  ▄█▀  ▄ ▀▄▄ ██ █   █ █
█ █▄▄▄█ ██▀▀█  █ ▀▄▀▄▀▀▄▄ █ ▄▄▄  █▀▀▀ ▄▄  █ ▀ █▀▄██ █▄▄▄█ █
█▄▄▄▄▄▄▄█ █▄▀ ▀ █▄█ █▄█▄█ ▀ █▄█ █ ▀ ▀▄█ █▄█ █▄█▄▀▄█▄▄▄▄▄▄▄█
█  █  █▄██▄█▄▄▀▀▀ ▄▄  ▀▄▀▀█  ▄   ▀█ ▀   ▀▄  ▀█ ▀ ▀▀ █▀█▀█ █
█  ▄█▀▀▄  ▀▀█ ▄▀██▄ ▀ █▄▀█ ▄▀▄▄▄▀  ▀█ █▄▀▄ ██ ██ ▄████▄▀▄ █
█ ▀█ ▀█▄█▀ ▀█▄▀▀██  ▀▀██▀  ▀▀  █▄▄ ▄▀▄▀▀  ▀▀▀  █    █▄▄ ▀ █
█▀█▄█▀ ▄▀▀▀▀▀ ▄ ▄  ▄▄ ▀ ▄ █▀█ █▄▄█ ▀▄█▀▄▀ ▀▀▀█▄▀▀▄▀ ██▀ █▀█
██▄   ▀▄ █ ▀█▄ ▄▀▀█ ▀██▀▄  ██▄▄▀▄ █ ▀▄ ▄▀█▄ █  ▀▀▀▀▄▀██▄▀ █
█ █▀▀▀▄▄ ▀ ▄▀▀▄  ▀ ▄ ▀▄█▀█▄▀▀█ ▀███▀█ █▀ █▀  ▄▀▀█▀▀▄▀█ ▀ ▄█
█▄▄ ▄ ▀▄  █▀ █ ▀ ▄▄▄█▀▀▄▀▄ ▄█ ▄ ▄▀   ▄  ▀   ▀█  ▄▀▄▀█▄▄█ ▄█
█ ▀▄▀▀▄▄█ ▀▄ ▀ ▀ ▄▄▄▄▄█▀▄█▀▀██ ▀██ ██  ▀▄▀ ▄  ▀▀▀ █▀  ▀ ▀▄█
█▀▄▄▀▀█▄█▄  ▀▄█▀▀▄█▄ ▀▀ ▄▀ ▄   ▀▀█ ▀█▄▄▀▀ ▀▀▀▄ ▄ ▀█▀▀▄▄▀▀██
█▀▄▀▀ ▄▄▄ ▄ ▀█ ▄█ ▄█▀█  ██▄ ▄▄▄ █▄ ▄███▄██▀ ██▀ ▄ ▄▄▄ █ █▀█
██▄▄▀ █▄█  █ ▄▄ ▀ ▀▀▄█ ▀▄▀█ █▄█  ▄▄ ▄ ▀▄███ ▄ ▀   █▄█ ▀█▀██
█▀▄█▄  ▄▄▄▄ ▀▀█▀▄ ▄▄ ▀▄ ▀▀▀▄  ▄ ▀█▀▀▀  █▄▀  █▄█▄▄▄▄▄ ▄ ▀▀▄█
█▀▀█▀█ ▄▄ ▄█ █        █▄▀ ▄▄▀▀▀ █▀█ ▄▄▀▀▀▄  ██▀ ▀▄▄▀  █▀▀██
█▀██▄▀█▄ █▄  ▄▄▄  ▄▀█ ▀▀ █▀▀█▄▄ ▄█▄▄█ ▄▀██ ▀▄▀█▄▄█  █ █▀  █
█▀ █▀▄█▄▀▄  ▄▄▀▀█▄█ ▄▄▀ █ ▀▄█▄ ▀█ ▀▄▀▄▄ ▀▄▀ █▄▀▄   ▀▄█▄█ ▄█
█ ▀▀▄  ▄▀▄▄▀ ▀▄██ ▄▄ ▄█▄▄ ▄▄█ ▄   █ ▄█▄▄█  ▄▀  ▀▄▄██▄ ▄▀█ █
█▀ ▄ ▀ ▄▀█▀ ▄█ ▀ ▀▄▄▄█▀▀█ █ ▀▀▄█▀▄█▀█▄▀▄▀█▄▀ ▄█▀ ▀▀▀  ▀█▀▄█
█▀███ █▄▀▀  █▀▄ █▀  █▀█▀▀ ▄▄ █▀▄ ▄▀▄█▄ █   ▄█▀█▀▀▀▀▄█ ▀ ▀ █
█▄█ ▄█▀▄█▀▄▄██▄█ ▀▀   █▀▀ ▄█  ▄█▀▀ ▀▄▄▀▀█ ▀▀▀▀▀ █ █▀ ▀▀█ ██
█ ▀ ▀▀▄▄▄█▄▀▄▄▄▄   █▀▄▄ ▀██▀█▀▀ █▄▀█ ▄ ███████▄  █▀ ▄██▀  █
███████▄█▀▄▀▀  ▄▀▄ ▄▄ █▄▀ ▀ ▄▄▄ █  ▄▀ █ █▄▀ ▀▄ ▄▄ ▄▄▄  █ ▄█
█ ▄▄▄▄▄ ██ ▀█▀▀█▀  ██   ▀ █ █▄█   █ █▀▀▄█ █▀▄ ██▄ █▄█ ▄ ▀██
█ █   █ █ ▀  ▄▄▀ █▀ ▄▄ █▄▄▄ ▄▄▄▄▄▄▀ █▄▄███▀▀▄▄  █▄ ▄▄ ▀▀█▄█
█ █▄▄▄█ █▀▄▀▄██▄ ▀ ▀▀ ▀  █  █  █  ▀ ▄▄▀█▄█▀█ ▀ █▀ █ ▀ █   █
█▄▄▄▄▄▄▄█▄█▄██▄▄▄██▄█▄█▄███████▄█▄▄█▄▄███▄▄███▄█▄█▄▄██▄████

2025-08-29T19:43:54: 
2025-08-29T19:44:14: 🎯 QR Code detected! Displaying...
2025-08-29T19:44:14: 📱 Scan this QR code with your WhatsApp!
2025-08-29T19:44:14: 🔗 Or copy this link to scan:
2025-08-29T19:44:14: https://api.qrserver.com/v1/create-qr-code/?size=300x300&data=2%40Wm3uN0YZYeGzXPH%2Fg9q%2B1auSjbcKKMC4qYWAVacX7t891rHLXi%2FFXFX%2BGL3UcBQPAvsw5ZE7l2gtKgjB55NUXBApI9EsyatDsgE%3D%2CYLnoE%2BqO%2Fq5UkGaTxuq4b22ciOFhp7svPNsm9jP0uiA%3D%2CYjiVdgUAS4zg2Fxo2e%2FRXISQmc7BNFTTvkPeZ%2BltvWw%3D%2Cdcf9%2BAYTXPXfI%2B10%2FdXmzs2TU6MVsqkNOCOOFNxigjU%3D
2025-08-29T19:44:14: 
2025-08-29T19:44:14: ▄▄▄▄▄▄▄▄▄▄▄▄▄▄▄▄▄▄▄▄▄▄▄▄▄▄▄▄▄▄▄▄▄▄▄▄▄▄▄▄▄▄▄▄▄▄▄▄▄▄▄▄▄▄▄▄▄▄▄
█ ▄▄▄▄▄ █▄▀  ▀█ ▀▄▄ █▄ ██ █▄ ▄█ ███▄▀▀█▄▀▄▀ █  ▄ ██ ▄▄▄▄▄ █
█ █   █ ██▀█▀ ▀   ▀▀▄   ▀▀ ▀▀▀ ▄  ▄▄▀ ▄█▀  ▄  ▄▄ ██ █   █ █
█ █▄▄▄█ ███▀██ █ ▀▄▀▄▀▀▄▄ █ ▄▄▄ ▀█▀▀█▄▄▄▀▀█  ▀█▀▄██ █▄▄▄█ █
█▄▄▄▄▄▄▄█ ▀ █ ▀ █▄█ █▄█▄█ ▀ █▄█ █ ▀ ▀▄█ █▄█ █▄█▄▀▄█▄▄▄▄▄▄▄█
█  █ ▄▀▄▀▀█▄▀▀▀▀▀ ▄▄  ▀▄▀▀█▄ ▄   ▀█ ▀   ▀▄  ▀█ ▀▀▀▀ ▀██▀█ █
█  ▄█▀ ▄▀█ ▀ ▀▄▀██▄ ▀ █▄▀██▄▀▄▄▄▀ ▄▀█ █▄▀▄▄▀█ ▀▀▀████▀▄▀▄ █
█ ▀█▄▀█▄█▄▄██▄▀▀██  ▀▀██▀ ▀▀▄▄ █▄▄██▀▄█▀  █▀▀ ▀▄ ▀  ▀▄▄ ▀ █
█ ▀▄ ▀ ▄  ▀▀▀ ▄ ▄  ▄▄  ▀▄ █▀█ █ ▄█▀▀▄█▄ █ ▄█▀▀  ▄▄▀ █▄ ▀█▀█
█▄▄█▀ ▀▄ █ ▀█▄ ▄▀▀▀ ██▄██  ██▄█ ▄ █▀█▄ █▀▀▄ ▄ ▀ ▀▀▀▄▀███▀ █
███▀ █ ▄ ▀ ▄▀▀▄ ▄█ ▄ ▄▄█ ▄▄▀▀█ ▀█▀█▀▄ █▀ ▀  ▀█ ▀█▀█▄▀█ ▀▀▄█
█▄  ▄ ▀▄  █▀▀  ▀ ▄▄▄█▀▀▄▀▄ ▄█ ▄ ▀▀   ▄  ▀   ▄▀  ▄▀▄ █▄▄█▀██
█ ▀▄▀ ▀▄█▄▄▄  ▀  ▄▄▄▄▄█▀▄█▀▀██ ▀█▄ █▄▀ ▀▄▀ ▄▀▀▀▀▀  ▀ ▄▀ ▀▄█
█▀▄▄▀▀ ▄▀█ ▄▄▄  ▀▄█▄ ▀▀ ▄▀ ▄   ▀▀█ ▀█▄▄▀▀ ▀▀▀▄ ▄     ▄▄▀▀██
█▀▄▀▀ ▄▄▄ ▄▀▄▄▀▄█ ▄█▀█  ██  ▄▄▄ █▄  ███▄███▄██▀ █ ▄▄▄ ▀ █▀█
██▄ █ █▄█ ▄  ▄  ▀ ▀▀▄█ ▀▄▀█ █▄█  ▄ ▀▄ ▀████ ▄ ▀ ▀ █▄█ █ ▀██
█▀▄ █▄▄▄▄▄▄ ▀▀█▀▄ █▀ ▀▀▀▀▀▀▄  ▄ ▀█▀▀▀▄ █ ▀█▀▀ █▀█▄▄▄ ▄█▀▀▄█
██▄  █ ▄ ▀▄█ █    ▀▄▀▀█ ▀ ▄▄▀▀▀ █▀█ ▄ ▀▀  ▀▀▀▀ ▀▀ ▄▀▀▀▄▀▀██
██▄▀█▀█▄▀▄▄  ▄▄▄█ ▄▀▀█▀▀ ▄▀▀▀ ▄ ▄█▄▄▀ █▀▄▄  ▄▄▄███  █ █▀ ▄█
█▄▀█▀▄█▄▀▄  ▄▀▀▀█▄█ ▄▄▀ █ ▀▄█▄ ▄█▄▀▄▀▄▄ ▀▄▀ ▀ ▀▄   ▀▄█▄█ ▄█
█ ▀▀▄  ▄▀▄▄  ▀▀▀█ ▄▄ ▄█▄▄ ▄▄█   ▀▀█ ██▄▄▄  ▄ ▀ ▀▄▄██▄ ▄▀█ █
█▀ ▄ █▀▄▀█▄██▀ ▀ ▀▄▄▄█▀▀█ █ ▀▀▄█▀▄█▀█▄▀▄▀█▄▀ ▄█▀ ▀█▄  █▀▀▄█
█▀███  ▄▀▀█▄  ▀ █▀  █▀█▀▀  ▄ █▀▄ ▄█▄█▄ ▀  ▄ █▀█▀▀██ █ ▀▀▀ █
█▄██ █▄▄█▀▄███▀▀ ▀▀   █▀▀ ▄█  ▄█▀▀▀ ▄▄  █ ▄ ▀▀ ▀▀█▄█  ▀▀ ██
█ ▀ ▀▀▄▄█▄▄▀▄▄▄▄  ▄▄▀▄██▀█▄▀█▀▀ █▄▀█  ███▀ ▀▀▀█▀ █▄ ▄▄█   █
███████▄█ ▄▀▀  ▄ █▀ ▄ ▀▄  ▀ ▄▄▄ █  ▄█ █ █▄▀ ▄ ▄█  ▄▄▄ ▀▄  █
█ ▄▄▄▄▄ ██ ▀█▀▀█▀  █▄█  █▀█ █▄█   █ ▄ ▀▄ ▄▄▀▀▀███ █▄█ ▄ █▀█
█ █   █ █ ▀ █▄▄▀ █▀ ▄▄ █▄▄▄  ▄▄▄ ▄▀ █▄▄█ █▀▀▄▄  █▄ ▄ ▄▀▀█▄█
█ █▄▄▄█ █▀▄ ▄▄▀▄ ▀ ▀▀ ▀  █  ▄▄ █ ▀▀ ▄▄▀█▄█▀█ ▀ █▀ █  ▄█   █
█▄▄▄▄▄▄▄█▄█▄█▄▄▄▄██▄█▄█▄████▄██▄█▄▄█▄▄███▄▄███▄█▄█▄▄██▄████

2025-08-29T19:44:14: 
2025-08-29T19:44:34: {"level":30,"time":"2025-08-29T18:44:34.090Z","pid":808,"hostname":"LAPTOP-R3IJ5HFS","class":"baileys","trace":"Error: QR refs attempts ended\n    at Timeout.genPairQR [as _onTimeout] (C:\\Users\\55519\\Desktop\\DIGITAL MARKETING\\SAAS AND APP DEVELOPMENT\\Caio Website Personal Brand\\caio_personal_brand_current_one\\node_modules\\@whiskeysockets\\baileys\\lib\\Socket\\socket.js:485:21)\n    at listOnTimeout (node:internal/timers:588:17)\n    at process.processTimers (node:internal/timers:523:7)","msg":"connection errored"}
2025-08-29T19:44:34: 🔄 Scheduling reconnect attempt 2/10 in 10s...
2025-08-29T19:44:44: 🚀 Starting WhatsApp service...
2025-08-29T19:44:44: 📱 WhatsApp service started. Waiting for connection...
2025-08-29T19:44:44: {"level":30,"time":"2025-08-29T18:44:44.338Z","pid":808,"hostname":"LAPTOP-R3IJ5HFS","class":"baileys","browser":["Chrome (Linux)","",""],"helloMsg":{"clientHello":{"ephemeral":"wbclSeV6x3lmivtE22pg0ydkRnccVNCozZN9oUyWWkk="}},"msg":"connected to WA"}
2025-08-29T19:44:44: {"level":30,"time":"2025-08-29T18:44:44.459Z","pid":808,"hostname":"LAPTOP-R3IJ5HFS","class":"baileys","node":{"passive":false,"userAgent":{"platform":"WEB","appVersion":{"primary":2,"secondary":3000,"tertiary":1023223821},"mcc":"000","mnc":"000","osVersion":"0.1","device":"Desktop","osBuildNumber":"0.1","releaseChannel":"RELEASE","localeLanguageIso6391":"en","localeCountryIso31661Alpha2":"US"},"webInfo":{"webSubPlatform":"WEB_BROWSER"},"connectType":"WIFI_UNKNOWN","connectReason":"USER_ACTIVATED","devicePairingData":{"eRegid":"AAAA7A==","eKeytype":"BQ==","eIdent":"auD1xHGW1YWBvd28xJ+UOG7VKKQhxu9qw4/DACmcd0E=","eSkeyId":"AAAB","eSkeyVal":"u3QALM+ZDklBixAzau7rtI9oZmjkcls4qiP2F9EzgxY=","eSkeySig":"cPRf8kj+SKzx66V6fXfgvPK+WMcbrJqAOVzy7D7xIUqDuwGC/1+g+RwTWrJQKxqHTo2XuUrFYbUGiejuE/M1BQ==","buildHash":"c9lQeUMlTdrMrIi/+YcPiA==","deviceProps":"Cg5DaHJvbWUgKExpbnV4KRgHIAA="},"pull":false},"msg":"not logged in, attempting registration..."}
2025-08-29T19:44:44: 🎯 QR Code detected! Displaying...
2025-08-29T19:44:44: 📱 Scan this QR code with your WhatsApp!
2025-08-29T19:44:44: 🔗 Or copy this link to scan:
2025-08-29T19:44:44: https://api.qrserver.com/v1/create-qr-code/?size=300x300&data=2%40b81k%2FgMFbt%2FKKhXKi2hWsaTPSC28Zg%2BtlKtFBgYBIrVVL4A10fqh8aCf0Hpw0YYt5XJVDNJDRH9bYbJFTcTRypPHmvvZ5YA3HVg%3D%2CGD1oBYgMB1lIgn5wcSlhPUx25ahhTyeHsmwLq9%2Fff3Y%3D%2CauD1xHGW1YWBvd28xJ%2BUOG7VKKQhxu9qw4%2FDACmcd0E%3D%2CrSJvQX3o4BoBCT626n%2F1qzMJfb5xNX05vTQopuegQp8%3D
2025-08-29T19:44:44: 
2025-08-29T19:44:44: ▄▄▄▄▄▄▄▄▄▄▄▄▄▄▄▄▄▄▄▄▄▄▄▄▄▄▄▄▄▄▄▄▄▄▄▄▄▄▄▄▄▄▄▄▄▄▄▄▄▄▄▄▄▄▄▄▄▄▄
█ ▄▄▄▄▄ █▀█▄▀█▄ ██▄██▀▄▄▄  ▀▀█▄   ▀▀▀▀ █▄▄ ▄█▄▄▄ ██ ▄▄▄▄▄ █
█ █   █ █▀█▀   █▄▄█ ▄██▄▀ ▀█▀▄▀ ▀▄███▀▄▀███▀▀▄ ▄ ██ █   █ █
█ █▄▄▄█ █▀▄ █▀▀ ▄█▄▀▄ ▄ ▀ █ ▄▄▄ █▄▀█ ▀▄▀▄█▄ ▄ ▀▀▄██ █▄▄▄█ █
█▄▄▄▄▄▄▄█▄▀ █ ▀ ▀▄█▄▀ █▄█ █ █▄█ ▀▄█ ▀▄█▄█ █▄▀▄█ ▀▄█▄▄▄▄▄▄▄█
█  ▄▄▄█▄ ▄ █▀█▀▀▄▄   ▄▀▀▀▀ ▄    ▀█▀██ ▀██▀█ ▄▀██▀▀ █ █▄▀▄██
█▄█  ██▄▄▀▄█▄▄▄ ▀▄▀ ▀▀▀ ▄▀▀▄▄█▀█▀█ ▀▀▀▄▄█ ▄█▄▄▄█▄▄ ▀▀▀▀▀▄▀█
█▄▄▄██ ▄█▀▄ ▀▀▄▄█▄▀  ▄▀▄ ▀▄█▀▀▀█ ▀█▄ ▄▀█▀▀▄ ▄█ █ ▀ ▄▄▀█▄█▀█
█  █ ▄▀▄ █▄▄█ ▄█▄██  █▀▀   █ █▀ █ █▄▀▀▄▀▄▀▄█▀▄ ▄█▀▀   ▀▀ ▀█
█▀▄▄▀▀█▄██▄█ █▄███▄ ▀▄█▀▄▀▀▄▀  ▀ █▀▄▄ █▄▀▀  ▄█▄▄▀ █▄▀▀ ▄███
█▄▀ █▀ ▄▄██▀▄█▀█▀▀█▄▄▄▄▀▄ ▄▄█ ▄ ███ ██ ▄██ ▀▄█▄▀██▀ ▀▀  ▄██
█▀▄█▀ █▄ █▀█ ▀▀█▄▀▀▄▄███▀▄  ██▀▀▄▀█▄▄▄████ ▀▄█▄█▄▀ ▄▄█▄▀▀ █
█ ▄██▀▀▄ ▀█ ██▄▀▄ ▀▄▄█▄▀▀█▀  ▄▄▄▄█▄▀▀█ ▄ ▀▄ █▄  ▄▄█▄ ▄ ▀▀██
█▄ █ ▀█▄▄▄▀▄▄███▀▄▄ █▄▀▀▀ ▀███▀ ▄ ▄ █  ████ ▄█▄▄  ▀▄▀▀▄ ▄▄█
█▀▄▄▄ ▄▄▄  ▄▄█▄█ ▀▄█ ▀▄█▄ ▄ ▄▄▄ ▄▄▄██▄█▄ █▄▀▀ ▄ ▀ ▄▄▄ ▀  ▀█
█▄▀▀  █▄█  ▄ ▀ ███▄▀ █▄█▄▀▀ █▄█  ▀▄██▄ ▄█▀▀▀ ██▄█ █▄█ ▀▀  █
██▄█▀ ▄▄ ▄ █▄█▄▄ ▀█▀██▄█▀█▀▄▄  ▄▀ ▄ █▀▀██▀█▀▀█ ▀▀▄▄▄  ▀▀▄██
█▀▀ ▄ █▄▀▄█▄▀▀▀▀██ ▄▀█▀▀▄▀█▄█▄▀ ██▀█ ▄ ███▀  ▀▄▄▀▄▄▀▄▄▀ ▀▄█
██  █▄█▄█▀▀▄▀ ▄█ █  ▄█▄▀▄ █▄▀▀▀ ▄█▄▄▀ ▄█▀   ▀█ █▀█▄▀▀█ ▀ ██
█▀  █▀▀▄██   ▄▄ ▀█▄▄▀▀▀▀▄ █▄▀█▀▀▄█▀▄▄ █▄█▀▄▀▄████▀  ▀▄▀ ▄▀█
█▀▄▄█▀▄▄▄  ▀█▀ ▄▀███▀ ▀█▄ ▄█▀█▄  █▀▄▀█ ▄▄█ ▀▀ █▄██▀▀ ▄█ ▄▄█
██▀▀  ▀▄  ██▄ █ ██ ▄▄▄▄▀▀ █▀▀▄▀▀▀█▀█   █▀█   █▄▄▀▀ ▀▀▄▄▀█▀█
██▄█▄█ ▄ ▀▀ ▀█▀▄▀█▀  █▀ ▀ ▀▀██▄▄███▀█ █▄██▄█ ▀  ▀▄▄█▀██▀▄▀█
█▀ █▀ ▀▄█▄▄ ▄ █ ▄▄▀  █▀▄▀▀█▄▄██▀▄▀▄█▄ ▄▄██▀ ███▄█▀█▄▄█ ▀███
█ ▀ ▀▀▄▄▀ ▀ ▄█▀▀ ▀█ █▀ ▄ ▀ ▀█▄ ▄▄█▄▀▀█▄   ▄ ▄▀▄█▄▄▀▀▄ ▀  ██
███████▄▄▀ ▄███ ▀▄ ▄▀▄▄▀▀ █ ▄▄▄  ▀▄█▀  █▀█▀ ▄█▄▄▀ ▄▄▄ ▀▄ ▀█
█ ▄▄▄▄▄ █▄█▄▀█▄ █▄▀ █▀▀▄▀ ▄ █▄█  ▀▄█▀▄█▀▄ █ ▄▀██▀ █▄█ ▀ ███
█ █   █ █ ▄▄▀ ▄▄▄▀▄▄▄█▀▀▀▄▄  ▄ ▄ ▀█▄█▄▀██▀   ▀██ ▄ ▄▄  ▀▄██
█ █▄▄▄█ █ ▀▀ ▄ █▄ ▄▄▄█ █▀█  ▀▀▀██▄█▀▀  ▄██  ▀  █  █▄ ██▀███
█▄▄▄▄▄▄▄█▄▄▄█▄█▄██▄▄█████▄▄█▄██▄▄▄▄▄▄▄▄▄██████▄▄█▄▄▄▄▄▄█▄██

2025-08-29T19:44:44: 
2025-08-29T19:45:30: 🚀 Starting WhatsApp service...
2025-08-29T19:45:31: 📱 WhatsApp service started. Waiting for connection...
2025-08-29T19:45:31: (node:24372) Warning: Setting the NODE_TLS_REJECT_UNAUTHORIZED environment variable to '0' makes TLS connections and HTTPS requests insecure by disabling certificate verification.
(Use `node --trace-warnings ...` to show where the warning was created)
2025-08-29T19:45:31: {"level":30,"time":"2025-08-29T18:45:31.747Z","pid":24372,"hostname":"LAPTOP-R3IJ5HFS","class":"baileys","browser":["Chrome (Linux)","",""],"helloMsg":{"clientHello":{"ephemeral":"JptoWSuLU/FK76fIWXKP3bQPVVahg5CAinjo3xV7w0I="}},"msg":"connected to WA"}
2025-08-29T19:45:31: {"level":30,"time":"2025-08-29T18:45:31.945Z","pid":24372,"hostname":"LAPTOP-R3IJ5HFS","class":"baileys","node":{"passive":false,"userAgent":{"platform":"WEB","appVersion":{"primary":2,"secondary":3000,"tertiary":1023223821},"mcc":"000","mnc":"000","osVersion":"0.1","device":"Desktop","osBuildNumber":"0.1","releaseChannel":"RELEASE","localeLanguageIso6391":"en","localeCountryIso31661Alpha2":"US"},"webInfo":{"webSubPlatform":"WEB_BROWSER"},"connectType":"WIFI_UNKNOWN","connectReason":"USER_ACTIVATED","devicePairingData":{"eRegid":"AAAAGQ==","eKeytype":"BQ==","eIdent":"EsR3J2rMkIaMkGv81m+zphOPkr8nICTSzFF9la2iLV0=","eSkeyId":"AAAB","eSkeyVal":"Da6qLaO9RuTNPqF/nKEHfiHDO9YLeqEE0wmZvKM4Hgw=","eSkeySig":"cgeayLjQUnk3hupDvDY8eIm34URrP8/BYNO1mGXR1l40uMp+OJX5r55FbadVVAA41S2+ptqWcIq+KSskaENriA==","buildHash":"c9lQeUMlTdrMrIi/+YcPiA==","deviceProps":"Cg5DaHJvbWUgKExpbnV4KRgHIAA="},"pull":false},"msg":"not logged in, attempting registration..."}
2025-08-29T19:45:32: 🎯 QR Code detected! Displaying...
2025-08-29T19:45:32: 📱 Scan this QR code with your WhatsApp!
2025-08-29T19:45:32: 🔗 Or copy this link to scan:
2025-08-29T19:45:32: https://api.qrserver.com/v1/create-qr-code/?size=300x300&data=2%40JLHSps%2BqGvsEnR9L3vP%2B0GWiJIFdTowc3YGYz9%2FoVAIMdbmXKjqNhB0gxUhQ5xpnxbTf3o5%2BRoNLhzN94AHuDz7NsaCfGDPgKNE%3D%2CpYAQIFQfxkW3zvZQbvS01owBPwmrRMC5BLh4AHlIeRc%3D%2CEsR3J2rMkIaMkGv81m%2BzphOPkr8nICTSzFF9la2iLV0%3D%2C7GXvsNl4Ze%2BXc8NJLj2F088R1oOLd2bEgIe%2BHMF%2F%2F0M%3D
2025-08-29T19:45:32: 
2025-08-29T19:45:32: ▄▄▄▄▄▄▄▄▄▄▄▄▄▄▄▄▄▄▄▄▄▄▄▄▄▄▄▄▄▄▄▄▄▄▄▄▄▄▄▄▄▄▄▄▄▄▄▄▄▄▄▄▄▄▄▄▄▄▄
█ ▄▄▄▄▄ █▀ ▄ ▄▀ ▀█ ▀ ▀ ▄ ▄ ▀▀▄▄ ▄█▀█▀█▄▀▀▄▄  █▄▄ ██ ▄▄▄▄▄ █
█ █   █ █▀██▀█ █▄█ ▀▄███▀▀▀█▄▄█▀▄▄   ▀▀ ▄▄█▄▄▄ ▄ ██ █   █ █
█ █▄▄▄█ █▀ █▄▄▀█▄█▀ ▄  ▄▀ █ ▄▄▄ █ █▀ █▄██▄ ▄▀▀▀▀▄██ █▄▄▄█ █
█▄▄▄▄▄▄▄█▄█ ▀▄█▄▀▄▀▄▀ ▀ █ █ █▄█ ▀▄█ ▀▄█ ▀▄█ ▀ ▀ ▀▄█▄▄▄▄▄▄▄█
█ ▄   ▀▄ ▄  ▀█ █▀▄▄ ▄▄▀▀▄▀▄  ▄  ▀█▀█▀ ▀██▀▀▀██▄█ ▀ █▄▀▄▀▄▀█
██ █▀ █▄█ ▀▀▀▄▄ ▄▀▀ ▀▀▀ ▄  █ ▄▀█▀▀▄█ ██▀  █▀ ▀███▄ ▀▄ ▀▀▄██
█▄▄█▀  ▄▀ ▀▀▄ ▄▄▄█▀  ▄▀▄  █▀██▀██▀█▄ ▄ ███ ▀█▀▄▄ ▀▀██▀▀ █▄█
█ █▄▀▀ ▄█ ▄█▀██  ▄█▀    ██ ▄ ██▄▀█▄▄█▀▀█▀▄ ▀▀ ▀  ▀█▀ ▀▀ ▄▀█
█▄█▀   ▄▄▄█  █▄▀█▄  ▀▄█▀▀ ▄▀▀ ▄  █▀█ ▄▀▄██▀ ▄█▄▄▄▀█▄▀█▀█▀██
██▄▀▀ ▄▄ ▀▄█▀▄▀█ ▀█▄██ ▀█▄▀▄█▄██▀▀▀▄██▀█▄█▄▀█▄▄▀█▄▄▄▀ ▀ ▄▀█
█ █▀▄█▀▄▄▀█ ▀ ▀█▄▀  ▄██▀▀▄▀▀▀█   █▄█▄  ▄█▀▀▀ █▄█▄▀▀█▀██▀▀▀█
██▀█▄▀ ▄  ▄▀█▄ ▀▄  ▄▄█▄▄▀█▀ █▀▀▄█▄▄ ▄   ▀▀█ █  █▄▀▄▄  ▄▀▀██
█ ▀   ▄▄██▄▀█ ▄▄▄▄  █▄▀█▀▀▀▀▀▀▀▀▄ ▄ ▄  █▄█▀▀▄█ ▄▀▀▀▄▄█▄▀ ▄█
█▀▄▄  ▄▄▄ ▄▀ ▀▀▄▄ ▄█ ▀▄█▀▄▀ ▄▄▄    ██▄█▀▀█▀ ▄▄▀▄█ ▄▄▄ ▀  ▀█
█▀▄▀▄ █▄█ ▀▄█▀▀▀██▄▀▀▄▄█  ▀ █▄█  ▀▀▄▀ ▀▄██▀▀ ▀█▄  █▄█ ▀ █▄█
█▄▄▄█ ▄▄▄ ██▄█   ▄  ▄█▄█▀▀▄▄▄▄▄ █▄█ ▄▀▀█ ▀▄▄██▄▀█▄▄ ▄▄█▀ ██
█▄▄█▄█ ▄▄▄ ▄▀  ██▄▄▄▄▄▀█  ▄ ▄█▀  █▀█ ▄ ▄█▀█▀ █ ▄█▀▀▄██▄█▄▀█
██ ▀ ▀█▄▀█ ▀▀  ▄███ █▄▀▀ ▄▄▀▄▄▀ ▀▄    ▀█ █ █▀▀█▄▀▀▄▀ ▀█ ▄██
██▀▄█ ▄▄▀▄▀██ █▀▀█ ▄▀▀██▄ ▄▄▀█ █ ▀▄█▄ █▄▀█  █▀███ █▀▄█▄██ █
██▄ ▀█ ▄▄█ █ █ █▀██▀▀ ▀▄▄ █▄▀█▄▄ █ █ ▄ ▄ ▀▀▀██▀▄▀▄▄█  ▀ ▄▄█
█▀ ▄▀█▀▄█▄ ▄▀██▄▄█ ▄▄▄██▀▀█▀██▄▄▀█▀█▀▄█▄██   ▀██▀ ▀▀▄██▄█▀█
█ ▀▀▀▀ ▄▄█ ▄▀▄▀█▀▄▀ ██▀ ▄▄█▀▀▄  █▀▀█▄██   █▀  ▄▄█▄█▀▀█▀▀▀██
█▄██  █▄ ▀ ▄▄▀▀██▄▀ ▄▄▀▄ ▀█▄▄▄▀▀▄██▄   ████ █▀██▀▄  ▀▄█  ▀█
█ ▀ ▀▀▄▄▄▄█ █   █▀█▀██▀ ██▄▄▀█▄ ▀██▀█▄▀█▄ ▀▀██   █▄██  ▀▀▀█
███████▄▄▀▄   ▄█▀▄  ▀█▀▀▀▀▀ ▄▄▄ ▄█▄█▄ ▀█▀▀ ▀▄█▀█▀ ▄▄▄ ▀▀▀▀█
█ ▄▄▄▄▄ █▄▀▄▄▀▄▀▀█ ▄█▀▄▀█▀▄ █▄█ ███ █▄▄▀█ █▄ █▀▄▄ █▄█ ▀ ▄▀█
█ █   █ █ ▄ ████▄▀▄▄▄█▄▀▀▄  ▄▄ ▄ ██▄▄▄██▄▀ ▀▄▀█▄ ▄ ▄ ▄▀▄▄▄█
█ █▄▄▄█ █ ▀█ ▀▄▀▄ ▄▄▄█▀▀▀█▄▀█▀▀██▄█▀▄▄   ▄▀ ▄▄█▀█▄ █▀█▀▀███
█▄▄▄▄▄▄▄█▄█▄▄▄▄▄█▄▄▄▄▄▄█▄████▄█▄▄▄▄▄█▄▄▄██▄█▄██▄▄▄▄██▄█▄▄██

2025-08-29T19:45:32: 
2025-08-29T19:46:32: 🎯 QR Code detected! Displaying...
2025-08-29T19:46:32: 📱 Scan this QR code with your WhatsApp!
2025-08-29T19:46:32: 🔗 Or copy this link to scan:
2025-08-29T19:46:32: https://api.qrserver.com/v1/create-qr-code/?size=300x300&data=2%40pDHgHifXcdkagVx4KOJOp9uLUYEQF9pckjI7nAtqsykwtOlSSxIju368Dh7HLpv0ouANDFhBNVM6qDO9A3YniveuIw7FceYn9F0%3D%2CpYAQIFQfxkW3zvZQbvS01owBPwmrRMC5BLh4AHlIeRc%3D%2CEsR3J2rMkIaMkGv81m%2BzphOPkr8nICTSzFF9la2iLV0%3D%2C7GXvsNl4Ze%2BXc8NJLj2F088R1oOLd2bEgIe%2BHMF%2F%2F0M%3D
2025-08-29T19:46:32: 
2025-08-29T19:46:32: ▄▄▄▄▄▄▄▄▄▄▄▄▄▄▄▄▄▄▄▄▄▄▄▄▄▄▄▄▄▄▄▄▄▄▄▄▄▄▄▄▄▄▄▄▄▄▄▄▄▄▄▄▄▄▄▄▄▄▄
█ ▄▄▄▄▄ █▀▀▀▄  ▀▀▄█▄▄▄ ▀▄    ▀ ▄▄▄█▄██▄▄▄▀  ▀▀█▄ ██ ▄▄▄▄▄ █
█ █   █ █▄▄▄▄█▄█▄▄██▀▄▄▄▄▄████ ███▀▀███ █▄  ██▀▄ ██ █   █ █
█ █▄▄▄█ █ ███ ▄ ██▀▄▀█▀▄▀▄  ▄▄▄ ▄█▄▀▄ ▀ ▄█  ▄  ▀▄██ █▄▄▄█ █
█▄▄▄▄▄▄▄█ ▀ █▄█▄▀ █ ▀ ▀▄▀▄█ █▄█ ▀▄█▄█ █ ▀ ▀▄▀ ▀▄█ █▄▄▄▄▄▄▄█
█▄ ▀ █▀▄▄▀▀  █▄█ █▀▄ ▄  ▀█   ▄▄▄██ ▄▄▄██▄ ▄█▀██▄▄▄█▄  ▀▄ ▀█
█▀█   ▄▄▄▀▄ ▀▀▀██▀▀▄▄▄  ▄▄█▀▀ ▀▀▄▄▀█ ▀▄▄▀ █▀█▄▄█▄▄▄▄▀█▀█▀ █
█ ▄ ██▄▄▀▀ ▄ ▄▄██ █▄ █ ▀▄▄▄▀▄ █▀█ █ ▄ ▀▄▄ ▄██ █ ██▀▄▄▄▀▄███
█▄▀█▀ █▄ ▀█▄▄▀▀ ▀█▀▄▄ ▀█ ▀▄▄▀█ ▄██▀█ █▄█▄▀  ▀ ██▀█▀▀  █▄ ▀█
██ ▀█  ▄▀▀▄  ▀▀▄▄▄▄ ▀▀ █ ▄▀▄   ▄█ ▀█ ▄▄▀█▀ ▄█ ██▄█ ▀ █▀   █
█▄▀██▀ ▄  █ █ ▀▄▀ ▀ ▀█▀▄ █▀█▄▀ ▀█  ▀█▀▀█▄▄ █▀▀█▄▀ ▄▀ ██▄ ▄█
█▄▀▀█▄█▄ ▀▄▀█▄███ █▄ █▄ ▄ █▀ ▄█▄▄▀█▄  ▄▄▄▄▄█▀██▄▀███ ▄ █▄▀█
█▀▄ █  ▄▀▀█▄▄▄███   ▀ █▄▀▀▄█▄▀▀ ▀ █ ▄▄██▀ █▄ █▀█▄█▄█▀▄▄█▄ █
█▄▀▀▀█▀▄▄▀█▀ █▀██▀▄▄██  ██▀▄ ▄██▄▀██ ▄ ▄█ ██▄▄▀▀▄█▀█   █ ██
██ ▄▀ ▄▄▄ ▀▀██▄ █▀▀▀▄▀█▄▄ ▄ ▄▄▄ ▄ ▀▄  ██ ▄▄  ▄ ▀▄ ▄▄▄ ▄▄▄▀█
██▀▀█ █▄█ █▄██▀ ▄█▄█▄▀██ ▄▄ █▄█ █▄▄▄▀▄█ ▄█ ██▄▄▄▄ █▄█  ▀ ▀█
███ ▄▄▄▄ ▄▄  ▀ ▀▀▀▀█▄▄█▀██▄ ▄  ▄████▄▀▄▄█▄█▄▀▄███  ▄ ▄██ ▄█
█▀█▄ ▄█▄ ▀▀█▄▄▄█▄█▄  ▄  █▄  ▄█▄▄▄█ ▄  ▄▄▄▄▄█▄▀ █ ▄█▄██  ▄▀█
██▀█ ▀█▄█ ▀▀▀▄█▀█▀█▄▀▀ ▀▀ ▀▄ ▄▀▄▄█▀ ▄█▄▀█ ▀▀▄▄▄▄ █▀▄▀▀█▄█▄█
█ ██▄█ ▄▀█  ▄▀█   ▄ ▀ ▄  ▄▄█   ▄▀▄█ ▄▄██▀ ▄▄▄ ▄ ▀▄█ █  ▀▄▀█
█▀   ▄█▄ █▄▀██▀▀ ▄ ██  █▀▄▀▄ ▄█ █▄▀▄▄ ▄▄▀ ▄█ █ █▄  █▀▀▄▄ ▄█
███▀ ▄▄▄ ▀▀█▄▀▄███  ▀▀▄█▀█ ▄▄█▄ ▄  █▀  ▀▄█ ▄█▄▄█▀▄▄▀███▄ ▄█
█▄▀  ▀ ▄▄▄▀   █  ▀█▄█▄ █  █  ▀▄▄█  ▄ ▀█▀▀█▀▀ ▀▀▀██▄   █▄▀▄█
█ ▀▀▀▀▄▄▀▀█▀▀█▄▄▄█▄▄ ▄ ███▀▄██▄█ █▄██▄▄█▄▄▄█▀▀▄▄ ▀ ▀██▄▄▄▀█
█ ▀ ▀▀▄▄▀█▄ █▄██▄▀    ▀ █▀ ▀ █▄▄▄ █ █ ▄ ▀▄▀▄▄▄▀ ▄▀▀ █▄▀▄▄▄█
███████▄▄ ██▄▄▄▄█  ▄▄█▄▄██▀ ▄▄▄ ▄▄█ ▄▄ ▄▄ ▄▄▀▄▄ ▀ ▄▄▄ █▄█ █
█ ▄▄▄▄▄ █▄ █▀█ ▀▀ █ ▄██ █▀  █▄█ ▀█▄▀▄█ ▀▄ ▀▀██▀▄█ █▄█ ▄▄ ██
█ █   █ █▀█ ▄▄  █▀▄ ▀ █▀▀ █▄▄   ▀▄▄▄ ▄  ▄▀ ██▄▄▄▀ ▄  ▄▀   █
█ █▄▄▄█ █▀█   ▄███  ▄▄ ▄█▀▄ ▄ █▀██▄▄   ▀ ▀█▄▄▄▄▄▀  ▄  ███▄█
█▄▄▄▄▄▄▄█▄▄█▄▄▄▄▄██▄▄▄█▄█████▄▄▄▄▄██▄▄▄▄▄▄██▄█▄██▄▄█▄▄▄▄▄██

2025-08-29T19:46:32: 
2025-08-29T19:46:52: 🎯 QR Code detected! Displaying...
2025-08-29T19:46:52: 📱 Scan this QR code with your WhatsApp!
2025-08-29T19:46:52: 🔗 Or copy this link to scan:
2025-08-29T19:46:52: https://api.qrserver.com/v1/create-qr-code/?size=300x300&data=2%40FGcrXYr3Ql27OCvRrBAapZ%2FnQziE72dBCsl%2BZCaNj%2BN2lym%2BMpdUhk%2BslVpmPnbedZUyKv%2BHRMS5%2FHVGhSDTCBdRSPp%2FCy0Wv74%3D%2CpYAQIFQfxkW3zvZQbvS01owBPwmrRMC5BLh4AHlIeRc%3D%2CEsR3J2rMkIaMkGv81m%2BzphOPkr8nICTSzFF9la2iLV0%3D%2C7GXvsNl4Ze%2BXc8NJLj2F088R1oOLd2bEgIe%2BHMF%2F%2F0M%3D
2025-08-29T19:46:52: 
2025-08-29T19:46:52: ▄▄▄▄▄▄▄▄▄▄▄▄▄▄▄▄▄▄▄▄▄▄▄▄▄▄▄▄▄▄▄▄▄▄▄▄▄▄▄▄▄▄▄▄▄▄▄▄▄▄▄▄▄▄▄▄▄▄▄
█ ▄▄▄▄▄ █▀ ▄ ▄▀ ▀▀▀▀ ▀▀▄   ▀▀▄▄ ▄█▄▀ ▀█▀ █▄ ▀█▄▄ ██ ▄▄▄▄▄ █
█ █   █ █▀███▀ █▄█ ▀████ ▀▀█▄▄█▀▀█  ▀▀▀ ▄▄█▄ ▄ ▄ ██ █   █ █
█ █▄▄▄█ █▀▄█▄▀▀█▄█▀ ▄  ▄▀ █ ▄▄▄ █ █▀█▀▄██  ▄█▄▀▀▄██ █▄▄▄█ █
█▄▄▄▄▄▄▄█▄▀▄█ █▄▀▄▀▄▀ ▀ █ █ █▄█ ▀▄█ ▀▄█ ▀▄█ ▀ ▀ ▀▄█▄▄▄▄▄▄▄█
█ ▄  ▄▀▄▄ ▄▄▀█ █▀▄▄ ▄▄▀▀▄▀   ▄  ▀█▀█▀ ▀██▀▀▀██▄█▀  █ █▄▀▄▀█
██ █▀ █▄ ▄▄▄▄▀▄ ▄▀▀ ▀▀▀ ▄ █▄ ▄▀█▀▀▄█ █▀▀  █▀ ▀█▀ █ ▀▄▄▀▀▄██
█▄▄█▀  ▄ ▄▄▀▄ ▄▄▄█▀  ▄▀▄  ▄ █▀▀██▀▄█ ▄▀▄██▀▀█▀ █▀▀▀█▀▀▀ █▄█
█▀▀█▀▀ ▄▄ ▄█▀██  ▄▄▀   ███ ▄ ▄█ ▀█▄█▀█ ▀█ █ ▀▄▀ ▄ █▀ ▀  ▄▀█
█▀ ▄█  ▄▄▄█  █▄▀▄▄   ▄▀▀▀ ▄▀▀  ▀ █ ██▄ ▄▀█ ▀▄█▄█▄▀█▄▀█ █▀██
█▄▄██  ▄ ▀▄█▀▄▀█▄ █▄▄  ▀▄█▀▄█▄██▀█▀▄ ▄▀█ ▀█  ██▀█▄▄ ▀ ▀ ▄▀█
██ ▀▄ █▄▄▀█ ▄█▀█▄▀  ▄██▀▀▄▀▀▀█   ▀▄█▀▄ ▄ ▀▀▀▄▀▄█▄▀▀█▀██▀▀ █
██▀█▄▄▀▄ ▄█▄█▄  ▄  ▄▄█▄▄▀█▀ █▀▀▄█▄▄ ▄     █ ▄▀ █▄▀▄█ ▄▄▀▀██
█ ▀  ▄ ▄▄██  ██ ▄▄  █▄▀█▀▀██▀▀▀▀▄ ▄ ▄  █▄█▀▀▄█ ▄█▀▀▄█▀▄▀ ▄█
█▀▄▄  ▄▄▄ ▀ █▄ ▀▄ ▄█ ▀▄█▀▄▄ ▄▄▄    ██▄██▀██ ▄▄▀▄▄ ▄▄▄ ▀  ▀█
█▀▄▀█ █▄█ █▄█▀ ▀██▄▀▀▄▄█  ▀ █▄█  ▀▄▄▀  ███▀▀ ▀ ▄▄ █▄█ █▄█▄█
█▄▀▄ ▄▄▄  ██▄█   ▄▄▄▄█▀█▀▀▄▄▄▄▄ █▄▄▀ █▄▄▄██ ███▄▄▄▄▄     ██
█  █▀█ ▄ ▄ ▄▀  █▄▄ ▄█▄███▀▄  ▄▀  █▀█ ▄ ▄█▀▀▀ ▀▄▄▀▀▀▄█▄█▄ ██
█  ▄ ▀█▄▀▄ ▀▀  ▄ ██ ▄ ▀▀ ▄▄▀  ▀ █    ▄ ▄▄█▀█▀▀▄█▀▀▄▀▀▄█ ▄██
█▀█▄█ ▄▄▀▄▀█ ██▀▀█ ▄▀▀██▄ ▄▄▀█▀ ██▄█▀ █▄▀█   ▀███ █▀▄█▄█▄▀█
██▄ ▀█ ▄▄█▀  ▄█▀▀██▀▀ ▀▄▄ █▄▀█▄  ▄ █ ▄ ▄ ▀▀▀██▀▄▀▄▄█  ▀ ▄▄█
█▀ ▄▀█▄▄█▄█▄▄▄ ▀▄█ ▄▄▄██▀▀█▀██▄▄▀█▀█▀▄█▄██   ▀██▀ ▀▄▄█▀ █▀█
█ ▀▀▀▄█▄▄█  ▀▀▄▄▀▄▀ ██▀ ▄▄▀▀▀▄  █▀▀█▄██   █▀  ▄▄▀▀ ▀▀█▀▀▀██
█▄██ ▄▀▄  ▀▀▄▀ ▄█▄▀ ▄▄▀▄ ▀█▄▄▄▀▀▄██▄  ▀▄██  █▀█▄▀▀ ▄ ▄█▄ ▀█
█ ▀ ▀▀▄▄ ██ █   █▀█ ██████▄ ▀█▄ ▀██ ▀ █ ▄▄▀▀▀█▄█▀▀ █▄▄ ▀▀▀█
███████▄▄ ▄   ▄███▄▄▀▄▀▀▀▀▀ ▄▄▄ ▄█▄█▄ ▄█▀▀▀ ▄██▄█ ▄▄▄  ▀█▀█
█ ▄▄▄▄▄ █▄▀▄▄▀▄▀█▀ ▄█▀▄▀▄▄▄ █▄█ █▀█ █ ▄ ▄▀▄▄█▄ ▄▄ █▄█ ▀  ██
█ █   █ █ ▄   ██▄▀▄▄▄█▄▀▀▄     ▄ ▀█▄  ████ ▀ ▀█▄▀▄ ▄  ▀▄▄██
█ █▄▄▄█ █ ▄▄▀▄▀▄▄ ▄▄▄█▀▀▀█▄▀▀▀▀████▀██   █▀ ▄▄█▀█▄ ██▀▀▀███
█▄▄▄▄▄▄▄█▄▄█▄▄▄██▄▄▄▄▄▄█▄████▄█▄▄▄▄▄█▄▄▄██▄█▄██▄▄▄▄████▄▄██

2025-08-29T19:46:52: 
2025-08-29T19:47:12: 🎯 QR Code detected! Displaying...
2025-08-29T19:47:12: 📱 Scan this QR code with your WhatsApp!
2025-08-29T19:47:12: 🔗 Or copy this link to scan:
2025-08-29T19:47:12: https://api.qrserver.com/v1/create-qr-code/?size=300x300&data=2%40FURC1Q05GFkrZ%2Bx3ltBjorvTCkC9UbFuvqU166e5%2FZpNePsqJArNcAWl7ZKCPEvoH4wvOH1AujqSXWAXPo7%2BzM7yWnpIfw5e48M%3D%2CpYAQIFQfxkW3zvZQbvS01owBPwmrRMC5BLh4AHlIeRc%3D%2CEsR3J2rMkIaMkGv81m%2BzphOPkr8nICTSzFF9la2iLV0%3D%2C7GXvsNl4Ze%2BXc8NJLj2F088R1oOLd2bEgIe%2BHMF%2F%2F0M%3D
2025-08-29T19:47:12: 
2025-08-29T19:47:12: ▄▄▄▄▄▄▄▄▄▄▄▄▄▄▄▄▄▄▄▄▄▄▄▄▄▄▄▄▄▄▄▄▄▄▄▄▄▄▄▄▄▄▄▄▄▄▄▄▄▄▄▄▄▄▄▄▄▄▄
█ ▄▄▄▄▄ █▄▄▄▄ ▀▄█▀▄██▀▄█   ██▄ ▄▄▀██▀ ▄▀▄█▄ ▄▄ ▄ ██ ▄▄▄▄▄ █
█ █   █ █ ▄▄█▄▀█▄▄  █▄▄▄▀  ████ █▄▀▀▀▀  ▄▄██ ▄▀▄ ██ █   █ █
█ █▄▄▄█ █▄█▀█▀█▄▀▀ █ ▀█  █▀ ▄▄▄ ██ █▄▄ ▄▀ ▀▀ █▄▀▄██ █▄▄▄█ █
█▄▄▄▄▄▄▄█▄█ ▀ █ █▄█ ▀▄█ ▀▄█ █▄█ ▀ ▀ █ █▄█▄▀▄▀▄█ █ █▄▄▄▄▄▄▄█
█ ▄  █▀▄▀▄▀▀▄▀▀█ █▄▀█▄  ▄ █▄ ▄   █ ▄▀▀ █▄ ▀ ▄██▄ ▀ ██▄▄ █ █
█ ▄▄▄▄█▄█ █▀▀▀ ▀▀█ ██ ▄▄███▄▀▄  █ ▀▀▀ █▄█▄  ▄  ▀▄▀▄▀▀█ ▄ ▄█
█ ▄ ▀ ▄▄█ ▄  ▄▄  ██▄  █▄▄▄███▀█▀██ ▄▄ ▀▀▀██▄██ ▄█▄▀▀ ▀█▄█ █
█ ███  ▄█ █▄▀▄▄ ▀█ █▀ █▄█▄▀▄▀█▀▀ █▄▀▀▄▄▀▄▀▄▄▄ ██  ▄▀▀   █▀█
█ ███▄▀▄ █ ▄▀     ▀███ █ █  ▄▄ ▄▄▄▄▀▄█▄▄▄█ ▄█   █▄▀█▄▀▀ █ █
█▀█▄▀▄ ▄ █ ██ ▀▀▀█▀   ▄▀ ▄▀ ▀▄▀▀▀██▄  ▀ ▀ ▀▄ █ ▀▀ ▄ █ █▄▄▀█
█▀█▀█▀▄▄█▀▄▀▄█ ██  ▀██▄ ▀█ ▀ ▄ ▀ ██▄ ▀▀▄  ▀ ▄██▄▄ ▀█ ▄█ ▀▀█
█ █▄▀▄ ▄ ▀▀▀   █▀▄▀▀ ▄▀   █▀ █ ▀▀▄▀▄██▄▀██▄█▀▀█▀█▄▄▄█ █▄█▄█
█▄▀▄▄█▄▄ ▄ █▀██▀ ▄▄▄█ ████▀██▀██▄▄   ▄ ▀ ███▄▀▄▄▄▄ ▀▀█ █  █
█ █▄▀ ▄▄▄  ▀ ▄ ▄█▀▄▄▀▀█▄▀██ ▄▄▄ ▀ █▄██▄█ ▄▀▀█▄ ▀  ▄▄▄ ▀▀▀▀█
█▄ █▄ █▄█  ▄▄▄▄  ▀█▄██▀▀▀██ █▄█ ▄  ▀ █▄█ ▀ █▄   ▄ █▄█  █▀██
██▀▄█▄ ▄ ▄▀█ ▀ ▄▄▄▀▀▄▀▄▀██▄  ▄ ▄█ ▀ ▄▀▀ ▄▀█ ▀██▄▀ ▄▄▄▄██ ▀█
██  █▄ ▄▄▀▀█▀▀▀██▄▄▀▀█ ▄  █ ▄▄▀▀▀█ ▄▀▀ ▄▄ ▄▀ ▀▄▄█▄ ▄█▄██▀▀█
█ █ ██▄▄ ▄██ █▄██▀▄█ ▄▄██▄   ▄ ██▀█▄▀█▄█ █▀ ▄▀ ▀ ▄  █ ▄█▀▄█
█▄█ ▀  ▄▀ ██▄ ████▄ ▀█▀█ ▄▄ ██▄▄▀▀ █▄▄█ ▀▀▄▄ █▀█▀▄██ █ ▀█▄█
█▄█  ▄ ▄██▀▄ ▀▀▄ ▄█    █▄▀▄▄ ▄▀█▀█▀▄▀▄▀▄ ▀▀ ▄▄ █▀███▀▀▀▀█▄█
█▄▄█▄▀▀▄▀█ ▀ ▄▄▄▀▀▀▀ █ ▀ ▄▀  ▀█▀█▄▄▀ ▀▀█ ▀▀█▄  ▀ ██▄▀▀ █▀ █
█▄▀██▀█▄▄▀█▄ █ ▀█▄█▄█▀█   ███▄▄▄██▀█ ▀█▄▄ ▀█ ▄▄▄▀▀▀█████▀▀█
██▄█▄█▄▄ █▀▄▄ ▄▀▄█▀▀█▄ █  ▄ ██▀ ████ ▀▀▄▄▄▀ ▄▀███ ▄  █ █▀▀█
█ ▀ ▀▀▄▄ ▄ ▄▄█▄▀ █  ▀▄▄▄▄ ▀▀▄▀███▄ ▄▄▀█▄▀  ▄▀ ▄█ ▄▄ ██▀▄█ █
███████▄█▀  ▄▄▄▀▀█ ▄▀▀█▀▄█▀ ▄▄▄ ▄▀ █▄▄▄ ▀█▄█▄▀ █▀ ▄▄▄ █▄█▀█
█ ▄▄▄▄▄ ██ █▄ █▀ █ ██▄█ █▀█ █▄█  █▄▀ ██ ▀▀▄▄▄▀ ▄█ █▄█ ▀▀▀▀█
█ █   █ █▀▀▄▀▄▀▄▀██▀ ▄▀█ ▀▄ ▄▄  ▄▄   ▀▀▄▄█▀▄▀     ▄▄   ▀ ██
█ █▄▄▄█ █ ▀ ▀▄▀     ▄▀█▀█▀▄█ ██▀█▀▀▀▀  ▄▄▄█▄█ ▀▀▀  ▀▀████▀█
█▄▄▄▄▄▄▄█▄▄█▄▄██▄█▄██▄█▄▄▄▄█▄▄███▄█████▄▄▄▄▄██▄█▄███▄▄█████

2025-08-29T19:47:12: 
2025-08-29T19:47:32: 🎯 QR Code detected! Displaying...
2025-08-29T19:47:32: 📱 Scan this QR code with your WhatsApp!
2025-08-29T19:47:32: 🔗 Or copy this link to scan:
2025-08-29T19:47:32: https://api.qrserver.com/v1/create-qr-code/?size=300x300&data=2%40%2FYct9o6Lv0N3L2mka5J7MNFKcZ%2F9GvULNgnffouZtqdVVMcyUKpuJxe8GyZG%2Fy37Hvj6iyUmaIKG4AOq%2BDXkj6Xx5zrZEDvxX0U%3D%2CpYAQIFQfxkW3zvZQbvS01owBPwmrRMC5BLh4AHlIeRc%3D%2CEsR3J2rMkIaMkGv81m%2BzphOPkr8nICTSzFF9la2iLV0%3D%2C7GXvsNl4Ze%2BXc8NJLj2F088R1oOLd2bEgIe%2BHMF%2F%2F0M%3D
2025-08-29T19:47:32: 
2025-08-29T19:47:32: ▄▄▄▄▄▄▄▄▄▄▄▄▄▄▄▄▄▄▄▄▄▄▄▄▄▄▄▄▄▄▄▄▄▄▄▄▄▄▄▄▄▄▄▄▄▄▄▄▄▄▄▄▄▄▄▄▄▄▄
█ ▄▄▄▄▄ █▀ ▄ ▄  ▄▀▀ ▄█ █   ▀▀▄▄ ▄████  █ ▄▄▄▄ ▄▄ ██ ▄▄▄▄▄ █
█ █   █ █▀███▀ █▄█ ▀█▄██  ▀█▄▄█▀▀▄    ▀ ▄██▄▀▄ ▄ ██ █   █ █
█ █▄▄▄█ █▀▄▀ ▀▀█▄█▀ ▄  ▄▀ █ ▄▄▄ ▀▄█▀▀▀▄█▄▄ ▄▄ ▀▀▄██ █▄▄▄█ █
█▄▄▄▄▄▄▄█▄▀ ▀▄█▄▀▄▀▄▀ ▀ █ █ █▄█ ▀▄█ ▀▄█ ▀▄█ ▀ ▀ ▀▄█▄▄▄▄▄▄▄█
█ ▄  ▄▀▄  █▀██ █▀▄▄ ▄▄▀▀▄▀ ▄ ▄  ▀█▀█▀ ▀██▀▀▀██▄█▀  █▄█▄▀▄▀█
██ █▀▀█▄▀ ▀▀▀ ▄ ▄▀▀ ▀▀▀ ▄ ▀█  ▀█▀▀▄█ ██▀  █▀ ▀▀█▀ ▀ █ ▀▀▄██
█▄▄ ▄  ▄▄▀█▄▄ ▄▄▄█▀  ▄▀▄  ▄▀██▀██▀██ ▄ ▄██▄ █▀▄█▄▀▀█ ██▄█▄█
██▀▄▀▀ ▄▄ ▄█▀██  ▄ ▄  ▄ ██ ▄ █▀▄▀█▄█▀██ █ ▄██  █▀▀█▀▀▀█▀▄▀█
█▄▄▀   ▄▄▄█  █▄▀▀▄ ▄▄▄█▀  ▄▀▀  ▀ █▀██ ▀▄▀▀█▀▄███▄▀█▄▀█ ██▀█
█▄██   ▄ ▀▄█▀▄▀█▀▀█▄ █ ▀▄▄▀▄█▄▄██▀▀▄▀█▀█ ▄▄▀█ ▄▀█▄▄ ▀ ▀ ▄▀█
█▀▄▀▄▀▄▄▄▀█ █ ▀█▄▀  ▄██▀▀▄▀▀▀█  ▄▀▄█ ▄ ▄▀▀▀▀ █▄█▄▀ █▀██▀ ▀█
██▀█▄█ ▄▄ ▄▀ ▄▄█▄  ▄▄█▄▄▀█▀ █▀▀▄▄█▄ ▄   ▀ █ ▄  █▄▀█▄  ▄▀▀██
█ ▀  ▀▀▄ ▀ ██  ▀▄▄  █▄▀█▀▀▀█▀▀▀▀▄ ▄ ▄  █▄█▀▀▄█ ▄▄▀ ███▄▀ ▄█
█▀▄▄  ▄▄▄ █▀▄█▄▄▄ ▄█ ▀▄█▀▄▄ ▄▄▄   ▄▀█▄██▀█▀ ▄▄█   ▄▄▄ █  ▀█
█▀▄█▄ █▄█ ▀ █▀ ▀██▄▀▀▄▄█  ▀ █▄█  ▀▄█▀  ▄██   ▀ ▄▄ █▄█ ▀▀█▄█
█▀ ▀▀▄ ▄ ▄██▄█   ▄▀▀▄█ █▀▀█ ▄▄▄ █▄▄▀ ▀ █▄▀▀ ▀██  ▄▄▄▄▄▀▀ ██
██▄▄▄█ ▄▄█ ▄▀  ██▄  ▀▄█▀ ▀▄ █▄▀  █▀█▄  ███▀▀▄██▄█▄▀▄█▄██ ▀█
█ ▀  ▀█▄▄  ▀▀  ▄█ █ █▀▀▀▄▀▄▀▄█▀ █   █▀▀█▀█ ▄▄▀█▄ ▀▄▀▀▄█ ▄██
█▄▄▄█ ▄▄▀▄▀█▀▀█▀▀█ ▄▀▀██▄ ▄▄▀█  ▄▀▄█  █▄██  ▄▀███ █▀▄█▄██ █
██▄ ▀█ ▄▄█▄▀▀█▄▄▀██▀▀ ▀▄▄ █▄▀█   ▄ █▀█ ▄▀ ▀▀██▀▄▀▄▄█  ▀ ▄▄█
█▀ ▄▀██▄█▄▀█ ▀█▄▄█ ▄▄▄██▀▀█▀██▄▄▀█▀█▀▄█▄██   ▀██▀   ▄█▀▄█▀█
█ ▀▀▀▀▀▄▄█▄▀ ▀ █▀▄▀ ██▀ ▄▄█▀▀▄  █▀█▀▄██   ██   ▄█▄▀▀▀█ ▀▀██
█▄██  ▀▄▄▄▀ ▄▀█▄█▄▀ ▄▄▀▄ ▀▄▄▄▄▀▀▄█▄▄  █▄███▀█▀█▄▀▀▀▄██▄▄ ▀█
█ ▀ ▀▀▄▄ ██ █   █▀█████████▄▀█▄ ▀█▄ ▀▄▀▄▄ ▄███ █▄▄▄█▀▀  ▀▀█
███████▄▄ ▄   ▄█ ▄▄  ▄▀█▀▀▀ ▄▄▄ ▄█▄█▄▄▀█ █▀  ▀▀██ ▄▄▄  ▀███
█ ▄▄▄▄▄ █▄▀▄▄▀▄▀█▄ ▄█ ▄▀ ▄▄ █▄█ █▀█  ▄▄  ▄▄█▀  ▄  █▄█ ▀  ▀█
█ █   █ █ ▄  ███▄▀▄▄▄█▄▀▀▄  ▄  ▄ ▀█▄▀▄███▀ ▀███▄▀▄ ▄  ▀▄▄██
█ █▄▄▄█ █ █▄▄▄█▀▄ ▄▄▄█▀▀▀█▄▀▀▀▀█▄██▀▄█  ▀█▀ ▄▄█▀█▄ ███▀▀███
█▄▄▄▄▄▄▄█▄▄▄█▄█▄█▄▄▄▄▄▄█▄███▄▄█▄▄▄▄▄█▄▄▄██▄█▄██▄▄▄▄█▄▄█▄▄██

2025-08-29T19:47:32: 
2025-08-29T19:49:33: 🚀 Starting WhatsApp service...
2025-08-29T19:49:34: 📱 WhatsApp service started. Waiting for connection...
2025-08-29T19:49:34: (node:18040) Warning: Setting the NODE_TLS_REJECT_UNAUTHORIZED environment variable to '0' makes TLS connections and HTTPS requests insecure by disabling certificate verification.
(Use `node --trace-warnings ...` to show where the warning was created)
2025-08-29T19:49:34: {"level":30,"time":"2025-08-29T18:49:34.796Z","pid":18040,"hostname":"LAPTOP-R3IJ5HFS","class":"baileys","browser":["Chrome (Linux)","",""],"helloMsg":{"clientHello":{"ephemeral":"hsWTTSwskDlw3rI6KyqhvOlq0crcWJmub6VqhcXoamY="}},"msg":"connected to WA"}
2025-08-29T19:49:34: {"level":30,"time":"2025-08-29T18:49:34.980Z","pid":18040,"hostname":"LAPTOP-R3IJ5HFS","class":"baileys","node":{"passive":false,"userAgent":{"platform":"WEB","appVersion":{"primary":2,"secondary":3000,"tertiary":1023223821},"mcc":"000","mnc":"000","osVersion":"0.1","device":"Desktop","osBuildNumber":"0.1","releaseChannel":"RELEASE","localeLanguageIso6391":"en","localeCountryIso31661Alpha2":"US"},"webInfo":{"webSubPlatform":"WEB_BROWSER"},"connectType":"WIFI_UNKNOWN","connectReason":"USER_ACTIVATED","devicePairingData":{"eRegid":"AAAABg==","eKeytype":"BQ==","eIdent":"ftwSU/q16dVfqpXQFg8VbgW176sJ5BEoP4lOZ31y/yo=","eSkeyId":"AAAB","eSkeyVal":"MISS3JQ7Vd0c/P9NU9JfHSJh+kXaOOEDLLB8F5jAl0I=","eSkeySig":"n0nndHblXqJVR3EGnb+43cCCAK5ia2j7ixFhc3yA7TbYC9jdZw41mKmuBYBsYVskktIARR27M5Km0pmRPOZ4CQ==","buildHash":"c9lQeUMlTdrMrIi/+YcPiA==","deviceProps":"Cg5DaHJvbWUgKExpbnV4KRgHIAA="},"pull":false},"msg":"not logged in, attempting registration..."}
2025-08-29T19:49:35: 🎯 QR Code detected! Displaying...
2025-08-29T19:49:35: 📱 Scan this QR code with your WhatsApp!
2025-08-29T19:49:35: 🔗 Or copy this link to scan:
2025-08-29T19:49:35: https://api.qrserver.com/v1/create-qr-code/?size=300x300&data=2%40Yq6xCGEbrS2ylKHm%2BiNVpK0lkC54Yz%2B6CgevfhPOl1CBACS%2FekNnJkv2Zdz7Rbb3GfkVsVW4olA%2F7wu4Q%2BCuwBgifP9A6nxskgk%3D%2CHHGIZfbWMOjmMiZID11JmOpRYW7PNXwcColi4jsuD04%3D%2CftwSU%2Fq16dVfqpXQFg8VbgW176sJ5BEoP4lOZ31y%2Fyo%3D%2CC1kxZ62DtXgqxO9I7QlOE%2Bw29h8WHAzdKmP1RHNpxv0%3D
2025-08-29T19:49:35: 
2025-08-29T19:49:35: ▄▄▄▄▄▄▄▄▄▄▄▄▄▄▄▄▄▄▄▄▄▄▄▄▄▄▄▄▄▄▄▄▄▄▄▄▄▄▄▄▄▄▄▄▄▄▄▄▄▄▄▄▄▄▄▄▄▄▄
█ ▄▄▄▄▄ █▀▄▀██▄  ▀▄ ▄▀     ██   ▄▀▀▀ ▀▄█▀▀ ▄ █▄▄ ██ ▄▄▄▄▄ █
█ █   █ █▀██▀█▀█▄█▀ ████  ▀█▄█▀▄▀▄▀▀█▀▀█▄▄ ██▄ ▄ ██ █   █ █
█ █▄▄▄█ █▀█  █ ▄▄█▄ ▄  █▀ █ ▄▄▄ ▀▄▀▀██ ▀ █ ▄ ▀▀▀▄██ █▄▄▄█ █
█▄▄▄▄▄▄▄█▄█ ▀ █▄▀▄▀▄▀ █▄█ █ █▄█ ▀▄█ ▀▄█▄█▄█ █▄█▄▀▄█▄▄▄▄▄▄▄█
█ ▄   ▀▄  █▄ █ ▀▄█▀▄▀██▀▄▀▄▄▄▄  ▀█▀██ ▀▄██  ▄█▀▄ ▀ █ █▄▀ ▀█
█  █ ▄ ▄▄▀ ▄▄ ▄  ▄▀ ▀▀▀ ▄▀ ▄▀▄▀▄▀▀ ▀▀ ▀▀▄▀▄██ ▀▄ ▀█▄▀█▀▀ ██
█▄▄██▄▄▄▄▄██▀▄▄▄██▀  ▄▀▄▀ ▀▀██▀█▄▀▀▄▄ ▀█▀▀ ▀▀█▀▄   ▄▀██▄█▀█
█▄ █ █▀▄▄█▀▄▀▀▄█▄ ██  ▄ ██ ▄ ██▄▄█▀ ███▄█▀▀▀ ▀█▄█▀▄▄▄▄ ▀ ▀█
█▄▄▀▄██▄▄▄▀▀▄▄ █▄▄▄▄▄▄▀█▀▀█▄▀ ▀  ▀▀▄ ▄▄█ █ ▀ ▀█▄ ▀ ██▀ ▄█▀█
█▄█▄▀▄█▄▄▀█ ▀▀▀█ ▄█▄▀▄▀█ ███▀ ▄▄▄▀▀▄▀█▄▄▄▀█ █▀█ ▄██▄█▀ ▀▄▀█
█▄ ▄ ▄█▄▀ ▄▀██▀█▄▀  ▄█▄▀▀▄  ██▀▀▄▀▄▄  ▀█▄▀▄ ▄█▄█▄▀ ▄▀▀██ ▀█
██  ▀  ▄▄  ▄  ▀ ▄ ▀ ▄█▄▄▀█▀ ▀███▄█▄ ▀█▄▀▄ ▄██▄ ▄▀ ▀▀▄ ▀ ▀██
█▄ ▀  █▄ ▀  █▄▀█▀▄▄▄█▄ ▀▄▀███▀█▀▄ ▄ █▄▀█ █▀▀ ▀ ▄▄▀ ▄▄▀█   █
█▄▀▄▀ ▄▄▄  █ ██ ▄▄▄█ ▀▄███▄ ▄▄▄   ▄█ ▄█▀ ▀██ █▀▄  ▄▄▄ ▀  ▀█
█▄▀▄▄ █▄█ ██▀█ ▀▄█▄▀▀█▄█  ▀ █▄█ ▀▀▄▄▀▄ ▄▀▀   ▀▄▄  █▄█   ▄██
█ ▀▀█ ▄▄▄▄  ▄ █▀ █▄  ▀▀ ▄▄▀▄▄▄ ▄▄█▄▀▄▄▀████ ███▄ ▄▄ ▄▄▀▀ ▀█
█▄█ ▄ ▄▄▀ █▀█▄██▄▄ ▄ ▄▀▀█▀▄█▀▄▀ ▄█▀█ ▄▀▄▀▀▀▀ ▀▀█▀  ██▄ ██▀█
█▀ █ ██▄ ▀▄█▄█ █ ▄▀▀▄ ▄█▄▀▄▄▄▀▀ ▀ ▄▄▀ █ ▀██▀█▄█▄▀ ▄█▄▄▀  ▀█
█▄▀█▄▀▄▄ ▀█▀▄▀▀▄▀█  ▀▀▄▀▄ █▄▀██  ██▄▄ ▀█▀█▄  ▀▄▄██▄▄▀▄▀█▄▀█
█▀▀█ ▄█▄▄▄██▀█ █▀█▀█▀ █ ▄ ▄▄▀█▄  █▀█ ▄ ▀▄█ ▀▀▄▀ ▀▀▄█▀▀▄▀▄▄█
█  ███▄▄█▀▀▄█ ██▀▄ ▄▄▄█▀  █▀▄█▄▄▀█▀█▄ ▀▄██▀ ▄████  ▀▄▄▄██▀█
█▄ ▄ ▄█▄█ ▀▀▀▄█▀  ▀   ▀  ██▀ ▄▄▄▀▀▀███▄▄█▄▀▄▀▄  ▀ ▄█▄█  ▄██
█▄▄▄   ▄▀▄ █▀ █ ██▀ ▀▄▀▄▀▀█▀██  ▀██▄▄▄▄▄▀█▀▀ ▀███▀▄▄██▄▀█ █
█ ▀ ▀▀▄▄▀▀▄█ ▄█ █▄███ ▀  ▄▀▄ ▄▄ ██▄  ▄  ▀▀  ▄▀▄▄▀▄▄█▄▄ ▀ ▀█
███████▄▄▀▄██▀ ███▀▄▀▄▀█  ▄ ▄▄▄ ▄█▄█▄ ▀▄██ ▀▀█▄█▀ ▄▄▄ ▄▄▄██
█ ▄▄▄▄▄ █▄ ▄██▄▀█▄ ▄█ ▄█▄▀▄ █▄█ █ ▄█▀█▄▄▄ ▀▀████▀ █▄█ ▄  ▀█
█ █   █ █ ▄███▀▄▄▀▀▄▄█▀█▀▄▄▄   ▄ ▀▀▄▀  █▀▀▀▀▄█▄██  ▄▄ ▄████
█ █▄▄▄█ █ ▀█▀▄█▀▄ █▀▄█▄▄▀█▄▄█▀▀█▄██  ▄██▀▀██  ▀  ▄██▄█  ███
█▄▄▄▄▄▄▄█▄▄▄██▄███▄▄█▄███▄▄██▄█▄▄▄▄▄▄▄████▄███▄█▄█▄▄▄██▄▄██

2025-08-29T19:49:35: 
2025-08-29T19:50:35: 🎯 QR Code detected! Displaying...
2025-08-29T19:50:35: 📱 Scan this QR code with your WhatsApp!
2025-08-29T19:50:35: 🔗 Or copy this link to scan:
2025-08-29T19:50:35: https://api.qrserver.com/v1/create-qr-code/?size=300x300&data=2%40BLYCfbOQP%2FxzZqJ2d2rrERQWWY5ueZGgI%2Bo3F%2FznkueOYQcaUTbAQdE6MYIS6V8J%2Btp5Lz09d2w%2FP%2BpKT%2BMpRcJcD0bi6xCyGJw%3D%2CHHGIZfbWMOjmMiZID11JmOpRYW7PNXwcColi4jsuD04%3D%2CftwSU%2Fq16dVfqpXQFg8VbgW176sJ5BEoP4lOZ31y%2Fyo%3D%2CC1kxZ62DtXgqxO9I7QlOE%2Bw29h8WHAzdKmP1RHNpxv0%3D
2025-08-29T19:50:35: 
2025-08-29T19:50:35: ▄▄▄▄▄▄▄▄▄▄▄▄▄▄▄▄▄▄▄▄▄▄▄▄▄▄▄▄▄▄▄▄▄▄▄▄▄▄▄▄▄▄▄▄▄▄▄▄▄▄▄▄▄▄▄▄▄▄▄
█ ▄▄▄▄▄ █▀█▄▀▀█   ▀▄▄  ▄▄▄ ▄▄█▄▄▄ ▄▄▀▀▄ ▀▀▄▄█▄█▄ ██ ▄▄▄▄▄ █
█ █   █ █▄▄▄▄▀████▄▄ █▄▄█▄███▄▄ ▀▄  ▄▄██▄▄█▀█▄▀▄ ██ █   █ █
█ █▄▄▄█ █ ▄▄▀▄█▀██▄▄▀█▀█▀▄  ▄▄▄ ▄▀ ▀█▀█▄ █   ▀ ▀▄██ █▄▄▄█ █
█▄▄▄▄▄▄▄█ ▀▄▀ █▄▀ █ ▀ █ ▀▄█ █▄█ ▀▄█▄█ █▄█ ▀▄█▄█ █ █▄▄▄▄▄▄▄█
█▄ ▀ █▀▄ █  ▀▀▄▀█▄▄ ██▄ ▀█▄▄▄▄▄▄██ ▄ ▄█▄▄▄█▄ █ █ ██▄▄▄▀▄▄▀█
█▄█ ▀█▀▄▀ ▄▄█▄▀█▀▄▀▄▄▄  ▄██   ▀ ▄▄██▀▄▄ █▀ █ █▄ █▄ ▀▀ ▀██ █
█ ▄█▀▀ ▄█ █▀█ ▄█▄ █▄ █ ▀█▄▀ ▄ █▀▄ ▄▀ ▄ █ ▄▀▄▀▄▄▀▀█ █▄▄▀▄█ █
█ █ ▄▄▄▄▀█ █▄█ ██▀██▄  ▄ ▀▄▄ ▄▄  ███ █ ▀  ▀█▄▀ ▀ ▄ ▄█▄ ▄▄▀█
█  ▄▄██▄▀▀ ▀▄ █  ▄ ▄▀▀ ▀ ▄ ▀   ██▄ ▄  ▀  █▀██ ▄▄ ██ ▄▀ ▀▄▄█
██  ▄▀▀▄▄ ▄███▀▄█▀▀  ▄   ▄█▄ █ ▀▄▄ ▀▄▄▄██ ▀█ ▀▄█ ▀▀█▄▄▄█▄▄█
█ ▀▄▀██▄█ █ ▄▀███ █▄ ██ ▄ ▄ ▄▄▄█▄▀███▄██  ▀▄▀▀█▄▀██▄   ▀▄▀█
█▀██  ▄▄████▀ █▄█ ▀▄▀ █▄▀▀▄█ ██▀  █   ▀▄█▀▄▀ ▀▀▄▀▄▄▀█ ▀▄▄ █
█   ▀▀█▄ ▄ █▀  ▀ ▀  ██▀▄ █▀ ▄▄▀█▄▀██▀ ▀▄▀ ██  ▀▀▄▄█▄▀ ▀▄ ▀█
█ █▄  ▄▄▄ █ ▄▀▄▄██▀▀▄▀█▄ ▀▄ ▄▄▄ ▄ █▄█ ██▀  █▄█ ▀█ ▄▄▄ ▄▄▄▀█
█ ▄▀  █▄█ ▄ ▀▀▀▄██▄█▄ ██ ▄▄ █▄█ ▄▄▄▄▀ █▀ ▀▀██▄██  █▄█ ▀▄▀ █
█ █▄▀ ▄▄▄ ▀█ ▄█ ▀ ██  ▀▄  ▀ ▄ ▄ ▄▄█▄ ▄ ▄▄▄ ██▄ ▀      ▄▄  █
██ █▄▀▀▄▄▀▄   ▀█▄▄▀▄██ ▄▄█ █▄█▄▄ █ ▄█▄█▄▀▄██▄▀█▄ █▄██▄▄ █▀█
█▄▄▄ ██▄▄███▄▀█ █▄▀█▄ ██▄█▀▀  ▀▄▄██▄█▀▀█▄██▄ ▀██▀▄▀  ▀▀▄█▄█
█  ▄█▄ ▄  ▄▄██▀█  ▄▄▀ █▄ ▄██  ▀▀▀ ▄▀▄▄▀▄▄  ▄ ▄█▀▀▀▄█ ▀█▀█▀█
████▀█ ▄ ▄ ▄▄█ ▄ ▄▄▀█ ▄▀▀▄ ▄ ▄▀ ▄▄ ▄█ ▄▀▄▄████ ▀▄█ █  ▀█ ▄█
█▄█ ▄▄█▄ ▄ ▄▄▀▀▄ ▄  ▀▀▄▀ ▄ ▄██▄ ▄  █▄▄▄▀▄█▀▄▀ ▄██▄ ▄█▄▄█ ▄█
█  █▀██▄█▀▄█▄▀▀█▀██▄ ▀ █▄▀▀ ▀▀  ▀  ▄▀▀▄▀▄▀▀▄▀█▀██▄▄▄█ ██▄▄█
█  ▀▀█ ▄ ▀▄▄▄▄▀█▄▄▄▄█▄ █▄█▀▀▄▄█▄██ ▄▀  █ ▄▄█▄▀██▄▀▀▀ █▄ ▀ █
█ ▀ ▀▀▄▄ ███   █▄▄▀█ ███  ▄█▀▄▄▄  █   ▀█ █▄▀▀▄ ▀█▀█▄▀ ▀▄█▄█
███████▄█▀█ ▀█ ▄ ▀▄▄▀█▄ ██▄ ▄▄▄ ▄▄█ ▄ ▀▄▄▄███▄▄▀█ ▄▄▄  ▀▄ █
█ ▄▄▄▄▄ █▄▀█ ▀ ▀ ██  ██▄▀▄  █▄█ ▀ █▄▄ ▀█▀▄▄█▄▀▄▄█ █▄█ ▀▄▀▀█
█ █   █ █▀███▄▄▀█▀▀ ▀  █▀ ▀     █▄ ▄ ▄█  ▀▀█▀▄██▄▄▄ ▄▄▄▀ ▀█
█ █▄▄▄█ █▀ ▀█ ▄ ██▀█▄▄█▀█▀▄█ ▄█▀██▄█▄ █▄▀▄▀▀▀▀ █▄ █▄  ▄▄█▄█
█▄▄▄▄▄▄▄█▄█▄█▄▄█▄▄█▄█▄▄▄▄▄▄█▄█▄▄▄▄███▄██▄▄█████▄██▄▄▄█▄▄▄██

2025-08-29T19:50:35: 
2025-08-29T19:50:55: 🎯 QR Code detected! Displaying...
2025-08-29T19:50:55: 📱 Scan this QR code with your WhatsApp!
2025-08-29T19:50:55: 🔗 Or copy this link to scan:
2025-08-29T19:50:55: https://api.qrserver.com/v1/create-qr-code/?size=300x300&data=2%40xfQSsv6XSz3DWwzNGRvc%2BB9wLfQ48UVPwHytiPTvZAA6bQ4byyIZRci5LK0f7tb8j4%2Fo6na8tfj7t8vdb0FRgZrEnh1OAVWI774%3D%2CHHGIZfbWMOjmMiZID11JmOpRYW7PNXwcColi4jsuD04%3D%2CftwSU%2Fq16dVfqpXQFg8VbgW176sJ5BEoP4lOZ31y%2Fyo%3D%2CC1kxZ62DtXgqxO9I7QlOE%2Bw29h8WHAzdKmP1RHNpxv0%3D
2025-08-29T19:50:55: 
2025-08-29T19:50:55: ▄▄▄▄▄▄▄▄▄▄▄▄▄▄▄▄▄▄▄▄▄▄▄▄▄▄▄▄▄▄▄▄▄▄▄▄▄▄▄▄▄▄▄▄▄▄▄▄▄▄▄▄▄▄▄▄▄▄▄
█ ▄▄▄▄▄ █▀█▄▀▀▄▀▀▄▀▄ ▄ █▄▄ ▄▄█▄▄▄ █▄▄█▄▄    ███▄ ██ ▄▄▄▄▄ █
█ █   █ █▄▄▄ ████▄▄▄ █▄▄▄████▄▄ ▄█  █▄██▄██▀██▀▄ ██ █   █ █
█ █▄▄▄█ █  ▄▄ █▀██▄▄▀█▀█▀▄  ▄▄▄ ▀▄ ▀ ▄█▄ ▀  ▄█ ▀▄██ █▄▄▄█ █
█▄▄▄▄▄▄▄█ █ █▄█▄▀ █ ▀ █ ▀▄█ █▄█ ▀▄█▄█ █▄█ ▀▄█▄█ █ █▄▄▄▄▄▄▄█
█▄ ▀ ▀█▄ ▀   █▄▀█▄▄ ██▄ ▀█ ▄▄▄▄▄██ ▄ ▄█▄▄▄█▄ █ █▀██▄ ▄▀▄▄▀█
█▄█ ▀▄▀▄▄▀ ▀ ▀▀█▀▄▀▄▄▄  ▄█▀  ▄▀ ▄▄██▀▄▄ █▀ █ █  ▀▄▀▀█ ▀██ █
█ ▄▀█▀ ▄▀▀▄▀█ ▄█▄ █▄ █ ▀█▄ ▀▄ █▀▄ █▀ ▄ █ ▄▄█▀▄▀▀▄█ █▄▄█ █ █
█▄▄██▄▄▄▀█ █▄█ ██▀▀█▄ ██ ▀▄▄▀▄ ▄ █▄▄▄▀█▀▄ █▄▄█ ▀▀█ ▄█▄██▄▀█
█▄▀▄███▄▀▀ ▀▄ █ █▄▄▄▀▀ █ █ ▀  ▀▄█▄▀█▀ █▀▀█ █▀▄██ ██ ▄▀▀▀ ▄█
█▀▀ █▀█▄▄ ▄███▀▄█ ▀ ▄   ▀██▄ █  ▄  ▀▄▄█▄██ ▄▄▄▄█ ▀██▄▄▄██▄█
█ ▄▄▀ █▄█ █ ▄▄███ █▄ ██ ▄ ▄ ▄▄▄█ ███▀▄██▀ ▀▄ ▀█▄▀█▄▄   ▀▄▀█
█▀██ ▄▄▄█▀ ▀▀█  █ ▀▄▀ █▄▀▀▄█ ██▀▀ █ ▀▀▀▄█▀▄▀ ▀▀▄▀▄█▀█ ▀▄▄ █
█   ▀▀ ▄█ █▄▄█▀█ ▀  ██▀▄ █▀▄▄▄▀█▄▀██▀ ▀▄▀ ██  ▀▀▄█▀▄█ ▀▄ ▀█
█ █▄  ▄▄▄ █▀█ ▀▄██▀▀▄▀█▄ ▀  ▄▄▄ ▄ ▀▄█ █▀▀  █▄█ ██ ▄▄▄ ▄▄▄▀█
█ ▄ ▀ █▄█ ▀▀▀▀▀███▄█▄ ██ ▄▄ █▄█ ▄▄██▀ ▄  ▀▀██▄▄▄▄ █▄█  ▀▀ █
█ ▄▀█ ▄▄ ▄▀█ ▄█ ▀ █▀  █▀   ▄▄ ▄ ▄▄▄█▄ ██ ▄ ▀█▄█   ▄    █  █
█▀   ▀▀▄▄▀▄   ▀█▄█▄ █▄▄▄▄█ ██▄▄▄ █ ▄▄▄▄█  ▄█ ███ ▄▄█▄▄█▀█▀█
█  ▀███▄ ███▄▀█ ▄▄▀█▀▀██▀▄▀▀▀ ▀▄▄██▄▀▀▀▄ ▄▄█▄▄█▄ ▄▀  █▀▄ ▄█
█▀█▄█▄ ▄  ▄▄▄█▀█  ▄▄▀ █▄ ▄██   ▄ ▄▄▀▀▄▀▄▄▄ ▄  █▀▀▀▄█ ▀█▀█▀█
████▀█ ▄ ▄█ ▄▄█▄ ▄▄▀█ ▄▀▀▄ ▄ ▄█ █▄ ▄█ ▄▀████▄█ ▀▄█ █  ▀█ ▄█
█▄█ ▄ ▀▄ ▄██▀▄▄  ▄  ▀▀▄▀ ▄ ▄██▄ ▄  █▄▄▄▀▄█▀▄▀ ▄██▄▀▄█▄▄▀ ▄█
█  █▀▄ ▄█▀▄ ▄▀▄▄▀██▄ ▀ █▄▀█ ▀▀  ▀ ▄ ▀▀ █▄▀█▄▀██▀██▀ █ █▄▄▄█
█  █▄▀▄▄▄█▀ ▄▄ ▀▄▄▄▄█▄ █▄█ █▄▄█▄██▄█▀ █▄ ▄▄█▄▀█▄▄▄ ▀██▄█▀ █
█ ▀ ▀▀▄▄▄ ██   █▄▄█▄ █▀   ▄█▀▄▄▄  █▀▄▄█  ▀███▄▄█▄▀▀▄█ ▀██▄█
███████▄▄▀█ ▀█ ▄ ▀  ▀█▄  █▄ ▄▄▄ ▄▄█ ▄ ▀█▄ ███ █ ▀ ▄▄▄ ▀▀▄ █
█ ▄▄▄▄▄ █▄▀█ ▀ ▀███ ▀▄█▄▀▄  █▄█ █ █▄█  █  ▄▄█▀███ █▄█ ▀▄ ██
█ █   █ █▀████▄▀█▀▀ ▀  █▀ ▀ ▄▄  ▀  ▄▀▄█ █▀▀██▄███▄▄ ▄▄▄▀ ▀█
█ █▄▄▄█ █▀▀█▄▄▀ ██▀█▄▄█▀█▀▄█ ▄█▀██▄██ █▄▀▄▀▀   █▄ █▄ ▄▄▄█▄█
█▄▄▄▄▄▄▄█▄███▄██▄▄█▄█▄▄▄▄▄▄█▄▄▄▄▄▄███▄██▄▄█████▄██▄▄▄▄▄▄▄██

2025-08-29T19:50:55: 
2025-08-29T19:51:15: 🎯 QR Code detected! Displaying...
2025-08-29T19:51:15: 📱 Scan this QR code with your WhatsApp!
2025-08-29T19:51:15: 🔗 Or copy this link to scan:
2025-08-29T19:51:15: https://api.qrserver.com/v1/create-qr-code/?size=300x300&data=2%40uZksOhmSu2XXHNZhHEEqrrgF5S3o3%2BCR7qV4su9mzIXrSRtss73ez5HDXho2aTvVK%2BBTtyl%2BEMW8tEM5qUZMs9bY9DtKxUwzl04%3D%2CHHGIZfbWMOjmMiZID11JmOpRYW7PNXwcColi4jsuD04%3D%2CftwSU%2Fq16dVfqpXQFg8VbgW176sJ5BEoP4lOZ31y%2Fyo%3D%2CC1kxZ62DtXgqxO9I7QlOE%2Bw29h8WHAzdKmP1RHNpxv0%3D
2025-08-29T19:51:15: 
2025-08-29T19:51:15: ▄▄▄▄▄▄▄▄▄▄▄▄▄▄▄▄▄▄▄▄▄▄▄▄▄▄▄▄▄▄▄▄▄▄▄▄▄▄▄▄▄▄▄▄▄▄▄▄▄▄▄▄▄▄▄▄▄▄▄
█ ▄▄▄▄▄ ██  ▄██ █ █ █▄█▀ ▄▀▄▀▀▀ █   ▄ █▄ ▄▀▄▀  ▄ ██ ▄▄▄▄▄ █
█ █   █ █▀▀▀▀▀▀▀▀▀▀ ▄▀▀▀▀ ▀▀ ▀▀▄  ██▀ ▀▀ ▀ █▀▀▄▄ ██ █   █ █
█ █▄▄▄█ █▄▀▄█▀ ▄ █▄ ▄ ▄█▀ █ ▄▄▄ ▄▄█▀▄█ ▀▀▄ ▄█▀█▀▄██ █▄▄▄█ █
█▄▄▄▄▄▄▄█▄█ ▀ █▄█▄▀▄▀ ▀▄█ █ █▄█ ▀▄▀ ▀▄█▄▀▄█ █▄▀▄▀▄█▄▄▄▄▄▄▄█
█ ▄███ ▄▄▀▄ ▄█ █ ▀▀▄▀▀▀█▄▀▄▄    ▀▀█▀█ ▀ ▀▀  ▄▀█ ▀ ▀▀▀▄▄▀▀██
█  █▄█ ▄▀█ █  ▄ ▄▄▀ ▀▀█ ▄▀▀█▀▄▀▄▀▀▄█▀ ▀█ ▀▄██ █▄▀ ██▄▄▀▀ ██
█▄█▄▄██▄ █▄▀ ▄██▀▄  ▀███  ▀▀▀▄ ██ ▀██ ▄██    ▄ ██▀▀█▀ ▄ ▄ █
█ █▀▀▀▀▄▄ █ ▀▀▄▀ ▄█▀ ▄▀███  ▄ ▀ ▄▀▀▀▀█▄▄▀██ ▄▀▀▀  ▄  ▀▀▀ ██
█▀█▄███▄▄▄█▀▄▄ █▀▄▄▄▀█ ▀ ▀█▄█ ▄  ▀▄██  ▄██▄▀▄▀▀█ ▀ █▀▀ ▄███
██ ▀▄█ ▄█ ▀▀ ▀ ▄ ▄▄▄▄ █▄█▀▄▄█▀██▀ ███████ █▀▄▀  ██ ▀▀ ▀▀▀ █
█▀▄ ▄▀ ▄▀▄ █▀ ▀▀ █  ▄▀ █▀▄ ▄▀▀▀▀▄▀  ▀▄▀▀██▄ ▄█ ▀▄▀  ████▀▄█
██  ██▀▄ ▄█ ▄█▄█  ▀ ▄█ ▄▀█▀ ████▄█  ▀▄▄▀ ▀▄██▄▄▄▀ ▀▄▄ ▀ ▀██
█▄▀ ▄▀▄▄▄▀▄▄▀▄█████▄▄█▄ █▀▄▄▀ ▄▀█▀ ▀▄▄ ▄▄▄ ▀▀ ▄█▀▀▀▄▄▄▄ ▀▀█
█▄▀ █ ▄▄▄ █▄  ▀▄  ▄█ █ ▀██▄ ▄▄▄  ▄▄▀ ▄▀▀▄█▀▀ ▀█▄█ ▄▄▄ ▀  ██
█▄▀█▄ █▄█ ▄▀▀█▄▄ █▄▀▀█ █  ▀ █▄█ ▀▀▄▄▀▄ ██▀   ▀ █▀ █▄█  ▀▄██
█▀▄  ▄ ▄  ▄▀█ ▄ ▄▄▄▀▀   █▄   ▄ ▄█▄▀▀█▄█ █▄▄▄ ▄▀ ▀▄▄▄    ▀ █
██▄▀█▄▄▄▀█▀██▄█▀▀▀▄▄▀▀██ ▀▄▀ ▀▀ ▄▀█▀▄▄▀▀▀▀   ▀█▀▀▀ ▀▀  ████
█▀█▀▀██▄█  █▄█ ███▀▀ █ █▀ ▄▄▄ ▀ ▀  ▄▀█▄▀  █▀ █▀▄▀ ▄██ ▀ ▀▀█
█  ▄  █▄▀ ▀ ▄▀ ██▄▀     █ ▄██▄ ▀▄ ▀█ ▄ ▄█ █ █  █▄█████ █▄▀█
█▀▀▀▄ █▄▄ ██▄▀ ██▀▀█▀▄▀▄▄ ▄ █▀▄▄ ▀█▀ █ █ ▀ ▀  █▄▀▀▄▀██▄▀▄ █
█  █▀▀▀▄█▀  ▀█▄▄█▄ ▄▄▄▀▀  █▀ █▄▄▀███▄ ▀▄▀█▀ ▄█▀██ █▄ ▄ ▀█▀█
█▄▀█▄▀▄▄▄▀██ ▀▀▄▄▀  ▀▀█▀▀█▄ ▄██▄  ▀▄▄███▀█   █▄▀ ▀█  ▄▀ █▄█
█▄▄█▀▄█▄▀█▄▄▀ ▄▄▀▀▀ ▀ █ ▀▀▄█▀▀  ▀▀▀ ▄▄▄ █▀   █ ▀▀█      █▄█
█ ▀ ▀▀▄▄ █ █ ▄█ ▀▄ ██ ▀█ ▄▀ ▄▄▄ ██▀  ▄ ▄▀▀▄▀ █ ███ ██▀▀  ▀█
███████▄█  ▄▄▀▀▄ █ ▄██▀ ▀▀█ ▄▄▄ █▄ ▄▀▄▀▄ ▄ ▀▀▄▀▄  ▄▄▄ ███▄█
█ ▄▄▄▄▄ █ ▄ ██▄█▄  ▄█▄ ▀█▀▄ █▄█ ▀  ▀▄▄▄  ▄  █▀▀ ▀ █▄█ ▄ ▄██
█ █   █ ██ █  ▀▄ ▀▀▄▄███▀▄▄▄   ▄ ██▄ ▄ █▀█▀▀▄█ █▄  ▄▄ ▄█▄██
█ █▄▄▄█ █▀█▄▄█▀▄ ▀▄▀█▄ █ ███▀▄ █▄▄▀▀ ▄▄▄▄ ▄█ ▀█▀▀▄▄▄█ ▀ ▄▄█
█▄▄▄▄▄▄▄█▄▄██▄████▄▄█▄███▄▄██▄█▄▄▄▄▄▄▄████▄███▄█▄█▄▄▄▄█▄▄██

2025-08-29T19:51:15: 
2025-08-29T19:51:35: 🎯 QR Code detected! Displaying...
2025-08-29T19:51:35: 📱 Scan this QR code with your WhatsApp!
2025-08-29T19:51:35: 🔗 Or copy this link to scan:
2025-08-29T19:51:35: https://api.qrserver.com/v1/create-qr-code/?size=300x300&data=2%40WPsEy%2FthqEmlS7P9ImiNvsBLfgyh1%2BrUK9FvtzO5xGGxMAm2uLkHigZg6jiSzHoYqOgC2C%2FHNj4zV0A0XOCXKrgHJmXC%2FeRFwGs%3D%2CHHGIZfbWMOjmMiZID11JmOpRYW7PNXwcColi4jsuD04%3D%2CftwSU%2Fq16dVfqpXQFg8VbgW176sJ5BEoP4lOZ31y%2Fyo%3D%2CC1kxZ62DtXgqxO9I7QlOE%2Bw29h8WHAzdKmP1RHNpxv0%3D
2025-08-29T19:51:35: 
2025-08-29T19:51:35: ▄▄▄▄▄▄▄▄▄▄▄▄▄▄▄▄▄▄▄▄▄▄▄▄▄▄▄▄▄▄▄▄▄▄▄▄▄▄▄▄▄▄▄▄▄▄▄▄▄▄▄▄▄▄▄▄▄▄▄
█ ▄▄▄▄▄ █▄ ▀▀▀▄█▀▀ █▀█▄▀▄▄ ▀▀ ▄▄▄█▀▀▄█▄▀▄▀ ▄██ ▄ ██ ▄▄▄▄▄ █
█ █   █ █ ▄▄▀▄ █▄█▀▀██▄▄ ▀ ██▄▀█▀▄     ██▄ ▄ █▀▄ ██ █   █ █
█ █▄▄▄█ █▄▄ ██▄█▀▀██ ▀█▀ █▀ ▄▄▄ █▄▄██ ▄ █ ▀▀  ▄▀▄██ █▄▄▄█ █
█▄▄▄▄▄▄▄█▄▀▄▀▄█ █▄█ ▀▄▀▄▀▄█ █▄█ ▀ ▀ █ █ ▀▄▀▄█ ▀▄█ █▄▄▄▄▄▄▄█
█ ▄  ▀█▄█▄▀▄▀▀▀▀█▄▀█ █▄ ▄ ▀▄▄▄   █ ▄█▀ ▄▄▄ ▀██ █▄  █▀▄▄ ▀ █
██▄▄█▀▀▄▀▄ ▀ █ ▀█  ██ ▄▄█▄▄█▄  ▀█ █▀ ██ ▀██ ▀▀   ▄▀▄▀▄ ▄▄▄█
█ ▄  ▄ ▄█▄▀ █ ▄ ▀██▄  █▄█▄ ▄▀▀█▀▄█ ▄ ▄▀▀█▀▄▄▀▀▀██▄  ▀██▄███
█ ▄ █▄▀▄▄█ █▀ ███▀▄█▀  ██▄▀▄ ▄████ ▄█ ▄▄▄▄█▄▀█▀█▄▀█▄▄▄  ▀▀█
██▀▀▄▀▄▄ █▄██▀▄▄▀ █▀██▄█▀▄▀█▄▄ ▄▄ ▄ ▀▀ █ ▀▀▄▄ ▀▀▀▄▄▄ █ ▀▀ █
██▄██▄▀▄▄█▀ ██▀▀▄▀▀ █▄██▀██▀█ ▀  ██▄  █ █▄ █▀█ ▀ ▀█▄▀▀▄█ ██
█  ▄▀▀█▄  █ ▄  ██  ▀███ ▀█▀ ▄▄▀ █▀██▀▀ █▄ ▄▀▄██▄▄ ██  █▄▀ █
█ ▄▀▄▄▄▄▄▀▄▀█▄▀▄▀▄ █ ▄▀   █▀▄▀▄  ▄▀▄ ▀  ▀██ ▀▄█  ██▀█  ██▄█
█  █▄▄▀▄▄▀ ▄▄▄█▄█▄  █ ▄▀ ███▀▀▀█▄▄  ▀ ▀▀▄███ █▄▄▄▄▀ ▀▀▀▄ ▄█
██ ▄  ▄▄▄ ▀▀▄ ▄ ██▄▄▀▀█▄█▄▄ ▄▄▄ ▀ █▄ █ █▀ ▀▄▀█▄▀▀ ▄▄▄ ▀▀▀▀█
█▀█   █▄█ ▄█  █ ▀▀█▄█▄▀▀▀██ █▄█ █  ▀ ▀██▄█▀█▄  ▀  █▄█ ██ ▄█
██▀ ▄  ▄ ▄▄  ▄██▄█▀▀ █    ▀  ▄▄ ▄▀ ▀▄ ▀▄█▀▀██▀▄▄▄ ▄▄   █ ██
█ ▄▄▀▀▄▄ █▄ ██▄██▄▄█▀█ ▄▄ ███▄▀▀██ ▄▄█▀▄  ▀ ▀▀ ▄█▀▀██▄ ▄▄██
█  █▀▀▄▄▀▄▀▀█ ▄▄█▄ ▄▄█▀▀▀▀ ███ ██▀▀ ▀▀▀▀▀▄▄▄▄█  ▀█ ▄▄  █▄▄█
██▀▀ ▀ ▄ █▀▀▄▀▀ ██▄▄▀█ ▀ ▄█ ██▄▀▄█▀▄▀▄▀▀█▀ ▄ █ ▄▀▀▄ █▄█▀███
█  █▀██▄█▄▄█▄███ ▄▀▄  ▄▀▄▀█▄ ▄▀█▀█ ▄▀▄▀▀▄▄  ▀█ ▀▀ ██  ▄ █▄█
██▄▄   ▄▀ █▀▄█▄ ▄ ▀▀ █ █▀█▀ ▀▀█▀█▄▄▀████ ▀ █ ▄ ▀▄█▄▀▀ ▀▄▀ █
█   ▄▀▄▄█▄ ▄   ▀▄ █▄ ▄█ ▄▀▀█▄▄  ▀██▀▀▀  ▀▄▀ ▀   █▀ █ █▄█▄▀█
████▀ ▄▄▀██ ▀▀▄▄▄▄▀▀ ▄ █▀ ▄ ▄▄ ▀ █ █▄█▀▄ ▄ ▀▀▀█▄██▄ ▀█▄▀▄ █
█ ▀ ▀▀▄▄ ▀▀▀▀▀▀▀   ▄▀▀█ ▀▀███ ██▀▄ ▄██▄█▄▀ █ ▄▄▀ ▀█ ▄  ▄▄ █
███████▄▄  █▀█ ▀▀▄▄▄▀ █▀██▄ ▄▄▄ ▄▀ █   ▀██▄█▄▀ █▀ ▄▄▄ ▀  ██
█ ▄▄▄▄▄ ██▀██▄█▀ █ ██▀█▄▄▀█ █▄█ ▄▄█▄█████▀▀▀  ▄▄▀ █▄█ ▄▀▀██
█ █   █ █▀▀▀  ██▀█ ▀ ▄▄▀ ▀ ▄ ▄  ▄▄▄ ▀█▄▄▄█ ▄█ ▀▀▄▄▄▄ ▄█ ▀██
█ █▄▄▄█ █ ▄  ██▄  ▀█▄▀ ▄█▀▄ ▀██▀█ ▀ █▀█▀█ ▀▀▀██ ▄ █▀██▄▄█▀█
█▄▄▄▄▄▄▄█▄██▄▄▄█▄▄▄█▄▄▄▄████▄▄███▄██▄█▄█▄▄▄▄▄██▄▄▄█▄█▄█████

2025-08-29T19:51:35: 
2025-08-29T19:51:55: 🎯 QR Code detected! Displaying...
2025-08-29T19:51:55: 📱 Scan this QR code with your WhatsApp!
2025-08-29T19:51:55: 🔗 Or copy this link to scan:
2025-08-29T19:51:55: https://api.qrserver.com/v1/create-qr-code/?size=300x300&data=2%40Xa%2B%2BKdFUz5lGT5MtfQ%2FJB0jLREIX8q1BfIRJcpwUSzlwprZxRR9RaXPfHEMH81XaSnEPB%2Fh1IEjfsAzfHLJAtn9f%2BwW1kLflF7U%3D%2CHHGIZfbWMOjmMiZID11JmOpRYW7PNXwcColi4jsuD04%3D%2CftwSU%2Fq16dVfqpXQFg8VbgW176sJ5BEoP4lOZ31y%2Fyo%3D%2CC1kxZ62DtXgqxO9I7QlOE%2Bw29h8WHAzdKmP1RHNpxv0%3D
2025-08-29T19:51:55: 
2025-08-29T19:51:55: ▄▄▄▄▄▄▄▄▄▄▄▄▄▄▄▄▄▄▄▄▄▄▄▄▄▄▄▄▄▄▄▄▄▄▄▄▄▄▄▄▄▄▄▄▄▄▄▄▄▄▄▄▄▄▄▄▄▄▄
█ ▄▄▄▄▄ ██  ▄█▄▀█▄▄ █ █ █▄▀▄▀▀▀ █ ▀▄▀▀  ▀█▀▄█▄ ▄ ██ ▄▄▄▄▄ █
█ █   █ █▀▀▀▀▀▀▀  ▀ ▄▀▀▀▀ ▀▀ ▀▀▄  ██▄▀▀▀ ▀ █▀ ▄▄ ██ █   █ █
█ █▄▄▄█ █▄▀▄ █ ▄ █▄ ▄ ▄█▀ █ ▄▄▄ ▄▄█▀▄  ▀▄  ▄▀██▀▄██ █▄▄▄█ █
█▄▄▄▄▄▄▄█▄█▄█▄█▄█▄▀▄▀ ▀▄█ █ █▄█ ▀▄▀ ▀▄█▄▀▄█ █▄▀▄▀▄█▄▄▄▄▄▄▄█
█ ▄██▀ ▄▄█▄█▄▄ █ ▀▀▄▀▀▀█▄▀ ▄    ▀▀█▀█ ▀ ▀▀  ▄▀█ ▀ ▀▀▀ ▄▀▀██
█  █▄▄▀▄▀▀▄▀ █▄ ▄▄▀ ▀▀█ ▄▀▀██ ▀▄▀▀▄█▀ ▀▀ ▀ ▀█ ▀▄▄▀██▄█▀▀ ██
█▄█  ██▄█▀▄▄ ▄██▀▄  ▀███  ▀▀█  ██ ▀▄█  ▄█  ▀ ▄▀▄█▀▀█▀   ▄ █
█▄▀ ▄▀▀▄▄▀█ ▀▀▄▀ ▄█▀ ▄▄███  ▄ █ ▄▀ ▀▀█▄▀▀▀  ▄▀▄ ██▄      ██
█▀▀█ ██▄▄▄█▀▄▄ █▀█▄ ▀▄ ▀  █▄█ ▀  ▀███▄ █▀▀▀ ▄▀▀█ ▀ █▀▀ ▄███
█ ▀█ █ ▄█ ▀▀ ▀ ▄█▄▄▄▄▄█▄▄▄▄▄█▀███ ██▀▄▄██ ▄▀ ▀▀▀██▄▀▀ ▀▀█ █
██▀ ▄ ▀▄▀▄ ██▀▀▀ █  ▄▀ █▀▄ ▄▀▀▀▀▄█  ▄ ▀▀█▀▄  ▀ ▀▄▀  ████ ▄█
██  █▀ ▄▄  ▀ █ █  ▀ ▄█ ▄▀█▀ █████▄  ▀█▄▀ ▀▄█▄▄▄▄▀ █   ▀ ▀██
█▄▀ ▄▄▀▄▀▀▄ ▀▄█▀███▄▄█▄ █▀ ▄▀ ▄▀█▀ ▀▄▄ ▄▄▄ ▀▀ ▄█▀▀▀▄▄▄▄ ▀▀█
█▄▀ █ ▄▄▄ ▀▄  █   ▄█ █ ▀██  ▄▄▄  ▄▄▀ ▄█▀▄██▀ ▀▀▄▀ ▄▄▄ ▀  ██
█▄▀█▀ █▄█  ▀▀█ █ █▄▀▀█ █  ▀ █▄█ ▀▀ ▄▀▄▀▄█▀▄  ▀ █▄ █▄█ ▄ ▄██
█▀ ▄▄▄▄▄  ▄▀█ ▄ ▄▄▀ ▀  ██▄▀  ▄ ▄█▄ ▀█ ▄ ▀  █▄▄▄ ▀▄▄▄▄   ▀ █
█▄  ▀▄▄▄█▀▀██▄█▀█ ▄  ▀▀▀ ▀▄▀▀ ▀ ▄▀█▀▄   ▀██▀▄▀  ██ ▀▄ ▀▄███
█ ▀█ ██▄▄█ █▄█ █▄▀▀▀█▀ ███▄▄█▄▀ █▄ ▄ ██▀  ▄▀▄▄ ▄▀ ▄██ ▀  ▀█
█▀▄▄  █▄▀ ▀ ▄█ ██▄▀     █ ▄██▄▀▄█ ▀█▄  ▄▄ █ ▀▄ █▄█████ █▄ █
█▀▀▀▄ █▄▄ ▄▄ █ ██▀▀█▀▄▀▄▄ ▄ █▀  ▀▀█▀▀█ █ ▀ ▀ ▀█▄▀▀▄▀██▄▀▄ █
█  █▀  ▄█▀▄██▀▄██▄ ▄▄▄▀▀  █▀ █▄▄▀███▄ ▀▄▀█▀ ▄█▀██ ▄█ ▄▄██▀█
█▄▀█▄▀▀▄▄▀▀ ▄█▄█▄▀  ▀▀█▀▀█▄ ▄██▄  ▀▄▄█▀█▀█ ▄ █ █ ▄█▄ ▄  █▄█
█▄▄▀▄▄▄▄▄▀▄▄▀ ██▀▀▀ ▀ █ ▀▀█▀▀▀  ▀▀  ▄▄ ▀█▀ ▀ █▀ ▀  ▀  █▀█▄█
█ ▀ ▀▀▄▄▀▄ █ ▄█ ▀▄ ▀█ ▄▀ ▄  ▄▄▄ ██ ▀▄▄▀▀█▀█▄▄█▀█▄█▄▀▀ █▀ ▀█
███████▄▄▀ ▄▄▀▀▄███ ▀▄█ ▀ █ ▄▄▄ █▄ ▄█▄ ▄▄ ▀ █▄ █▄ ▄▄▄ ▄█▀▄█
█ ▄▄▄▄▄ █ ▄ ██▄█▄█ ▄▄▀ ▀█▀▄ █▄█ ▀  ▀  █ █▀▀▀▀▄ ▀  █▄█ ▄  ▀█
█ █   █ ██ █▀▀▀▄ ▀▀▄▄███▀▄▄▄ ▄ ▄ ██▄   ██▀▀▀██ ██  ▄▄ ▄████
█ █▄▄▄█ █▀█▄▀█▀▀ ▀▄▀█▄ █ ███▀▄ █▄█▀▀ █▄▄▄▀▄█▀ █▀▀▄▄▄ ▄▀ ▄▄█
█▄▄▄▄▄▄▄█▄█▄▄██▄██▄▄█▄███▄▄████▄▄▄▄▄▄▄████▄███▄█▄█▄▄▄██▄▄██

2025-08-29T19:51:55: 
2025-08-29T19:52:15: {"level":30,"time":"2025-08-29T18:52:15.645Z","pid":18040,"hostname":"LAPTOP-R3IJ5HFS","class":"baileys","trace":"Error: QR refs attempts ended\n    at Timeout.genPairQR [as _onTimeout] (C:\\Users\\55519\\Desktop\\DIGITAL MARKETING\\SAAS AND APP DEVELOPMENT\\Caio Website Personal Brand\\caio_personal_brand_current_one\\node_modules\\@whiskeysockets\\baileys\\lib\\Socket\\socket.js:485:21)\n    at listOnTimeout (node:internal/timers:588:17)\n    at process.processTimers (node:internal/timers:523:7)","msg":"connection errored"}
2025-08-29T19:52:15: 🔄 Scheduling reconnect attempt 1/10 in 5s...
2025-08-29T19:52:20: 🚀 Starting WhatsApp service...
2025-08-29T19:52:20: 📱 WhatsApp service started. Waiting for connection...
2025-08-29T19:52:21: {"level":30,"time":"2025-08-29T18:52:21.130Z","pid":18040,"hostname":"LAPTOP-R3IJ5HFS","class":"baileys","browser":["Chrome (Linux)","",""],"helloMsg":{"clientHello":{"ephemeral":"ulBvbxnOfdqxB+R02/JSZ72QnKB0S35CoVs/y7uffUE="}},"msg":"connected to WA"}
2025-08-29T19:52:21: {"level":30,"time":"2025-08-29T18:52:21.272Z","pid":18040,"hostname":"LAPTOP-R3IJ5HFS","class":"baileys","node":{"passive":false,"userAgent":{"platform":"WEB","appVersion":{"primary":2,"secondary":3000,"tertiary":1023223821},"mcc":"000","mnc":"000","osVersion":"0.1","device":"Desktop","osBuildNumber":"0.1","releaseChannel":"RELEASE","localeLanguageIso6391":"en","localeCountryIso31661Alpha2":"US"},"webInfo":{"webSubPlatform":"WEB_BROWSER"},"connectType":"WIFI_UNKNOWN","connectReason":"USER_ACTIVATED","devicePairingData":{"eRegid":"AAAAyQ==","eKeytype":"BQ==","eIdent":"t5DRB7coRo1J48cj4YKv2thNWM9dp3lrIm0+zbjw23Q=","eSkeyId":"AAAB","eSkeyVal":"5cwj6tLTMm218H+leoehh0F7NVlags3uNcwO5m5gvC4=","eSkeySig":"XWa4IAADvZOcGHrlfAJkNuXFCxxaIJ5YxYlidiYSefHL2eeVZbfObJ7uE7vfKL7s4+z0z8cNVnlv0QZehAi6Aw==","buildHash":"c9lQeUMlTdrMrIi/+YcPiA==","deviceProps":"Cg5DaHJvbWUgKExpbnV4KRgHIAA="},"pull":false},"msg":"not logged in, attempting registration..."}
2025-08-29T19:52:21: 🎯 QR Code detected! Displaying...
2025-08-29T19:52:21: 📱 Scan this QR code with your WhatsApp!
2025-08-29T19:52:21: 🔗 Or copy this link to scan:
2025-08-29T19:52:21: https://api.qrserver.com/v1/create-qr-code/?size=300x300&data=2%40Ck6v1CWI6MPiGXlaQ7sRSlQROrW%2FU%2FNAeMAuLrV94cQKLlxwU9QqIocRgaGBPtd9RZQKG%2BNMmYjQ0E%2BXfv%2BKVbL3xSDEv%2FqG%2BV8%3D%2CUCglg5FGmhJIoKkGh4AI%2FB1uhGaRetUD1L0FrrzVnlc%3D%2Ct5DRB7coRo1J48cj4YKv2thNWM9dp3lrIm0%2Bzbjw23Q%3D%2CLHlDs2biK7UDzQITEH06S42Z2yehNTc8srTUxMavHKg%3D
2025-08-29T19:52:21: 
2025-08-29T19:52:21: ▄▄▄▄▄▄▄▄▄▄▄▄▄▄▄▄▄▄▄▄▄▄▄▄▄▄▄▄▄▄▄▄▄▄▄▄▄▄▄▄▄▄▄▄▄▄▄▄▄▄▄▄▄▄▄▄▄▄▄
█ ▄▄▄▄▄ █▀▄██▄ █▀ ▀█▄ ▄▀█▄▄▄▀▀  ▀ █▄██▄▄█ ▄▄▄▀█▄ ██ ▄▄▄▄▄ █
█ █   █ █▄▄█ ▄██▄▄█▄▀█▄██▄████▄█▄▄  ▄▄ █▄▄█ ▄█▀▄ ██ █   █ █
█ █▄▄▄█ █ ▄▄█▀▀▄██ ▀▀█▀ ▀▄  ▄▄▄ ▄▄█▀ ▀▄▄ █▄ ▀  ▀▄██ █▄▄▄█ █
█▄▄▄▄▄▄▄█ █ █▄▀▄▀ ▀▄▀ ▀▄▀▄█ █▄█ ▀▄█▄█ █ █▄█▄▀▄▀ █ █▄▄▄▄▄▄▄█
█▄ ▀ ▀█▄▄▀██▀█ ███▀▄██▄ ▄█ ▄▄▄▄▄██ ▄▄ ██▄▄▄▄ ▀██▄▄█▄▄▄▀▄▄▀█
█  ▀▄▀█▄██▀█▄▀▀█▀▄▀▄▄▄  ███ ▄▄▀▀▄▄█▀    ▄▀████▄▀█▄ █▄ ▀█▀ █
█ ▄███▀▄█▀█▄█▀▄█▄▀█▄▄█ ▀█▄█ ▄▄█▀▀▄█▀▄ ▀█▀▄ ▄█ ▄ █▄▀█▀▄▀▄▄▄█
█▀█▀▀  ▄█▄▄▀▀▀█ ▄▄█ ▀▄██▀▀██▀▄ ▄  ▀ ▄███▀███▀█▄▄▄█ ▀ ▄█▄▄██
█▀█▄▀██▄  █▄  ▄▄█▄▄ █ ▄█ ▄ ▄  ▀██▄▀█  █ ▄▀▀██▄ █▄█  ▄█▀ ▄ █
█  ▀ ▄▀▄ ▀█ ▀ ▀▄█ ▄▄▄█▀▀▄█ ▄▄█▄▄▄▄ ▀▀▀▄▀█ ▀██▀███▄▄█▄▄▀▄▄ █
█▄▀█▀▄▄▄ ██ ▄▄███ ▀  ██ ▄ █  ▄▀█▄███▄▄██ ▄██ ██▄▀█▄█  ▀▀█ █
██  ▀  ▄ ▀ █▀█▄▄█ ██▀ ▄▀▀▀▄█   █▀ ▄ ▄ ▄█▄▄██▀▀  ▄█▄▄▀█▀█▄ █
█▄  ▀█▄▄▀██▄▀▀▀██▀  ███▄███ ▄▄█▄▄▀██▄  ▄   █▄▄▀▀ █ ▄ ▄ ▄▄██
█▀█▀  ▄▄▄ █▀█▀▀ ▀█▀▀▄▀█▄ ▀▄ ▄▄▄  ▄▀▄ ██  ▄██▀▄ █▀ ▄▄▄ ▄▄▄██
█ ▄██ █▄█ ▀ █▄ ▀█▄▄█▄ ██▀█▄ █▄█ █▄▄█ ▄█▀▄█ █▀▄███ █▄█ █ █▄█
█ █ ▀▄ ▄▄ ▀██ ▄▀▀▀█▄ ▀█  ▀▀▄▄ ▄ ▄ ██▀▀ ██  ██ ▀█▄▄ ▄▄▄▄██▄█
█ ▄█▀ █▄ ▄▀▄▀█▄█▄█▀▄█▄▄ ██ ███▄▄▄▀ ▄▄ ▀▄ ▄▄█▀▀▄█ █ ▀▄█ ▄▄██
█▄█  ▀ ▄  █ ▄ ▄▀▀█████ ██ ▄▀██▀▄▄▄█▄ ▄ ▀▀ ▀ ▀▄▄█ █▀▄█▄▀▄▀▄█
█▄▀▀█  ▄▄▄▄ ▀▀ █   ▄▀    ▄█▀     ▄█ ▄  █▄▄▄█▄▄▀ ███▄█ ▀▄█ █
█ ▄▄ █▀▄█▄  ▄█▄█ ▄▀██ ▀ ▀▄ ▀ ▄▄ ██▀█▀█▀▄█▄▀ ▀  █▄ █▀█▄█▄ ▄█
█▀▀▀▀ ▄▄▀▄▄ ██ █ ▄▄▄▀▀█▀ █ ▄█▄ ▄▄  █▄▄█  ▀▀▄█ █▄█ ▄▄▄▄█▄▄ █
█  █▀█▀▄██ ▀█▄▀▀ ▀█▄▄▄ █ ▀▀  ▀ ▄▀▄▄ ██▄██▄ █ ▄ █ ▀ ▄▀▀▄█  █
█▀▀█▀ ▄▄▄▀█▄▀▀▄▀▄▄▄▄▀▄ █▄▄▀▄█▄ ▄ ▀▄▄▀▄█▄█ ██ █▄▄▄▄█▄█▄▄█ ██
█ ▀ ▀▀▄▄▀▄  ▀▄▄  █  ▀▄██ ▀█▀█▄▀ ▀▀█▀▄▄█▄▄   █▄▀▀▄ ▀▄  ▄██ █
███████▄▄  ▀  █▄▄  ▄▀█  ▄██ ▄▄▄  ▄█ ▄▄ █▄▄▀▄▄ █ █ ▄▄▄ ██ ▄█
█ ▄▄▄▄▄ █▄▀▀▄▄▀ ▀██  ▀█▄▄   █▄█  █      █▄▀█▄████ █▄█ ▄█▄██
█ █   █ █▀███▄▀██▀▄ ▀  █▀ ▀▄▄   █ ██▀  ▀ ▀▀██▄▄█▀▄▄▄▄ ▄▀ ▀█
█ █▄▄▄█ █▀█▄▄▄▀▄██ ▄▄▄█▄█▀█▄█ █▀▄██▄ ▄ ██▄▀█▄ ▀▄  ▀██▄▄▄█▄█
█▄▄▄▄▄▄▄█▄▄▄▄█▄█▄██▄▄█▄▄▄█████▄▄▄▄███▄█▄▄▄██▄█▄▄█▄█▄███▄▄██

2025-08-29T19:52:21: 
2025-08-29T19:53:21: 🎯 QR Code detected! Displaying...
2025-08-29T19:53:21: 📱 Scan this QR code with your WhatsApp!
2025-08-29T19:53:21: 🔗 Or copy this link to scan:
2025-08-29T19:53:21: https://api.qrserver.com/v1/create-qr-code/?size=300x300&data=2%40FhcYz%2BABI%2FMX8svexhnJALfKYapTzaUPTEyYlU6SIqCIoyjbT3oTOMFbU4tfHh1DDuZTVhEc0z0NAuwhHWad4Leu3ciBGPLWBqw%3D%2CUCglg5FGmhJIoKkGh4AI%2FB1uhGaRetUD1L0FrrzVnlc%3D%2Ct5DRB7coRo1J48cj4YKv2thNWM9dp3lrIm0%2Bzbjw23Q%3D%2CLHlDs2biK7UDzQITEH06S42Z2yehNTc8srTUxMavHKg%3D
2025-08-29T19:53:21: 
2025-08-29T19:53:21: ▄▄▄▄▄▄▄▄▄▄▄▄▄▄▄▄▄▄▄▄▄▄▄▄▄▄▄▄▄▄▄▄▄▄▄▄▄▄▄▄▄▄▄▄▄▄▄▄▄▄▄▄▄▄▄▄▄▄▄
█ ▄▄▄▄▄ █▀█ ▀ ▀███▄ ▄▀█▄█ ▄█ ▄▄▄▀▀█▀▄ ▄█▀▀▀▄▀█▄▄ ██ ▄▄▄▄▄ █
█ █   █ █▀█▄█▄▀█▄█  ███▄  ▀█▄▄▀▀ █▀▀  ▄█▄█ ▄ ▄ ▄ ██ █   █ █
█ █▄▄▄█ █▀▀ ▀▄▄▀▄█ █▄   ▀ █ ▄▄▄ ▀▀▄▀▄ ▀▀▄▄▄▄ █▀▀▄██ █▄▄▄█ █
█▄▄▄▄▄▄▄█▄█▄█ ▀▄▀▄█ ▀ ▀ █ █ █▄█ ▀▄█ ▀▄█ █ ▀ ▀▄▀▄▀▄█▄▄▄▄▄▄▄█
█ ▄  ▄▀▄   ▄ █▄█▄▄▄ ▀██▀▀▀▄▄▄▄  ▀█▀█▀▄▀███▀ ▄▀▄▄ ▀▄█▄▀▄▀ ▀█
█▄█▄█▀▄▄██▄▀▀█▄  ▄▀ ▀▀▀ █▀ ▄▀▄▀█▀▀▄█ ▄█▀█▀██  █▀▄ ▄ ▄▀▀▀▄██
█▄▄▀▄ █▄▄▄ ▀▀█▄▄█▄▀ ▄▄▀▄▀ █▀██▀█▀███ ▄ ▄ ▀▀ █▀█▄█▀▀▄███▄▄██
█▀▄▀▀▀█▄▀▄█ ▄█▀ ██  █▄▄▀▄█▀█ █▀ ▄ ██▀█▄█  ▀▀█▀▄█▄▄▄▀ ▄▀▀ ██
█▀██▀██▄██▄▄ ▄▀▀▀▄▀▄▀▄▀▀  █▀▀ ▄  ▀▀▄▄▄▀▄█▀▀  ███▄▀████ ▄▀██
█▄ █ ▀▀▄  ▄██▄▀█ ▀  ▀▄ ▄█▀ ██  ▀▄▀▀▄█▄█▀ ▀█ █▀█ ▀ ▄ █▀█  ██
█▄██  ▀▄▄█▄▀  ▀█▄▀▄▄▄█▄▀▀▄▀ ▀█▄▀ █▄▄▄▄▀█▀█ ▀▄▀▄█▄▀█▄▀▀▄█ ▀█
█▀██ ▄ ▄▀▄█ ▄   ▄ █▀▄██▀▀█▀ ▀  ▀█▄█ ██▀ █▄█▀▄█▀ ▄▀█▄ ▀▀▀▀██
█  ▀ ▀█▄▀█    ▀▄▄▄▄▄█▄▄▀▀▀█▀█▀▀ ▄ ▄  ▄ █▀█▄▀▄█ ▄▀ ▀███▄ ▄▄█
██▀▀▀ ▄▄▄ ▄▄▀▄▄▄ ▄▄█ ▀▄███▀ ▄▄▄ ▄▄ ██▀█ ▀█▄██▄█ ▀ ▄▄▄ ▀  ██
█▄▀▄▀ █▄█ ▀██ ▄▀▄▄▄▀▀█▄█▀▀▀ █▄█  ▀▄█   ███▀ ▄▀██  █▄█ ▀  ▀█
█▀▄ ▄▄▄▄    ▀▄▄  ▄▄   █ ▄█ ▄▄▄ ▄▄▀█▀█▀▀▄ ▀▀██▀███▄  ▄▄▀ ███
█▀ ▄ ▀ ▄ ▄ █▄▀ █▄▄ ▄▀███▀▀▄██▄▀  ▀▀█ ▄ ▄█▀▀  ▀█▄▀ ▄▀██▄  ▀█
█▄▀█▀▀ ▄██▄ ▄▄▀▄ ▀█▀ ▀▀███▀▄▀▀▀ ▀█▄▄ ▄▄█ █▀█ ▀▄▄▀▀▄▀▀▄▀ ▄██
█   ▄█▄▄▄███▄█ ▄▀█▄ ▀▀▀█▄ █ ▀█▄▄ █▄█▄  ▄██ ▀ ▀ █▀▀██▄██ ▄▀█
█▄ ▄▀▄▄▄▀▄▄  █ █▀█▄▀▀  ▀▄ ▄▀▀█  ▀▄ ▄▄ █▄▄█▄▄█▀▀▄▀▄▀▀▄█  ▄▄█
██▄▄ ▄▀▄▄▀ ▀▀  ▀▀▄▄ ▄▄▄▀ ▀█▀▄▄  ▀█▀█▄  █▀▀▀  █▄▄█▄▀ █▄▀ ▀██
█▄ ▄ ▀ ▄█▄▄████▄▀▄▀ ▄█▀ ▄█▀▀▀▄▄ ▀███▀▀▄▄▄▀ █ █▀ ▄▄▄█ ▄▀▀ ▀█
███  ██▄ █ ▀▄█▄▀██▀ █▄▀▄▀ ▄ ▄██ ▄▀▄█▄  █▄▀▀▀▄█ ██ █ ▄█▀▀▄██
█ ▀ ▀▀▄▄▄ ▀ ▀ ▀█▀█▄ ▄▀▀█ █  ▄▄▀▄▄▄▄▀  ▄▄█ ▀  █▀ █▄▀▀ ▀▀▀ ██
███████▄█ ▀▄▄▄██▄█▄▄▀█▀█▀▀█ ▄▄▄  █▄█▄ ▀█▄█  ▄█▄█▀ ▄▄▄ ▀▀▄██
█ ▄▄▄▄▄ █▄  ▀ █ ▄▄ ▄  ▄█▄▄▄ █▄█  ▀▀▀ ▀█▀▀█▄▀▀ ▄██ █▄█ ▀▀▄██
█ █   █ █ ▄█▄▀▄ ▄▀▄▄▄█▀█▀▄▄  ▄ ▄ █▄█▄ █▄▀▀▀▀▄███▀     ▄█▄██
█ █▄▄▄█ █ █▀█ ██▄ ▄ ▄█▄▀▀████▀▀█▄█▄▀█  ▄▄ █▀█  ▀▄▄▀▄▀█  ███
█▄▄▄▄▄▄▄█▄▄▄▄████▄▄▄▄███████▄██▄▄▄▄▄▄▄█▄██▄█▄███▄▄█▄▄▄▄▄▄██

2025-08-29T19:53:21: 
2025-08-29T19:53:41: 🎯 QR Code detected! Displaying...
2025-08-29T19:53:41: 📱 Scan this QR code with your WhatsApp!
2025-08-29T19:53:41: 🔗 Or copy this link to scan:
2025-08-29T19:53:41: https://api.qrserver.com/v1/create-qr-code/?size=300x300&data=2%40ZNBBLguDmTERGtvTqvY5XbB9%2B05OM7yBSzX%2FslWl14%2B2mhf2b%2BTOnHk6COLGlmKrHVRNLEPAtpHMrUZNR%2FzLLlL95MtwfYnUGLc%3D%2CUCglg5FGmhJIoKkGh4AI%2FB1uhGaRetUD1L0FrrzVnlc%3D%2Ct5DRB7coRo1J48cj4YKv2thNWM9dp3lrIm0%2Bzbjw23Q%3D%2CLHlDs2biK7UDzQITEH06S42Z2yehNTc8srTUxMavHKg%3D
2025-08-29T19:53:41: 
2025-08-29T19:53:41: ▄▄▄▄▄▄▄▄▄▄▄▄▄▄▄▄▄▄▄▄▄▄▄▄▄▄▄▄▄▄▄▄▄▄▄▄▄▄▄▄▄▄▄▄▄▄▄▄▄▄▄▄▄▄▄▄▄▄▄
█ ▄▄▄▄▄ █▀█ ▀  ▄█▀█ ▄▀▄▄█▄▄█ ▄▄▄▀▀▀▀▀▄ ▀▄█▄ ▀▀▄▄ ██ ▄▄▄▄▄ █
█ █   █ █▀█▄▀ ▀█▄▄  ▄██▄▀ ▀█▄▄▀▀▀▄▀▀ ▀▄█▀▄ ▄ ▄ ▄ ██ █   █ █
█ █▄▄▄█ █▀█ █▄▄▀▄█ █▄   ▀ █ ▄▄▄ ▄▄▄▀ ▀▀▀ ▄▄▄▀█▀▀▄██ █▄▄▄█ █
█▄▄▄▄▄▄▄█▄█▄█▄▀▄▀▄█ ▀ ▀ █ █ █▄█ ▀▄█ ▀▄█ █ ▀ ▀▄▀▄▀▄█▄▄▄▄▄▄▄█
█ ▄  ▄▀▄▄▄▀▀▀█▄█▄▄▄ ▀██▀▀▀▄ ▄▄  ▀█▀█▀▄▀███▀ ▄▀▄▄   █▄█▄▀ ▀█
█▄█▄█ ▄▄▄█▀▄▄ ▄  ▄▀ ▀▀▀ █▀▄▄▀ ▀█▀▀ ▀ ▄█▀█▀█▀  ███▀▄  █▀▀▄██
█▄▄▄▀ █▄█ ▄ ▀█▄▄█▄▀ ▄▄▀▄▀ ▄  █▀█▀███ ▄▄█ ▀  █▀▄█  ▀▄▀▀█ ▄██
█▀▀▄▄▀█▄ ██ ▄█▀ ██▀▄█▄▄ ▄█▀█▀█▀▄▄  ██▀▀▄▄  ███▄█ ▄▄▀ █▀▀ ██
█▀▀▀███▄██▄▄ ▄▀▀▄█▄ ▄▄██▀▀█▀▀ ▀  ▀▀▄ ▄ ▄██▀ ▄▀██▄▀████▀▄▀██
█▀█ ▀██▄  ▄██▄▀██▀  ▄  ▄█▀ ██    ▀▀▄ ▄█ ▀▄█▀▀▄█▀▀   █▀█ ▄▀█
██▀█  █▄▄█▄▀██▀█▄▀▄▄▄█▄▀▀▄▀ ▀█▄▀ ▀▄▄▀ ▀█▀▀ ▀▄▀▄█▄▀▀█▀▀▄█ ▀█
█▀██ █▀▄▀▄▄▄█▀▀▀▄ █▀▄██▀▀█▀ ▀  ▀▄▄█ ▄█▀ ▄██▀▄█▀ ▄▀▀▄ █▀▀▀██
█  ▀ ██▄ ██▄█  ▀▄▄▄▄█▄▄▀▀▀███▀▀ ▄ ▄  ▄ █▀█▄▀▄█ ▄ ▀▀█▀█▄ ▄▄█
██▀▀▀ ▄▄▄ █▀▄▄▀▄ ▄▄█ ▀▄███▄ ▄▄▄ ▄▄ ██▀█ ▀█ ▀█▄█▄▄ ▄▄▄ ▀  ██
█▄▀▄  █▄█ ▀██ █▄▄▄▄▀▀█▄█▀▀▀ █▄█  ▀▄▄  ▄▄██▀▀▄▀██  █▄█  ▄ ▀█
█ ▀█▀  ▄▄▄  ▀▄▄  ▄ █  ▀█▄█ ▄▄▄ ▄▄▀█▀█▀ ▄ █ ▄▀▀▀▀▀▄   ▄▀▀███
█▀██▀▀ ▄█▀ █▄▀ █▄▄▄ ▀▄▀█▄▀▄█▀▄▀  ▀▀█  ▀▄██▀  ▀▄▄█▄▄▀▄██  ██
█▀▀█▀▀ ▄ ▄▄ ▄▄▀▄▄▀█▀█▀▀█▀▀▀▄▀█▀ █▀▄▄▄ ▄█▀▀▀▄  ▄█▀▀▄▀ ▄▀ ▄██
█▀▄ ▄█▄▄▄███▄▄ ▄▀█▄ ▀▀▀█▄ █ ▀█ ▄██▄█ ▄ ▄▀█ ▀▄█ █▀▀██▄██ █ █
█▄ ▄▀▄▄▄▀▄█▀  █▀▀█▄▀▀  ▀▄ ▄▀▀█▄▄▀▄ ▄▄▀█▄▄▄▄▄▄▀▀▄▀▄▀▀▄█  ▄▄█
██▄▄ ▀█▄▄▀▄▄ ▀▀▀▀▄▄ ▄▄▄▀ ▀█▀▄▄  ▀█▀█▄  █▀▀▀  █▄▄█▄ ▀█▄█▄▀██
█▄ ▄   ▄█▄▄█▀▀  ▀▄▀ ▄█▀ ▄█▀▀▀▄▄ ▀█▀█▀▀▄▄▄▀▄█ █▀▄▄▄ ▀ ▄▀▀ ▀█
███▄ ▀▀▄ █▀ ▄█ ▄██▀ █▄▀▄▀ █ ▄██ ▄▀█▄▄ ██▄▀▄ ▄█▄▄█ ████▀▄▄██
█ ▀ ▀▀▄▄█▄▀ ▀ ▀█▀█▄▀▄▀█  █ ▄▄▄▀▄▄▄█   ▄ █  █▄▀▄▀▄▄▄███▀  ██
███████▄█▀▀▄▄▄██▄▄▄ ▀█▀▀▀▀█ ▄▄▄  █▄█▄▄ █▄██ █▀▄▄▀ ▄▄▄ ▀ ▄██
█ ▄▄▄▄▄ █▄  ▀ █ █▄ ▄▀ ▄██▄▄ █▄█  █▀▀▄▀█ ▄▄▄▀▀▀██▀ █▄█ ▀▀▄▀█
█ █   █ █ ▄█▄▀▄ ▄▀▄▄▄█▀█▀▄▄ ▄  ▄▄▀▄█  █▄██▀▀ ▀██▀    ▄▄████
█ █▄▄▄█ █ ▀▄▀▀▀▀▄ ▄ ▄█▄▀▀███ █▀██▄▄▀▄  ▄█▀█▀▄▀ ▀▄▄▀▄▀▀  ███
█▄▄▄▄▄▄▄█▄▄██████▄▄▄▄████████▄█▄▄▄▄▄▄▄█▄██▄█▄███▄▄█▄█▄▄▄▄██

2025-08-29T19:53:41: 
2025-08-29T19:54:01: 🎯 QR Code detected! Displaying...
2025-08-29T19:54:01: 📱 Scan this QR code with your WhatsApp!
2025-08-29T19:54:01: 🔗 Or copy this link to scan:
2025-08-29T19:54:01: https://api.qrserver.com/v1/create-qr-code/?size=300x300&data=2%40L7tUP3G1CD47QGhqTO4OvnGNzcEVaY7YTQrGj0M2uNJ%2B9eU3BDVM8Nb%2FODZKn7k03EfaqnWA1IpnC6OVuxo3bUvkG5L%2FKNjcTUY%3D%2CUCglg5FGmhJIoKkGh4AI%2FB1uhGaRetUD1L0FrrzVnlc%3D%2Ct5DRB7coRo1J48cj4YKv2thNWM9dp3lrIm0%2Bzbjw23Q%3D%2CLHlDs2biK7UDzQITEH06S42Z2yehNTc8srTUxMavHKg%3D
2025-08-29T19:54:01: 
2025-08-29T19:54:01: ▄▄▄▄▄▄▄▄▄▄▄▄▄▄▄▄▄▄▄▄▄▄▄▄▄▄▄▄▄▄▄▄▄▄▄▄▄▄▄▄▄▄▄▄▄▄▄▄▄▄▄▄▄▄▄▄▄▄▄
█ ▄▄▄▄▄ █▀▄██▄ ██▄▀▄  █   ▄▄▀▀  ▀ ▄ ▄▄█ █▄  ▄██▄ ██ ▄▄▄▄▄ █
█ █   █ █▄▄█▄▄█████▄ ▄▄█▄▄████▄█ ▄  ▀█ ██▄█ ▄█▀▄ ██ █   █ █
█ █▄▄▄█ █   ▀█▀▄██ ▀▀█▀ ▀▄  ▄▄▄  ██▀▄ ▄▄▄▄▄ ▀  ▀▄██ █▄▄▄█ █
█▄▄▄▄▄▄▄█ ▀▄█▄▀▄▀ ▀▄▀ ▀▄▀▄█ █▄█ ▀▄█▄█ █ █▄█▄▀▄▀ █ █▄▄▄▄▄▄▄█
█▄ ▀ █▀▄▄█▄ ▀▄ ███▀▄██▄ ▄█  ▄▄▄▄██ ▄▄ ██▄▄▄▄ ▀██▀█▀▄▄▄▀▄▄▀█
█  ▀▄▀▄▄███▄ ▀▀█▀▄▀▄▄▄  ██ ▀ ▄▀▀▄▄██  ▄▄▄▀▀███▄█▄█▀███▀█▀ █
█ ▄█ █▀▄▄█▄ █▀▄█▄▀█▄▄█ ▀█▄█▀ ▄█▀▀▄▄▀▄ ▀█▀▄█▄█ ▀ █▄▀█▄ █▄▄▄█
█▀▄▄▄  ▄██▄▀▀▀█ ▄▄█▀▀▄ ▄▀▀██ █ ▄    ▄█▄ ▀█ ▄█▀▄█▀█ ▀ ▄▄█▄██
█▄▀▀▀██▄  █▄  ▄▄█▄▄▄ ▀▄█▀▄ ▄  ▀▄█▄ █▄▄█▀▄█▀█▄▄█▄▄█  ▄█▀▀ ▄█
██▄▄ ▄▀▄ ▀█ ▀ ▀▄▄▀▄▄██▀▀ █ ▄▄██▄▄  ▀▄▄█    ▄ ▀█▄█▄▄█▄▄▀▄ ▄█
█  █▀▀▄▄ ██ █ ███ ▀  ██ ▄ █  ▄▀█▄▀███▄██  ██ ██▄▀█▀█  ▀▀▄▀█
██  ▀  ▄ ▀▀ ▄█ ▀█ ██▀ ▄▀▀▀▄█   █▀ ▄ █ ▄█▄▄██ ▀  ▄█▀▀▀█▀█▄ █
█▄  ▀▀ ▄█▄▀ ▄█▀ █▀  ███▄███ ▄▄█▄▄▀██▄  ▄   █▄▄▀▀█▄ ▄▄▄ ▄▄██
█▀█▀  ▄▄▄ ▀ ▀ █ ▀█▀▀▄▀█▄ ▀▄ ▄▄▄  ▄▀  █▀  ▄█▀▀▄▄█▄ ▄▄▄ ▄▄▄██
█ ▄ ▀ █▄█ ███▄▀ █▄▄█▄ ██▀█  █▄█ █▄▄█ ▄▄▀▄█▄█▀▄▀█  █▄█ █▄█▄█
█▄▀▀▄▄▄▄ ▄▀██ ▄▀▀▀ ▄ ▀ ▄ ▀  ▄ ▄ ▄ ▄▄███▀█▄▄██ ▄█▀ ▄▄▄ ▄▄█▄█
█▀ ▄  █▄█▀▀▄▀█▄█ ██▄█▄ ▄▀█ ██▄▄▄▄▀ ▄█ ▄▄█ █▄ █▄█ █ ▀▄▄▀█ ██
█▄█▄▄▀ ▄  █ ▄ ▄▀█ ██▄█ █ ▄▄▀▄█▀▄  █▄█    ▀ ▀ █▄█▀█▀▄██▀▄█▄█
█ ▄▀█  ▄▄▄▄  █ █   ▄▀    ▄█▀  ▄█▄ █    █ ▄▄█  ▀ ███▄█ ▀▄█ █
█ ▄▄ █▀▄█▄▀█▄ ▄  ▄▀██ ▀ ▀▄ ▀ ▄▄ ██▀█▀▄▀▄▄▄▀  ▀ █▄ █▀█▄█▄ ▄█
█▀▀▀▀▄█▄▀▄ ██▄▀  ▄▄▄▀▀█▀ █ ▄█▄ ▄▄  █▄▄█  ▀▀▄█ █▄█ ▄▄▄▄▀ ▄ █
█  █▀▄▀▄██▄  ▄▄▀ ▀█▄▄▄ █ ▀▀  ▀ ▄▀▄▄ ██▄██▄▄█ ▄▄▀▄ ▄▄▀▀▀▄  █
█▀▀▀▄█▀▄▀ ▄█▀▀██▄▄▄▄▀▄ █▄▄▀▀█▄ ▄ ▀█▄▀▄▄▄█ ▄▄ █▄█ ▄█▄▄▄▀█ ██
█ ▀ ▀▀▄▄▄▀  ▀▄▄  ██▀▀▄▄▄ ▀█▀█▄▀ ▀▀▄▀▄ ▄▄ ▄▀▄█▄▄█▀██▄█  ▄█ █
███████▄█  ▀  █▄█▀ ▄▀▄█▄▄▄█ ▄▄▄  ▄█   ▀█▄▄██ ▄█▀█ ▄▄▄ ██  █
█ ▄▄▄▄▄ █▄▀▀▄▄▀  ▀█ ▀▀█▄█▄  █▄█ ▄▀  ▄█▀ █▀ █ █▄██ █▄█ ▄█▀██
█ █   █ █▀██▀▀▀██▀▄ ▀  █▀ ▀▄▄   █ ██ ▄ ▀▄▀▀██ ▄█▀▄▄▄▄ ▄▀  █
█ █▄▄▄█ █▀  ▀█ ▄██ ▄▄▄█▄█▀█▄ ▄█▀█▄█▄ ▄ █▄█▀██ ▀▄  ▀█▄▄▄▄█▄█
█▄▄▄▄▄▄▄█▄█▄████▄██▄▄█▄▄▄████▄▄▄▄▄███▄█▄▄▄██▄█▄▄█▄█▄▄▄█▄▄██

2025-08-29T19:54:01: 
2025-08-29T19:54:21: 🎯 QR Code detected! Displaying...
2025-08-29T19:54:21: 📱 Scan this QR code with your WhatsApp!
2025-08-29T19:54:21: 🔗 Or copy this link to scan:
2025-08-29T19:54:21: https://api.qrserver.com/v1/create-qr-code/?size=300x300&data=2%40YYwwr6B9FI8VSNyZzOvQxbF5klVnm0%2F5cVRx59cRoGG8g7%2Bh5cplCv1ITcwU%2FdziIQUS5MD4yTznoZymT7ZS3f62mB6xR%2BdphM4%3D%2CUCglg5FGmhJIoKkGh4AI%2FB1uhGaRetUD1L0FrrzVnlc%3D%2Ct5DRB7coRo1J48cj4YKv2thNWM9dp3lrIm0%2Bzbjw23Q%3D%2CLHlDs2biK7UDzQITEH06S42Z2yehNTc8srTUxMavHKg%3D
2025-08-29T19:54:21: 
2025-08-29T19:54:21: ▄▄▄▄▄▄▄▄▄▄▄▄▄▄▄▄▄▄▄▄▄▄▄▄▄▄▄▄▄▄▄▄▄▄▄▄▄▄▄▄▄▄▄▄▄▄▄▄▄▄▄▄▄▄▄▄▄▄▄
█ ▄▄▄▄▄ █▀█ ▀ ▀▄▀▀▄  █▄▄  ▄█ ▄▄▄▀▀▄▀ ▄ ▀▄▄▀▄▄▄▄▄ ██ ▄▄▄▄▄ █
█ █   █ █▀█▄█▄▀█▄▄  █▄█▄  ▀█▄▄▀▀▄▄▀▀█▀▄█▀▄ ▄ ▄ ▄ ██ █   █ █
█ █▄▄▄█ █▀█▄▀▄▄▀▄█ █▄   ▀ █ ▄▄▄  █▄▀█ ▀▀▄▄▄▄█ ▀▀▄██ █▄▄▄█ █
█▄▄▄▄▄▄▄█▄▀ ▀▄▀▄▀▄█ ▀ ▀ █ █ █▄█ ▀▄█ ▀▄█ █ ▀ ▀▄▀▄▀▄█▄▄▄▄▄▄▄█
█ ▄  ▄▀▄  ▀▄▄█▄█▄▄▄ ▀██▀▀▀ ▄▄▄  ▀█▀█▀▄▀███▀ ▄▀▄▄   █ █▄▀ ▀█
█▄█▄█▀█▄▀ ▄▀▄█▄  ▄▀ ▀▀▀ █▀▄▄▀▄▀█▀▀▄▀ ▄▀██▀██  ▀▀ █▄ █▀▀▀▄██
█▄▄█▄ █▄  ▀▄▀█▄▄█▄▀ ▄▄▀▄▀ ▄ █▀▀█▀█▀▄ ▄ █ ▀▀▀█▀▀█▀ ▀▄█▀▀ ▄██
██  ▄▀█▄ ██ ▄█▀ ██▄ █▄▄▀▄█▀█▀██▄▄ █▄█▀█ ▄ █ ▀█▀ ▀▀▄▀▀█   ██
█▄ ▀ ██▄██▄▄ ▄▀▀█▄▄▄▀██▀▄▀█▀▀    ▀ █▄ ▀█ ▀ ▀▄▀▄▄▄▀████ ▄▀██
██ ▄▄▀▀▄  ▄██▄▀█▄█  ▄█ ▄█▄ ██ ▀▀ ▀▀▄▀█▄▀ ██▀▀▄█ ▀ ▄▄█▀█  ██
██▀█ █▄▄▄█▄▀▄▀▀█▄▀▄▄▄█▄▀▀▄▀ ▀█▄▀██▄▄▀ ▀█▀▀ ▀ █▄█▄▀█▄▀▀▄█▀▀█
█▀██ ▄▀▄▀    ▄█▄▄ █▀▄██▀▀█▀ ▀  ▀█▄█ ▄█▀ ▄██▀█▄▀ ▄▀▄ ▄▀▀▀▀██
█  ▀ ▀▀▄▄█▀ █ ██▄▄▄▄█▄▄▀▀▀█▀█▀▀ ▄ ▄  ▄ █▀█▄▀▄█ ▄▀▀ █ █▄ ▄▄█
██▀▀▀ ▄▄▄ ▀▄▀▀▄▄ ▄▄█ ▀▄████ ▄▄▄ ▄▄▄██▀█ ▀█ ██▄▀ ▀ ▄▄▄ ▀  ██
█▄▀▄▀ █▄█ ▄▀█ ▄ ▄▄▄▀▀█▄█▀▀▀ █▄█  ▀██   ▄██ ▀▄▀▄█  █▄█ ▄  ▀█
█ ▀▄   ▄ ▄  ▀▄▄  ▄▀▄   █▄█ ▄▄▄ ▄▄▀▄ ███▄ █ ▀▀█▀▀█▄ ▄▄▄▄▀███
█ █▄ ▀ ▄█▀ █▄▀ █▄▄ ▄▄▄▀▀▀▀▄█▄█▀  ▀▀█▄ █▄███▀ ▀███▀▄▀█▄▄▀ ██
█  ▀█▀ ▄  ▄ ▄▄▀▄█ █▀▀▄▀█▄█▀▄█ ▀ ▀▀▄▄█▄█▄▀  █ ▀▄▄ ▀▄▀█▄▀  ██
█▄  ▄█▄▄▄███▀  ▄▀█▄ ▀▀▀█▄ █ ▀█▀▄▄▀▄█▄▄ ▄▀█ ▀▄▀ █▀▀██▄██ █ █
█▄ ▄▀▄▄▄▀▄ ▄ ▄▀▄▀█▄▀▀  ▀▄ ▄▀▀█  ▀█ ▄▄▀█▄▄▄▄▄▄ ▀▄▀▄▀▀▄█  ▄▄█
██▄▄ █▀▄▄▀▀▄   ▄▀▄▄ ▄▄▄▀ ▀█▀▄▄  ▀█▀█▄  █▀▀▀  █▄▄█▄▄▀█▄█▄▀██
█▄ ▄ ▀ ▄█▄▀█ ▄ ▄▀▄▀ ▄█▀ ▄██▀▀▄▄ ▀█▀█▀▀  ▄▀ ▀ ██▄ ▄▄█ ▄   ▀█
███▀▄▀▀▄ ▀██▄█▀▄██▀ █▄▀▄▀ ▄ ▄██ ▄▀█▄▄ ▀█▄▀▀▀▄█▄▄▀ ▄█▄█  ▄██
█ ▀ ▀▀▄▄█ ▀ ▀ ▀█▀█ ▄▄▀▀▄ █ ▀▄▄▀▄▄▄█▀ ▄▄▀▀    ▀█▀ ▀ ▀█▀   ██
███████▄▄ ▀▄▄▄██ ▄   ▄▀██▀█ ▄▄▄  █▄█▄  ▄▀▀█▀█████ ▄▄▄ ▀ ▄██
█ ▄▄▄▄▄ █▄  ▀ █ ██ ▄▄▄▄█ ▀▄ █▄█  █▀▀▄▄█ ▄▀▄▀▄███▄ █▄█ ▀▀ ██
█ █   █ █ ▄█▄█▄ ▄▀▄▄▄█▀█▀▄▄    ▄▄▀▄█▄▄█▄██▀▀ ▀██▀   ▄ ▄██▄█
█ █▄▄▄█ █ ▀▄█▀█ ▄ ▄ ▄█▄▀▀███▀▀▀█▄█▄▀▄  ▄▄▀█▀█▀ ▀▄▄▀▄██  ███
█▄▄▄▄▄▄▄█▄█▄█▄▄▄█▄▄▄▄███████▄██▄▄▄▄▄▄▄█▄██▄█▄███▄▄█▄▄▄▄▄▄██

2025-08-29T19:54:21: 
2025-08-29T19:54:41: 🎯 QR Code detected! Displaying...
2025-08-29T19:54:41: 📱 Scan this QR code with your WhatsApp!
2025-08-29T19:54:41: 🔗 Or copy this link to scan:
2025-08-29T19:54:41: https://api.qrserver.com/v1/create-qr-code/?size=300x300&data=2%40OvYlt8VjFRhRc0yQSZLOnJkRT4gNscg9e%2F00uygV7KfRG28NqHRJV1DITJDT9IxmzG2TxxxTi2eob4iMdvJ6vlT1aUJFbPrVepk%3D%2CUCglg5FGmhJIoKkGh4AI%2FB1uhGaRetUD1L0FrrzVnlc%3D%2Ct5DRB7coRo1J48cj4YKv2thNWM9dp3lrIm0%2Bzbjw23Q%3D%2CLHlDs2biK7UDzQITEH06S42Z2yehNTc8srTUxMavHKg%3D
2025-08-29T19:54:41: 
2025-08-29T19:54:41: ▄▄▄▄▄▄▄▄▄▄▄▄▄▄▄▄▄▄▄▄▄▄▄▄▄▄▄▄▄▄▄▄▄▄▄▄▄▄▄▄▄▄▄▄▄▄▄▄▄▄▄▄▄▄▄▄▄▄▄
█ ▄▄▄▄▄ █▀█ ▀ ▀▄▀█▄  █▄█  ▄█ ▄▄▄▀▀▀▀█ ▄█   ▄▀▄▄▄ ██ ▄▄▄▄▄ █
█ █   █ █▀█▄█ ▀█▄▄  █▄█▄▀ ▀█▄▄▀▀ ▄▀▀▀▀▄███ ▄ █ ▄ ██ █   █ █
█ █▄▄▄█ █▀█▄██▄▀▄█ █▄   ▀ █ ▄▄▄  █▄▀▄▀▀▀▀ ▄▄▄█▀▀▄██ █▄▄▄█ █
█▄▄▄▄▄▄▄█▄▀ ▀▄▀▄▀▄█ ▀ ▀ █ █ █▄█ ▀▄█ ▀▄█ █ ▀ ▀▄▀▄▀▄█▄▄▄▄▄▄▄█
█ ▄   █▄▄▄ ▄█▀▄█▄▄▄ ▀██▀▀▀ ▄▄▄  ▀█▀█▀▄▀███▀ ▄▀▄▄▄▀ █ █▄▀ ▀█
█▄█▄█ █▄ ▀▄▀▄▄▄  ▄▀ ▀▀▀ █▀▀▄▀ ▀█▀▀▄█ ▄███▀█▀  ▀██▀█ █▀▀▀▄██
█▄▄▀▀ █▄▀ ▄▄▀█▄▄█▄▀ ▄▄▀▄▀ ▄▀█▀▀█▀█▀▄ ▄▀▄ ▀ ▀█▀▄▄  ▀▄▀██ ▄██
█▀▄  ▀█▄ ▄█ ▄█▀ ██▄ █▄ ▄▄█▀█ ▄█▄▄ ▀ ▀█ █ ▄  ▀▀▄▄▀▀▄▀▀▄▀▀ ██
█▄▀ ▀██▄██▄▄ ▄▀▀█▄▄ ▀███ ▀█▀▀    ▀▀▄  ▀▄██▀▀█▀▄█▄▀████ ▄▀▀█
█▀█ █▀▀▄  ▄██▄▀█▀▀  ▀█ ▄▀█ ██ ▀▀ ▀▀▄▄▄█ ▀▀█▀▀▄▄ ▀  ▄█▀█ ▀▀█
█▀▀█ ▄█▄▄█▄▀█▀▀█▄▀▄▄▄█▄▀▀▄▀ ▀█▄▀▄█▄▄ ▄▀█▀▀ ▀ █▄█▄▀██▀▀▄█ ▀█
█▀██  ▄▄█▄█ ██▀ ▄ █▀▄██▀▀█▀ ▀  ▀███ █▄▀ ▄▄█▀█▄▀ ▄▀▄ ▄█▀▀▀██
█  ▀ ▀▄▄█▄█▄█▄▄█▄▄▄▄█▄▄▀▀▀███▀▀ ▄ ▄  ▄ █▀█▄▀▄█ ▄▀▀▄█▀█▄ ▄▄█
██▀▀▀ ▄▄▄  ▀ ▀▄▄ ▄▄█ ▀▄███▄ ▄▄▄ ▄▄ ▀█▀▀▄▀█▄██▄▀   ▄▄▄ ▀  ██
█▄▀▀▀ █▄█ ▀▄█  ▀▄▄▄▀▀█▄█▀▀▀ █▄█  ▀██  ████▀▀▄▀▄█  █▄█ ▀  ▀█
█▄▀▀▄  ▄▄▄  ▀▄▄  ▄██   ▀▄█▀▄▄▄ ▄▄▀▄ ██▄▄▄█▀▄██▀▀█▄    ▀ ███
███▀▄▀ ▄ ▄ █▄▀ █▄█▄ ▀█▀█▀ ▄█▄█▀  ▀▀█▄▄▀▄██▀ ▄▀██▀ ▄▀▄▄▄▀▄██
█▄█▀ ▀ ▄█▄▄ ▄▄▀▄▀▀█▀▄█▀██▄▀▄█▄▀ ▀▀▄▄ ▄▄█ █ ▄ ▀▄█ ▀▄▀▀▀▀ ▄▀█
█ ▀ ▄█▄▄▄███▄▀ ▄▀█▄ ▀▀▀█▄ █ ▀█ ▄██▄█▄▄ ▄▀▀ ▀▄█ █▀▀██▄██ █ █
█▄ ▄▀▄▄▄▀▄ █▀ ▀▀▀█▄▀▀  ▀▄ ▄▀▀█  ▀█ ▄▄▀█▄█▄▄▄█▀▀▄▀▄▀▀▄█  ▄▄█
██▄▄  █▄▄▀█ ▀▄ ▄▀▄▄ ▄▄▄▀ ▀█▀▄▄  ▀█▀█▄  █▀▀▀  █▄▄█▄█▄█▄▀▄▀██
█▄ ▄ ▄▀▄█▄    ▄█▀▄▀ ▄█▀ ▄██▀▀▄▄ ▀███▀▀ ▄▄▀ █ █▀▄ ▄ █ ▄ ▀ ▀█
███▄▄█▄▄▀▄ █▄██▀██▀ █▄▀▄▀ ▄ ▄██ ▄▀▀█▄ ▀█▄▀▀ ▄█▄▄███▀█▄▄█▄██
█ ▀ ▀▀▄▄ █▀ ▀ ▀█▀█▄ ▄▀   █ ▀▄▄▀▄▄▄▄   █▄▀ ▀  ▀▄ ▀▄▄▀ ▀▀  ██
███████▄▄▀▀▄▄▄██▀▄  ▄▄██▄▀█ ▄▄▄  █▄█▄▄▀████ ▄████ ▄▄▄  ▀ ▀█
█ ▄▄▄▄▄ █▄  ▀ █ ▄█ ▄▀▄▄██▀▄ █▄█  ▀▀▀█ ▄  ▀▄▀ ▀▄▄  █▄█ ▀▀ ██
█ █   █ █ ▄█▀█▄ ▄▀▄▄▄█▀█▀▄▄ ▄  ▄▀▀▄█ ▄█▄█▀▀▀▀▀██▀   ▄▄▄█▄▄█
█ █▄▄▄█ █ █▀▄▄  ▄ ▄ ▄█▄▀▀███ ▀▀█▄▄▄▀▄  ▄█ █▀█▀ ▀▄▄▀▄▀▀  ███
█▄▄▄▄▄▄▄█▄██▄█▄▄█▄▄▄▄██████████▄▄▄▄▄▄▄█▄██▄█▄███▄▄█▄██▄▄▄██

2025-08-29T19:54:41: 
2025-08-29T19:55:01: {"level":30,"time":"2025-08-29T18:55:01.866Z","pid":18040,"hostname":"LAPTOP-R3IJ5HFS","class":"baileys","trace":"Error: QR refs attempts ended\n    at Timeout.genPairQR [as _onTimeout] (C:\\Users\\55519\\Desktop\\DIGITAL MARKETING\\SAAS AND APP DEVELOPMENT\\Caio Website Personal Brand\\caio_personal_brand_current_one\\node_modules\\@whiskeysockets\\baileys\\lib\\Socket\\socket.js:485:21)\n    at listOnTimeout (node:internal/timers:588:17)\n    at process.processTimers (node:internal/timers:523:7)","msg":"connection errored"}
2025-08-29T19:55:01: 🔄 Scheduling reconnect attempt 2/10 in 10s...
2025-08-29T19:55:11: 🚀 Starting WhatsApp service...
2025-08-29T19:55:11: 📱 WhatsApp service started. Waiting for connection...
2025-08-29T19:55:12: {"level":30,"time":"2025-08-29T18:55:12.046Z","pid":18040,"hostname":"LAPTOP-R3IJ5HFS","class":"baileys","browser":["Chrome (Linux)","",""],"helloMsg":{"clientHello":{"ephemeral":"tyLve2whS+G86BAgCoYXOJtzc6GKYCq9/j4LaB0M7xk="}},"msg":"connected to WA"}
2025-08-29T19:55:12: {"level":30,"time":"2025-08-29T18:55:12.125Z","pid":18040,"hostname":"LAPTOP-R3IJ5HFS","class":"baileys","node":{"passive":false,"userAgent":{"platform":"WEB","appVersion":{"primary":2,"secondary":3000,"tertiary":1023223821},"mcc":"000","mnc":"000","osVersion":"0.1","device":"Desktop","osBuildNumber":"0.1","releaseChannel":"RELEASE","localeLanguageIso6391":"en","localeCountryIso31661Alpha2":"US"},"webInfo":{"webSubPlatform":"WEB_BROWSER"},"connectType":"WIFI_UNKNOWN","connectReason":"USER_ACTIVATED","devicePairingData":{"eRegid":"AAAAdA==","eKeytype":"BQ==","eIdent":"QhkiLklXObuvxpKTzGUnFFdC3KsKMbaikjlUzP+q1Bs=","eSkeyId":"AAAB","eSkeyVal":"DkIfVSlbN6jHOZ+WvSIeN1E9p4hH0pwurSN9+yFseC0=","eSkeySig":"vqWTaif32TgB25kvX5JlMEjO2J/XIBRdUBp0t5OuQLuOZVr88sjnLGxp1CM5C1sQ4RQe3jsmSROkfs/ytwdDBg==","buildHash":"c9lQeUMlTdrMrIi/+YcPiA==","deviceProps":"Cg5DaHJvbWUgKExpbnV4KRgHIAA="},"pull":false},"msg":"not logged in, attempting registration..."}
2025-08-29T19:55:12: 🎯 QR Code detected! Displaying...
2025-08-29T19:55:12: 📱 Scan this QR code with your WhatsApp!
2025-08-29T19:55:12: 🔗 Or copy this link to scan:
2025-08-29T19:55:12: https://api.qrserver.com/v1/create-qr-code/?size=300x300&data=2%40UIRsWbsOQA8dscLaeAFLgowN%2BoAgDDI95IevjEIvbzzTQaw2iKnWIlFbxyMfl4DK5Xt301L8Q6jLYN%2F8poZGyUB95eumG3YPUfg%3D%2C9udGDWYX120bOM9fs7WwayvLMDu3mN7hGS2hW71imng%3D%2CQhkiLklXObuvxpKTzGUnFFdC3KsKMbaikjlUzP%2Bq1Bs%3D%2CTW7MWOaHYI4%2BCoOTjXciMVIy9ixLCbdCC2%2F%2FsrlOhIw%3D
2025-08-29T19:55:12: 
2025-08-29T19:55:12: ▄▄▄▄▄▄▄▄▄▄▄▄▄▄▄▄▄▄▄▄▄▄▄▄▄▄▄▄▄▄▄▄▄▄▄▄▄▄▄▄▄▄▄▄▄▄▄▄▄▄▄▄▄▄▄▄▄▄▄
█ ▄▄▄▄▄ █▄█▄▀▀▀███▄█▄█ █▄▄▄██▀ ▄  █▀██▄█▀█▄    ▄ ██ ▄▄▄▄▄ █
█ █   █ █ █ ▀ ▄▄▄▄▀ ▄███▀  █ █▀█ █ ▀▀▀▄▄█▄▀▄ ▄▀▄ ██ █   █ █
█ █▄▄▄█ █▄▀ ██ ▀▀▀ █ ▀▄▄ █▀ ▄▄▄ ▀▀▄▀ █▄   █▀ ▄▄▀▄██ █▄▄▄█ █
█▄▄▄▄▄▄▄█▄▀▄▀ █ █▄▀▄▀▄▀ ▀▄█ █▄█ ▀ ▀ █ █ ▀ ▀▄█▄█ █ █▄▄▄▄▄▄▄█
█    ▀█▄▀  ▀▄ ▀██▄ ▀▀█▄ █ █ ▄▄   █ ▄▀█▀▄▄ ▀ ▀▀▄▄▀▀ █▀▄▄ █▄█
█  ▀█▀▄▄▀▀▀█▄▄ ▀▄▀ ██ ▄▄▄███▀█ ▀█ ███▀▄▀ ▄ ▄▀ ▄ █▀ ▄▀  ▄▄ █
█▄███ █▄█ ▄ ▀▄▄  ██▄  █▄██▄▀█▀█▀ ███▄▄█ █▀▄▄▄▀███▄ ▀▀▀█▄▀ █
█▀██▄█▄▄ ██▄▀  ▄▄ █ █▀█▀▄█▄▄▀█▀▀▄▄▄█▄█  ▄ ███▄▄▀▄▀▄ █▄█▀▀▀█
██ ▀ █ ▄▄▀▀▄▄▄ ▄▀▀▀▀██▄█ ▄ ▀▄▄▀█ ▄▄ ▀█▄▄ ▀▀█  █  ██▄▄██▄▄ █
█ ▀ ███▄▄  ▀█▀▀▀ █ █▀  ▀▀█  █ █▄▄█▀▄ ▄█▀▀▀▄ █▄  ██▀    █▄▀█
█▄▀▄ ▀▀▄█ █▀ █ ██ ▄▀███ ▀█  ▄▄▀▀█▀██▄▀ █▄ ▀▀███▄▄ ▀▄█ ▄   █
██ ▄ █ ▄▀▀▀▄██ █▀▄▀▀ ▄▀▀  █▀▀██▀ ▄▀█▀▀▀▄▄▄▀█ █▄█▀▄▀█ █▀▄█▄█
█▄ ▀█▄█▄██▀▄ ▀▀█ ▄█ █  ▀▄▄▀▀▄█▄█▄▄  ▄▄▀  ▀█▄▄▀██▄▄▄▀▄█▀█▄▄█
████▄ ▄▄▄  ▀▄ ▄ ▄▀▄▄▀▀█▄█▄▄ ▄▄▄ █▄▀ ▀ ▄ ▄▀█▀█▄ ▀█ ▄▄▄ ▀▀▄██
█  █▀ █▄█ ▄▀ ▄▀█▀ █▄▄█▀▀█▄█ █▄█ ▄ ▄▀▀▀▄█ ▀▀█▄▄▀▀▀ █▄█ ██ ▄█
█ ██▀▄▄▄  ▄▄▄▀▀ █▄██▄▀█ ▄ █▄▄  ▄██▀ ▄▄▀ █▀█▄▀      ▄   █▄▀█
██▄▄▀ ▄▄██  ██▄▀ █▄▀ █▄▄▄ ▄█▄█▀▀▀█ ▄▄▀█▄▄▄ ▀▀▀ █▀▄ ▄▄█▄  ▄█
█ ██ ▄▄▄██▄  ▄██▀█▀▄█  █▀▄▄██  █▄ ▀ ▄█ ▀▄█▄▀ █▄ █   █  ▄▄▄█
█ ▀█ ▄▄▄█  ▄▀▄▀███ ▄▀█▀█ ▄▄▀████ ▀ ▄▄   ▀▀█▄ █▀█▀▀▀█ ▄█▀▄██
█ █▀█▀▄▄███▄▀█▄  ▄ █  █▄▄▀█▄ ▄ █▀█▀█▄▀▀▀  █▀▄█▀▀ ██▀█▄  █▄█
██ ▀█▀▀▄▄▀ ▀ █ █▀▀██ █▄▀▀▄▀ ▀ ▀▀█▄▄▀███▄██▀▄ ▄ ▀ ▀▀ ▄  ██ █
█ ▀  █▀▄▀▀██▄▀▀▀▀▄█▄▄ █ ▄▄██▄▄▄▄▀█▀█▀█▀█ ▀█▄█▄ ▄   █▀▄▄▄▀▀█
██▄ ▄▀▄▄▀▄▀ ▀▀ ▄ █▀▀ ▄ █▀▀▄▀▄▄   ▀▄▄▄█▀▄  ▀ ▀▀█▄▀▀█▀█▄█▀▄ █
█ ▀ ▀▀▄▄ ▀█▀█▀ ▀ ▀▀▄▄█ █▀  █▄██▀█ ▀█ ▄▀▄▀█▄█▀▀▄▄█▀  ▄▀▄█▄ █
███████▄█▀▀▀▄▀ ▄ ▄  ▀ ██▄█▀ ▄▄▄  ▀▄█▄▄   █▀█▄▀ ██ ▄▄▄  ▀ ██
█ ▄▄▄▄▄ ██▄▀▄▄▀ ██▄▀█▀▄ ▄▀▄ █▄█ ▄ ▄██▄▀█▀▀ ▄▄▀ ▀▄ █▄█ ▀▀ ▀█
█ █   █ █▀▄█▀▄▄█▀█▀▀ ▄ █ ▀ ▄▄▄  ▄▄▀▀▀██▄▄▀▀▄▄ ▀▀▄▄▄   ▀▀▀██
█ █▄▄▄█ █ █▀▀▀▄█  ▄█▄▀▄▀█▀▄ █▀█▀█  ▀▀  ▄▀ ▀█▀█▄ ▄▄ ▀▀█▄██▀█
█▄▄▄▄▄▄▄█▄██▄███▄▄▄██▄▄▄▄███▄▄███▄██▄██▄█▄▄▄██▄▄█▄▄▄██▄████

2025-08-29T19:55:12: 
2025-08-29T19:56:12: 🎯 QR Code detected! Displaying...
2025-08-29T19:56:12: 📱 Scan this QR code with your WhatsApp!
2025-08-29T19:56:12: 🔗 Or copy this link to scan:
2025-08-29T19:56:12: https://api.qrserver.com/v1/create-qr-code/?size=300x300&data=2%40K6Q898hM7v62nHCi6CVnMyXtb7IbfdGmovHgV%2FK%2BpU%2FA95jqbQcRXYrAX8zEE%2F6socir2FiiZzaupaDKDHMKq5eEbpmlCzOoKqg%3D%2C9udGDWYX120bOM9fs7WwayvLMDu3mN7hGS2hW71imng%3D%2CQhkiLklXObuvxpKTzGUnFFdC3KsKMbaikjlUzP%2Bq1Bs%3D%2CTW7MWOaHYI4%2BCoOTjXciMVIy9ixLCbdCC2%2F%2FsrlOhIw%3D
2025-08-29T19:56:12: 
2025-08-29T19:56:12: ▄▄▄▄▄▄▄▄▄▄▄▄▄▄▄▄▄▄▄▄▄▄▄▄▄▄▄▄▄▄▄▄▄▄▄▄▄▄▄▄▄▄▄▄▄▄▄▄▄▄▄▄▄▄▄▄▄▄▄
█ ▄▄▄▄▄ █▀ ▀▀▀ ▀ ▄▄▄ ▄▄   ▄  ▄ ▄ █ ▄ ▄▄ ▄▄▄ ▄▀█▄ ██ ▄▄▄▄▄ █
█ █   █ █▄█  ▀▀▄▄▄▄█▀███▄▄██ █▄ ▀▄ ▀▄▄▀▄▄█▄▀ ▄▀▄ ██ █   █ █
█ █▄▄▄█ █ ▀▄ ▀▀███▀▄▀█  ▀▄  ▄▄▄ ▄▀ █▀▄█▄▀▀▄ ▀▄ ▀▄██ █▄▄▄█ █
█▄▄▄▄▄▄▄█ ▀▄▀▄█▄▀ ▀▄▀ █▄▀▄█ █▄█ ▀▄█▄█ █▄█▄▀▄█ ▀▄█ █▄▄▄▄▄▄▄█
█▄▄▀ █▀▄ ▀▄ █▀▄██▄█▄▄█▄  █▄ ▄▄▄▄██ ▄▄ ▄▄▄ ▄█▄▀▄▄▄██▄▄▄▀▄ ██
█▀▀█▀▄▄▄█▄█▄▄▀▀█ █▀▄▄▄  █▄█▀▀▀▀ ▄▄██▄ █▀▄ ▀█ ▄▄▄█▄▀ █ ▀██▄█
█▄██▄██▄ ▄▀█▀▄▄██ █▄ █ ▀███▄█ █▀  ▄▀▄▄▀▄ ▄██▄▄▀▀▄█ ▄▀ ▀ ▀██
██▀█▄█▀▄███▄▄██▄▄  █ ▀█▄▀ ▀▄ ▄▄ ▀▄███ █    ▄ ▄ ███▀ ███▄▄▀█
█▀ ▄▄▀▀▄███ ██▀  ▄▀ ▄  ▀▀█▀█   █▀  ▄  ▄  █▄▄█ ▄█▀▄▄  ▀▄█▀▄█
█ ▀ ▄▄█▄▄██▄█▀▀▄▄█ ████▄ ▄ █ ██▄ ▄▄▀▀▀█▄█ ▄▀▄▀█▄███▀██ █  █
█▄▄▄ █ ▄  █▀▄████ ▀▄ ██ ▄ █ ▄▄▄▄▄▀██▀ ██▄▄▄▄▄▀█▄▀█ ██ ▀██▀█
█▄▀ ▄ ▄▄ █▄▀█▀▄▄█   ▀ ██▀▀▄██▀▄ ▀ █▀    ▀  ▄   ▀ █▀█ ▀ █▄ █
█▄ ▄ ▀█▄▀▀ ██ ▄▀█▀█ ███▄▄▄█▄▀ ▄█▄▀██▄▄▀██▄█▄▄▄  ▄█▀█▄ ▀█▄▀█
█  █▄ ▄▄▄ ▀ ▀ ▄█▄▀▀▀▄▀█▄ ▀█ ▄▄▄  ▄█ ▄█▀▄▄▀ ▄ ▄▄█▀ ▄▄▄ ▄▄▀██
█▀▀▄█ █▄█ ▀▀▀█▀ █▄▄██▀██▄█  █▄█ █▄▄█   ▀▄█ ██ ▀▄▄ █▄█ █▄▀ █
█▄▄ ▄▄ ▄ ▄▀▀▄▀▀█ ▀▀█▄▄█▄▄ ▄  ▄ ▄█ ██ ▄▄█▄▄▄▄██▄▀▄▄   ▄▀█▄▄█
█▄▄▀▄ ▀▄ █    ▀▀▀██ ▄▄▄▄██▀█▄▄▄▄▄█ ▄█ ▄▄  █▄ ██▄ ▀█▄ █▀█▀ █
█▀█ ▄ █▄█  ▄▀█▄▀▄█ █▀▄▄▀█▀█▀▀█▀▄▀▄█▄▄▀▀██▀█▀ ▀▀█▄▀▀▄ █▀██▄█
██  █▀▄▄███▀ ▄▀    ▄▀ ▄  ▄▄▄  █▀▄▄█▀   █▄ █▄▄▄▄ ▀▀▀ █▀█▀▄▀█
██ ▀█▀▀▄ █▄█▀ ██ ▄█ █ █▄▀▄ ▄ ▄  █▄▀█ ▄▄▀ ▀ ▄▀▄▀▀█  ▀█▄██ ▄█
█▄▀█▀▄█▄██ ▄█▄▄▀██▄▄▀▀ █ █ ▄█▄  ▄  █▄▄▄ ▀▀ █▀ ▄█▀  ▀ ▄█ ▄▄█
█ ▀███ ▄▀▄██  ▄▀▄▀█▄▄█ █▄▄▀ ▀▀▄▄▀ ▄▄▀█▀▄█▄█▄█▀▀▀▄▀▄ ▄▀ █▀▄█
█ ▀▄▀  ▄█ ▀▀▄▄▀  █▄▄█▄ █▄▄▀▀▄▄███▀▄█▀ ▄▄  ▄█▄▀██ █▀ ██▀█▀ █
█ ▀ ▀▀▄▄ ▄▀█▄ ▀█▄██▀█▀▀▀ ▀▀▄ ▀▄ ▄▄▄ █▀ ▄▀▀▀█ ▀▀ █ ▀▄█▄▀██▄█
███████▄▄ ▄▄▄▀ ▀█  ▄ ▄▄ ██▀ ▄▄▄  ▄▀ ▄ ▀█▄ ▄▄▄▄▄▀▀ ▄▄▄ ▀ ▄ █
█ ▄▄▄▄▄ █▄▄▀▀▀▄ ▄▄▀▄▀▀▄ █▄▀ █▄█ ▀▄▄█▀▀██ ▄▄  █▀   █▄█ ▄▄▄▀█
█ █   █ █▀ ▀▄ █▀█▀  ▀ ▄▀▀ ▀ ▄   ▀▄██ ▄▄  ▀ █▀▄██▄▄▄▄▄▄    █
█ █▄▄▄█ █▀▀█▄█ ▀██▄█▄▄▀▄█▀▄█▄▄█▀▄▄█▄▀▀ ▀▄█▀█ ▀▀█▄▄ ▄ ▄▄██▄█
█▄▄▄▄▄▄▄█▄█▄▄██▄▄▄█▄▄▄▄▄█▄▄███▄▄▄▄███▄▄▄█▄██▄█▄▄▄██▄▄▄█▄▄██

2025-08-29T19:56:12: 
2025-08-29T19:56:32: 🎯 QR Code detected! Displaying...
2025-08-29T19:56:32: 📱 Scan this QR code with your WhatsApp!
2025-08-29T19:56:32: 🔗 Or copy this link to scan:
2025-08-29T19:56:32: https://api.qrserver.com/v1/create-qr-code/?size=300x300&data=2%406py5Bp8h87bv%2BT2s73bUcOzo07Kc21i4LmEUiwUnKHuQ3Uz5sFFaOTKjd%2BKu7tW7hzoYsmGNIusl6jupSuonBXcy0udQ5uactn4%3D%2C9udGDWYX120bOM9fs7WwayvLMDu3mN7hGS2hW71imng%3D%2CQhkiLklXObuvxpKTzGUnFFdC3KsKMbaikjlUzP%2Bq1Bs%3D%2CTW7MWOaHYI4%2BCoOTjXciMVIy9ixLCbdCC2%2F%2FsrlOhIw%3D
2025-08-29T19:56:32: 
2025-08-29T19:56:32: ▄▄▄▄▄▄▄▄▄▄▄▄▄▄▄▄▄▄▄▄▄▄▄▄▄▄▄▄▄▄▄▄▄▄▄▄▄▄▄▄▄▄▄▄▄▄▄▄▄▄▄▄▄▄▄▄▄▄▄
█ ▄▄▄▄▄ █▀ ▀▀▀ ▀█▄██▄ █ ▄ ▄  ▄ ▄ ██▄█▀ ▄█  ▄▀▀█▄ ██ ▄▄▄▄▄ █
█ █   █ █▄█ ▄▀▀▄▄▄▄█▀▄██▄▄██ █▄ ▄▄ ▀▄█▀▄██▄▀ ▄▀▄ ██ █   █ █
█ █▄▄▄█ █ ▀▄██▀███▀▄▀█  ▀▄  ▄▄▄ ▀▄ █▄▄█▄▀ ▄ ▀▀ ▀▄██ █▄▄▄█ █
█▄▄▄▄▄▄▄█ █▄█▄█▄▀ ▀▄▀ █▄▀▄█ █▄█ ▀▄█▄█ █▄█▄▀▄█ ▀▄█ █▄▄▄▄▄▄▄█
█▄▄▀ █▀▄▄█▄  ▀▄██▄█▄▄█▄  █▄▄▄▄▄▄██ ▄▄ ▄▄▄ ▄█▄▀▄▄▄██▄  ▀▄ ██
█▀▀█▀▄▄▄ █▄██▄▀█ █▀▄▄▄  █▄█ █▀▀ ▄▄▀▀▄ ██▄ ▀█ ▄▄▄▀█   ▄▀██▄█
█▄██▀██▄██ ▀▀▄▄██ █▄ █ ▀██▄▄  █▀    ▄▄▄█ ▄ █▄▄▄▀ █ ▄▄ █ ▀██
█ ▀ ▄█▀▄█▄█▄▄██▄▄ ▀▄ ▀  ▀ ▀▄▀█▄▄▀▄▄█▀  ▄  ▀█  ▀▀  ▀ ▄▄██▄▀█
█▀█▀▀▀▀▄███ ██▀ ▄██ ▄▀ █ █▀█   █▀ ▀█▄▄▀ ▄█▀██▄█▄▀▄▄  ▀▄▄▀▄█
█▄  ▀▄▀▄▄██▄█▀▀▄█  █▄▀█▄▄▄ █ █▄▄▄ ▄▀▄ ▄█▄▄▄  ▀▄███████ █▄ █
█ ▄▄ ▀▄▄  █▀ ▄███ ▀▄ ██ ▄ █ ▄▄▄▄▄███  ██▄ ▄▄ ▀█▄▀██▄█ ▀██ █
█▄▀ ▄▀▀▄▄█▀▀▀  ██   ▀ ██▀▀▄██▀▄ ▀ █▀▀      ▄   ▀ █▀█ █ █▄ █
█▄ ▄ ▀█▄▀ ▀█    █▀█ ███▄▄▄█▄▀ ▄█▄▀██▄▄▀██▄█▄▄▄   █ ▄▄▄▀█▄▀█
█  █▄ ▄▄▄ ▄  ▄ █▄▀▀▀▄▀█▄ ▀█ ▄▄▄  ▄█▄▄█▀▄▄▀ ▄ ▄ █  ▄▄▄  ▄▀██
█▀▀ ▀ █▄█ █▄▀█▀▄█▄▄██▀██▄█  █▄█ █▄██    ▄█ ██ █▄  █▄█ ▄▀▀ █
█▀▀ █▄ ▄▄▄▀▀▄▀▀█ ▀█▀▄▄ ▄▄ ▄  ▄ ▄█ █▄▄  █▄▄▀▀█▀▄▀▄▄  ▄ ▄▄▄▄█
█  ▄█ ▀▄▄█    ▀▀▄█▀▄██  ▀█▀██▄▄▄▄█ ▄█ ▄█ ▄▄▄▄█▄▄ ▄█▄ █▀██ █
█ █▀  █▄▄  ▄▀█▄▀▄▄ █▄ ▄▀█▀█▀  ▀▄█ █▄▀ ▀█▀██▀█▄ ▄▄▀▀▄ ▀▀█▀ █
█▀▄ █▀▄▄███▀▄▄▀    ▄▀ ▄  ▄▄▄  ▄▄ ▄█▀█  █▄▄█▄█▄▄ ▀▀▀ █▀█▀█▀█
██ ▀█▀▀▄ █▄ ▀ ▄█ ▄█ █ █▄▀▄ ▄ ▄▀ ▄█▀█ ▄▄▀▀  ▄ █▀▀█  ▀█▄██ ▄█
█▄▀█▀▄▀▄██ ███  ██▄▄▀▀ █ █ ▄█▄  ▄  █▄▄▄ ▀▀ █▀ ▄█▀    ▄▀▄▄▄█
█ ▀██▀█▄▀▄▄ █▄ █▄▀█▄▄█ █▄▄█ ▀▀▄▄▀ ▄▄▀█▀▄█▄▀▄█▀█▀▄ ▀ ▄▀██▀▄█
█ ▀ █▀▄▄▀▄ █▄▄▄▀ █▄▄█▄ █▄▄ ▀▄▄███▀█▄▀ ▄▄  ▄█▄▀▀█▄█▄██▄▀█▀ █
█ ▀ ▀▀▄▄▀█▀█▄ ▀█▄█▀▀█▀██ ▀ █ ▀▄ ▄▄█ █▀▄ █▀▄▄▄█▀▄▀ █▄▄▀ ██▄█
███████▄█ ▄▄▄▀ ▀ ▀▄  ▄  ▄█▀ ▄▄▄  ▄▀ ▄▄ ▄█ ▄█  █ ▀ ▄▄▄ ▀▀▄ █
█ ▄▄▄▄▄ █▄▄▀▀▀▄ ▄▄▀▄▄ ▄ █▄▀ █▄█ ▀▄▄█  █▄▀▀█▀██    █▄█ ▄▄▄▀█
█ █   █ █▀ ▀ ██▀█▀  ▀ ▄▀▀ ▀  ▄  █ ██  ▄ ▄█ ██▄██▄▄▄▄▄   ▀ █
█ █▄▄▄█ █▀▄█  ▄ ██▄█▄▄▀▄█▀▄█ ▄█▀▄██▄▀▀ ▀▄▄▀█▀▀▀█▄▄ ▄  ▄██▄█
█▄▄▄▄▄▄▄█▄▄█▄▄▄█▄▄█▄▄▄▄▄█▄▄█▄█▄▄▄▄███▄▄▄█▄██▄█▄▄▄██▄█▄█▄▄██

2025-08-29T19:56:32: 
2025-08-29T19:56:52: 🎯 QR Code detected! Displaying...
2025-08-29T19:56:52: 📱 Scan this QR code with your WhatsApp!
2025-08-29T19:56:52: 🔗 Or copy this link to scan:
2025-08-29T19:56:52: https://api.qrserver.com/v1/create-qr-code/?size=300x300&data=2%40gGzMbn1AD3x0w0TZzGkozJNgyUzy3V3%2BN8qRygM1wOdfbyZFYy5QtooKphB22dZ6F7tV9LSVsuPjgXmGQ7eiisMRyBUIQZ4GRy0%3D%2C9udGDWYX120bOM9fs7WwayvLMDu3mN7hGS2hW71imng%3D%2CQhkiLklXObuvxpKTzGUnFFdC3KsKMbaikjlUzP%2Bq1Bs%3D%2CTW7MWOaHYI4%2BCoOTjXciMVIy9ixLCbdCC2%2F%2FsrlOhIw%3D
2025-08-29T19:56:52: 
2025-08-29T19:56:52: ▄▄▄▄▄▄▄▄▄▄▄▄▄▄▄▄▄▄▄▄▄▄▄▄▄▄▄▄▄▄▄▄▄▄▄▄▄▄▄▄▄▄▄▄▄▄▄▄▄▄▄▄▄▄▄▄▄▄▄
█ ▄▄▄▄▄ █▀ ▀▀▀ ▀▀▄▄█  ▄▀▄▄▄  ▄ ▄ ██▄  ▄▄▄   ▄ █▄ ██ ▄▄▄▄▄ █
█ █   █ █▄█ ▄▀▀▄██▄█▀▄██▄███ █▄ █▄ ▀▀█▀▄██▄▀▄▄▀▄ ██ █   █ █
█ █▄▄▄█ █ █▄ █▀███▀▄▀█  ▀▄  ▄▄▄ ▀▄ █▀██▄█ ▄  █ ▀▄██ █▄▄▄█ █
█▄▄▄▄▄▄▄█ █ ▀ █▄▀ ▀▄▀ █▄▀▄█ █▄█ ▀▄█▄█ █▄█▄▀▄█ ▀▄█ █▄▄▄▄▄▄▄█
█▄▄▀ ██▄▄█▀▄█▄▄██▄█▄▄█▄  █▄▄▄▄▄▄██ ▄▄ ▄▄▄ ▄█▄▀▄▄█▄█▄  ▀▄ ██
█▀▀█▀▄█▄█ ▀█  ▀█ █▀▄▄▄  █▄▄ ▀▀▀ ▄▄▀█▄ █▀▄ █▀ ▄ ▄ █▀▀ ▀▀██▄█
█▄█  ██▄▄▀▀ ▀▄▄██ █▄ █ ▀████▄▄█▀   ▀▄▄ █ ▄██▄▄▄▀ █ ▄▄ █▄▀██
███▄▀█▀▄▄██▄▄██▄▄  ▄ ▀██▀ ▀▄ █▄▄▀▄▀██   ▄▄     ▀▄▄▀ ▄█▄▄▄▀█
███▄█▀▀▄███ ██▀ ▄█▄ ▄ █▀ ▄▀█   █▀ ▀█▄ █  ▀ ▄█ ██▀▄▄  ▀▄▄█▄█
██▄██▄▀▄▄██▄█▀▀▄█  █ ▀█▄██ █ ██▄  ▄▀█▄▄▄▀ ▄▀ ▄████████ █  █
█▄█▄ ▀ ▄  █▀▄▀███ ▀▄ ██ ▄ █ ▄▄▄▄ ▀███ ██  ▄▄ ██▄▀██▄█ ▀█▄▀█
█▄▀ ▄▄ ▄▄█▄  ▀█▄█   ▀ ██▀▀▄██▀▄   █▀▀   ▀  ▄▀  ▀ █ ▀▄█ █▄ █
█▄ ▄ ▄▀▄ ▄▀▀ ▀ ██▀█ ███▄▄▄▀▄▀ ▄█▄▀██▄▄▀██▄█▄▄▄  ██ █▄▄▀█▄▀█
█  █▄ ▄▄▄ ▄██   ▄▀▀▀▄▀█▄ ▀  ▄▄▄  ▄▀ ▄█▀ ▄▀▄▄ ▄ ▀▄ ▄▄▄ ▄▄▀██
█▀▀▀█ █▄█ ▄ ▀█▀██▄▄██▀██▄█▄ █▄█ █▄▄▄  █ ▄█ ██ ▀█▀ █▄█ ▀█▀ █
█▄██ ▄ ▄▄ ▀▀▄▀▀█ ▀▀█▄▄▄ ▄ ▄▄ ▄ ▄█ █▄▄▄▄▄  ▀██▀▄█▀     ▀█▄▄█
█▀▄▀█ ▀▄▄▀    ▀▀██▀▄█▄▄▄▄▄▀██▄▄▄▄█ ▄█ ▄█▄▄██▄▀▄▄ ██▄█▄▀██ █
██▄▀█ █▄▀▀ ▄▀█▄▀▀▄ ███▄▀█▀█▀▄▄▀▄█ █▄  ▀▄▀▄█ █ ▀██▀▀▄▀ ▀█ ▄█
██  █▀▄▄███▀█▄▀    ▄▀ ▄  ▄▄▄  ▄█ ▄█▀█▄ █ ▄█▄▄▄▄ ▀▀▀ █▀█▀▄ █
██ ▀█▀▀▄ █▄▄▄▀▀█ ▄█ █ █▄▀▄ ▄ ▄▄ ██▀█ █▄▀▀▀ ▄▀█▀▀█  ▀█▄██ ▄█
█▄▀█▀█▄▄██▀████▄██▄▄▀▀ █ █ ▄█▄  ▄  █▄▄▄ ▀▀ █▀ ▄█▀ ▀█ ▄▀▄▄▄█
█ ▀████▄▀▄▀ ▄ ▀█▄▀█▄▄█ █▄▄█ ▀▀▄▄▀ ▄▄▀█▀▄█▄▀ █▀▀▀▄ ▀ ▄▀▄█▀▄█
█ ▀█▄▀ ▄▄ █▀▄▄▀█ █▄▄█▄ █▄▄ █▄▄███▀▀█▀ ▄█  ██▄▀█▄ ▄▄█▄▄  ▀ █
█ ▀ ▀▀▄▄▀█▀█▄ ▀█▄██ █▀██ ▀▀█ ▀▄ ▄▄▄ ██▀██▀▀▀▄█▄▄█ █ █▀ ▄█▄█
███████▄█ ▄▄▄▀ ▀ ▀█ ▀█▄▄▄▄▀ ▄▄▄  ▄▀  ▄██ ▄▄▄▀▄▄▀█ ▄▄▄ ▀ ▄▄█
█ ▄▄▄▄▄ █▄▄▀▀▀▄ ▀█▀▄██▄ ▀ ▀ █▄█ █ ▄██ ▄▄█ █ █▀    █▄█ ▄▄ ▀█
█ █   █ █▀ ▀ ██▀█▀  ▀ ▄▀▀ ▀ ▄   ▀ ██▄ ▄ ▄▀ █▄▄███▄▄▄▄   ▀ █
█ █▄▄▄█ █▀▀█▄ █▄██▄█▄▄▀▄█▀▄█▄ █▀███▄▀▀ ▀▄█▀█  ▀█▄▄ ▄▄▄▄██▄█
█▄▄▄▄▄▄▄█▄▄█▄█▄▄▄▄█▄▄▄▄▄█▄▄██▄▄▄▄▄███▄▄▄█▄██▄█▄▄▄██▄▄▄█▄▄██

2025-08-29T19:56:52: 
2025-08-29T19:57:12: 🎯 QR Code detected! Displaying...
2025-08-29T19:57:12: 📱 Scan this QR code with your WhatsApp!
2025-08-29T19:57:12: 🔗 Or copy this link to scan:
2025-08-29T19:57:12: https://api.qrserver.com/v1/create-qr-code/?size=300x300&data=2%403ZgB4vPYoIcTUjO8Nf7kLfY8Pb3h1gExq1RFNx5Xz0MyhCq5yfFCGRRdY%2BQdOkCK0x%2FNco3u6ZkvCb7WVktkfRoTQDkBw39%2FS24%3D%2C9udGDWYX120bOM9fs7WwayvLMDu3mN7hGS2hW71imng%3D%2CQhkiLklXObuvxpKTzGUnFFdC3KsKMbaikjlUzP%2Bq1Bs%3D%2CTW7MWOaHYI4%2BCoOTjXciMVIy9ixLCbdCC2%2F%2FsrlOhIw%3D
2025-08-29T19:57:12: 
2025-08-29T19:57:12: ▄▄▄▄▄▄▄▄▄▄▄▄▄▄▄▄▄▄▄▄▄▄▄▄▄▄▄▄▄▄▄▄▄▄▄▄▄▄▄▄▄▄▄▄▄▄▄▄▄▄▄▄▄▄▄▄▄▄▄
█ ▄▄▄▄▄ ██ █▀▀█ ▄ ▄▄ ▄██▄▄     ▄▄██ ▀█ ▄ ▀   ▀█▄ ██ ▄▄▄▄▄ █
█ █   █ █▄█ ▀▀▀██▄██ ▄█████▄ ██ ▄█ ▀█▄▀█ ██▀█▄▀▄ ██ █   █ █
█ █▄▄▄█ ████▄█ ▀█▄█▄ ▀ ▀█▄▀ ▄▄▄ █▀ ▄▄█▄     ▀  ▀▄██ █▄▄▄█ █
█▄▄▄▄▄▄▄█ █▄█▄▀▄▀▄▀▄█ █ ▀▄▀ █▄█ █▄█ █ ▀▄█ ▀▄▀ ▀ █ █▄▄▄▄▄▄▄█
█▄▄ ▀▄ ▄  ▄ ▄▄▄▄█▄▄▄▄▄▄ ▀█▄ ▄▄▄▄█▄ ▄█ ▄█▄ ██▄ ▄▄██ ▄██▀▄▀██
█▀ ▀▀█ ▄▄█▀▄   ▀ ▄█▄█  ▀▀▄▄▄▀▄█ █ █▄   ▀▄▀█▀▀  ▀ █ █▄ ██▄ █
█▄▀▀▀▀█▄ ▀ ▄▀▄ ██▄█▄▄█ ███ █ ▄█▀▄ ▄▄▄▄█▄  ██ ▄▄▄█▄▄▄▀ █ ███
█▄ ▄ █ ▄███▄████▄ ██      ▀█▀▄▀ ▀█▄█▄  ▄  ██ ▀▀█▄▀▀▀█▄▄█▄ █
█ ▀ ▀ █▄▄▀█▀▀█ ▄█▄▀ ██ ▄▄█ ▀ ▀▀▄ ▄▀▄█ ██ ▄██ ▄▀██▄█▄  ▀▄  █
█▀▀ █▄▀▄ ██ █▀█▄ ▀ █▀██ ▄▄▄█ ▀▄█ ▄▄█▀  █▄▄▄ ▄ ▄▀█████▀ █▀▄█
█▄██ ██▄ ▀█▀▀ █▄█  ▄ ▄█ █ █▀▄▄█▄  ██▄▄█▄  █▄█ █▄ ██▄█  ██▀█
█▄ ▄▄  ▄▀██▄ ██▄█▀▄  ▄█▄█▀█▀█    ▄█ █ ▀▄  ▄▄ █  ▄█▄█▄ ▄██▄█
█▄▄▄ ▄▄▄█ █▄▄▄▄ ███ ▀██ ▄▄▀ ▀▄▄█ ▀█▀▄▄███ █▄ ▄ ▄█▄██▄ ▀█ ▀█
█  ▄▄ ▄▄▄ ▀▄   █▄▀ ▀▄ █▄▀▀█ ▄▄▄  █▀ ██▀█▄▀█▄ █ ██ ▄▄▄ ▀▄▀▄█
█▀ ▄▄ █▄█ ▀ ███▄██ █▄██▄ ██ █▄█ ▄ █▄▄ █▄▄▄▀█▄▄▄█  █▄█ ▄▀ ▄█
█ █▄▄▄ ▄▄▄▀█▄▀██ ██▀ ▄  ▄  ▄   ▄▀ ▄▀▄▄██ ▄ ██▀▄▄█ ▄▄ ▄██ ▄█
█ ▄▀▀  ▄▀█  ▀ ▀ ██▄▄▄▄ ▄ █▀▄ ██▄▄▄ ▄▄  █▄▄██▄ ▄█▀████▄▀██▀█
█ ▀█▄▀▀▄▀▄ █████▄▀▄█▀█▄  ▄▄█▀▀█▄ ▄██▄▀ ▀▀ ▀▀▀█ ▄ ▀  ▄███ ▄█
██▀ ██▄▄▀████▄█  ▄ ▄█ ▄▄ ▄ ▄ ▄▄▄  ██▀▄▄█ ▄█▄  ▄▄▀▀█ ███▀▀ █
██  █▀ ▄ ▄██▄ ▀▀ ▄▄ █▀█▄ ▄ █ ▄▄▄█▄▀█▀█▄  ▀▀▄▀█▀▀▄   █▄▄█ ██
█▄ ▀▀█ ▄▄▀▄ █▄█▀█▄ ▄ █ ▄▄█▀ ██▄ █▄ ▄ ▄█▄▀ ▄█ ▄▄▄█    █▀▄█ █
█ ████▄▄█▄▄▄▀▄██▄██▄ █ ▀▄▄█ ▀█▄▄█  ▄▀█▀▄█ █▄▀▀██▄▀▄▄▄█▄██▄█
█ ▀ █ ▄▄▄██▄█▄▀▀ ██▄██ ██▄▀▄▄▄▄██  ▄  ▀█  ▄█▄ █▄██▀▀ █ ▄▀▀█
█ ▀ ▀▀▄▄ ▄▀▄   ▀▄▄█▄▄██ ▄▀▀█    █ ▄▀▀▀ ██▄█▀▀▀▄▄ ▀  ▄▀▄█▄ █
███████▄▄ ▄ ▄▀▄▀█▄  ▄▄ ▄▄██ ▄▄▄ ▄▄▀▄█▄ █ ▄▄█  ▄█▀ ▄▄▄ ▀▀▄ █
█ ▄▄▄▄▄ █ ▄▀ ▀▄▀█▄ ▄▄█▄  █▀ █▄█ ██▄█▀▀▄█ ▄▄     ▀ █▄█ █▄█ █
█ █   █ █▄  █▄▄██ ▄  ▄▄ █  ▄▄ ▄ ▄▄█▄▄ █▄▄ ▄█▄▄█▄▀▄▄   ▄ ▀██
█ █▄▄▄█ █ ▀ ██▀▄█▀▄█ ▄▀ █▀ █ ▄█▀▀▄█ ▀ ▄▀█▀▀█▄ ▀▀▄▄▄▄  ▄█▀▄█
█▄▄▄▄▄▄▄█▄▄█▄█▄█▄▄▄▄▄█▄▄▄▄▄▄███▄▄███▄▄▄██▄▄█▄▄▄▄██████▄▄▄▄█

2025-08-29T19:57:12: 
2025-08-29T19:57:23: 🚀 Starting WhatsApp service...
2025-08-29T19:57:23: 📱 WhatsApp service started. Waiting for connection...
2025-08-29T19:57:23: (node:10716) Warning: Setting the NODE_TLS_REJECT_UNAUTHORIZED environment variable to '0' makes TLS connections and HTTPS requests insecure by disabling certificate verification.
(Use `node --trace-warnings ...` to show where the warning was created)
2025-08-29T19:57:23: {"level":30,"time":"2025-08-29T18:57:23.895Z","pid":10716,"hostname":"LAPTOP-R3IJ5HFS","class":"baileys","browser":["Chrome (Linux)","",""],"helloMsg":{"clientHello":{"ephemeral":"WkaAPdRkedbLC8hh25cwpOMa4iGParOoGdq+tFMnhFU="}},"msg":"connected to WA"}
2025-08-29T19:57:24: {"level":30,"time":"2025-08-29T18:57:24.123Z","pid":10716,"hostname":"LAPTOP-R3IJ5HFS","class":"baileys","node":{"passive":false,"userAgent":{"platform":"WEB","appVersion":{"primary":2,"secondary":3000,"tertiary":1023223821},"mcc":"000","mnc":"000","osVersion":"0.1","device":"Desktop","osBuildNumber":"0.1","releaseChannel":"RELEASE","localeLanguageIso6391":"en","localeCountryIso31661Alpha2":"US"},"webInfo":{"webSubPlatform":"WEB_BROWSER"},"connectType":"WIFI_UNKNOWN","connectReason":"USER_ACTIVATED","devicePairingData":{"eRegid":"AAAAOA==","eKeytype":"BQ==","eIdent":"WGNuwzHUADqO+EDTJ42DAGH3jWpT+itmaUySDiYZaBw=","eSkeyId":"AAAB","eSkeyVal":"TjIpbQdWtCXoA06zFfKWdV03vRK7R7Z3wSq4or+D0Q4=","eSkeySig":"nLsNb68q/o4skzcg2tvpjKa0hjG08XK21xBiI+QJvJpFoviIz6ZDBf4a8Swzw1O7H80820aKwCtZ/o2f2Dq2BA==","buildHash":"c9lQeUMlTdrMrIi/+YcPiA==","deviceProps":"Cg5DaHJvbWUgKExpbnV4KRgHIAA="},"pull":false},"msg":"not logged in, attempting registration..."}
2025-08-29T19:57:24: 🎯 QR Code detected! Displaying...
2025-08-29T19:57:24: 📱 Scan this QR code with your WhatsApp!
2025-08-29T19:57:24: 🔗 Or copy this link to scan:
2025-08-29T19:57:24: https://api.qrserver.com/v1/create-qr-code/?size=300x300&data=2%40Y9OLJ3%2FM%2FXzUuihTSdt5%2FNkwgx4NvTFXB63GD8fK%2FTlN8x9Adn9WeMkleor4uYNNlwGPKLLPM8QJ1EFUs3CNeMsZsIyABnfsWV0%3D%2CXaOhwaRTRoWnSOfNcKY5rqjOfh%2FqvzG4fubH9ve4PiE%3D%2CWGNuwzHUADqO%2BEDTJ42DAGH3jWpT%2BitmaUySDiYZaBw%3D%2CSVoMcxCty3YInCHhQFSak0YDfIx0ZRuzNqmlXFTynec%3D
2025-08-29T19:57:24: 
2025-08-29T19:57:24: ▄▄▄▄▄▄▄▄▄▄▄▄▄▄▄▄▄▄▄▄▄▄▄▄▄▄▄▄▄▄▄▄▄▄▄▄▄▄▄▄▄▄▄▄▄▄▄▄▄▄▄▄▄▄▄▄▄▄▄
█ ▄▄▄▄▄ █▄▀ ▀▄███▀▀▀▄▀   ▄▄█▀▀▄ ██ ▀██▄▀█▀  ▀▄ ▄ ██ ▄▄▄▄▄ █
█ █   █ █ █▀▄█ ▄▄█▀ █▄██ ▀ ████▀█▄ ▄▀▀  ▄██▄▀█▀▄ ██ █   █ █
█ █▄▄▄█ █▄▀  ▄█▄▀▀▄█ ▀█▄ █▀ ▄▄▄ █▄▄▀ █ ▄▄▄███▄▄▀▄██ █▄▄▄█ █
█▄▄▄▄▄▄▄█▄█▄▀ █ █▄█ ▀▄▀▄▀▄█ █▄█ ▀ ▀ █ █▄▀▄▀▄▀ █ █ █▄▄▄▄▄▄▄█
█   ▄██▄█▄█ ▀█▀▀▄█ ▀▀█▄▄ ▀▀      █ ▄▀█ █ ▄▀ █▀▄▄▀▀ █▀▄▄ █ █
██▄▀▀█▄▄▀  █ ▀ ▀▄  ██ ▄▄█▀█▄██▀▀█ ▀▀▄██▄▄▄█▄█▀█████▄█▀ ▄▄▄█
█ ▄▀▄ █▄▀ ▀█ █▄ ▀▄█▄▀ █▄█▄▀████▀ █ ▄     ▀▄█ █ █▄▄▄▀███▄▀▄█
█▀ █▀ ▄▄▀▄▄ ▄  ▄██ ▀██ ▀▀ ▀▄ ▄███▀ ▄▀▀▄▄▄▀▀ ██▄█ ▄▀▄ █  █▀█
█▀ ▀▄▀▄▄▄▄ ██▄█ ▀▀█▀██▀█ ▄ ▄▄▄ █▄ █▀▀▀▄▄ ▀▀█▄  ▀▀███ ▀▀█ ▄█
█  ▀▄█▀▄█▀▄ ▄▀▀▀█▀▄▀▄▄ ▀ ▄ ▀█ ██▄ █▄▄▄▀▀▄ ▀ ▀▀ ▀▀▄▄█▄▀▄▄ ██
█▄▄▄ ▄▀▄  ▀▀█▄ ██ ▄███ ▄▀█▀▀ ▄  ▀▀▄▄▄█▀█  ▀▀███▄▄ ▄▄  ▀▄▀▀█
█ ▄█▄ ▄▄██▄▄█  ▄▀▄█▀ ▄█▄  █▀ ▀ ▄ ▄▀██▀█▄▄▄▀███ ▀▀█▄▀ ▀ ▄█▄█
███▄▀█ ▄▄  █▀ ██ █  █ █▀██▀███▀▄▄▄  ▄▄▀ ▀█▄▄▄▀ █ █▄▀██▀▄▄ █
███▀  ▄▄▄  ▀ ▄ █▀ ▄▄▀▀█▄▀▀█ ▄▄▄ ▀▄▀  █▀█ █   ▀▀▀▀ ▄▄▄ ▀▀▀██
█▀ █▀ █▄█ ▄█ █▄█  █▄▄█▀▀ ▄▀ █▄█   ▀▀▄█▄█ ▀ █▄▄▀   █▄█ ██▀▀█
█ ▄█ ▄▄▄▄▄▀█▄▄  ██▄▀█  ▄▄▀▄▄ ▄  █  ▀▄▄▄ ▄█▄▀▄▀▀██▄ ▄  █▄▄▀█
█▄▀▀▄▄ ▄  ▄▄ █▀█▄▄ █ ▄▄▄▀▀█ ▄▄▀▀▀█ ▄ █ ▄▄  ▀▀▀███▄███▄█▀▀▀█
██ █▄██▄ ▄▄ ▄▀▀▄ ▀█▀▄ ▀▄█▀ █ ▄ █▀▄▀  ▀███▀▀▄▀  ▀▀▄▄▄ ▄ ▄ ▄█
█▄█▄▀▀ ▄▄█▄▄▄▄▄▄██  ▀█▀█ ▄█▄██   █▀▄  ▀▀▀▀▄▄ ▀▀▄██▀█▀█▀▄▄▄█
█▀ ▀▄▀█▄▄▄▄▄▀█▀  ▄ ▄  █▄▄▀█  ▄▄▀ █▀▄▄▄▀█ ▀██  █▄▄██▀▀   █▄█
██▀▀ ▄▄▄▀▀█▄▄▄    ██ █▄▀ █▀    ██▄▄▀█▀█▄ ▀ ▄▀▄▀ ▄▄█   ▄▀█▄█
█▄▄▀▀█▀▄▀  ▀▀█ ██▄█▄  █  █▀██▀▄▄████▄▀▄▄ ▀█▄▀▄ █  ███▀ ▄ ██
██▄  █ ▄▀  ▄▀▄▄▀▄█▀▀▀▄ █▀▀▄█▄▄▀▄▀▀▀███▄█ ▄█▀█▀▄▄█ ▄▄█▄▄▄ ▀█
█ ▀ ▀▀▄▄█▀ ▄██▀  ▄▄▀▄▄ ██▄▄▀█ █▀▀  ▄  ▄▀ ██▄▄▀  ▄▀▄▄▀█▀▄█ █
███████▄▄ ██ ███▀▄█ ▀▀█▀ █  ▄▄▄ ▄▀ █  ▀ █▀▄█▀█▀██ ▄▄▄ ▀ ▄██
█ ▄▄▄▄▄ ███ ███ █▄█ ▀█████▄ █▄█     ▄▀ ▄▀▀▄▀▄▀▄█  █▄█ █▀█▀█
█ █   █ █▀█▄ ▄ █▀█▄▀ ▄▀█ ▀▄▄▄▄  ▀ █▀███▄▀▀▀█▄▄  █  ▄▄ █  ██
█ █▄▄▄█ █ ▄ ▀▄██  ▄█▄▀▄▀█▀▀  ▀█▀▄▀▀   ██▀▀█  █▄▀▄▄▀▀▀██▄█▀█
█▄▄▄▄▄▄▄█▄███▄█▄██▄██▄▄▄▄████████▄██▄███▄▄█▄██▄▄██▄▄███▄███

2025-08-29T19:57:24: 
2025-08-29T19:58:24: 🎯 QR Code detected! Displaying...
2025-08-29T19:58:24: 📱 Scan this QR code with your WhatsApp!
2025-08-29T19:58:24: 🔗 Or copy this link to scan:
2025-08-29T19:58:24: https://api.qrserver.com/v1/create-qr-code/?size=300x300&data=2%40Y6I84nNCCfUpRNEQirzJAXZI2Z%2B8gtRvawGAWEcWn2YoxJ%2F%2B%2BB%2BZX%2FUxYzxfP7iJPRaOUhNYjwlUEVWuUud7SLoGtYeN2iWADzY%3D%2CXaOhwaRTRoWnSOfNcKY5rqjOfh%2FqvzG4fubH9ve4PiE%3D%2CWGNuwzHUADqO%2BEDTJ42DAGH3jWpT%2BitmaUySDiYZaBw%3D%2CSVoMcxCty3YInCHhQFSak0YDfIx0ZRuzNqmlXFTynec%3D
2025-08-29T19:58:24: 
2025-08-29T19:58:24: ▄▄▄▄▄▄▄▄▄▄▄▄▄▄▄▄▄▄▄▄▄▄▄▄▄▄▄▄▄▄▄▄▄▄▄▄▄▄▄▄▄▄▄▄▄▄▄▄▄▄▄▄▄▄▄▄▄▄▄
█ ▄▄▄▄▄ █▄▀ ▀▄██▀█  ▄▀ ▀▄ ▄█▀▀▄ ██▀█▀▀▄▀▀█▄▄   ▄ ██ ▄▄▄▄▄ █
█ █   █ █ █▀▄█ ▄██▀ ▄▄██▀  ████▀ █ ▄ ▀  █▄█▄ ▄▀▄ ██ █   █ █
█ █▄▄▄█ █▄▀ ▄▀█▄▀▀▄█ ▀█▄ █▀ ▄▄▄ ▄█▄▀ █ ▄█▄██ ▄▄▀▄██ █▄▄▄█ █
█▄▄▄▄▄▄▄█▄█▄█ █ █▄█ ▀▄▀▄▀▄█ █▄█ ▀ ▀ █ █▄▀▄▀▄▀ █ █ █▄▄▄▄▄▄▄█
█   ▄▀▀▄█▄▄ █▄▀▀▄█ ▀▀█▄▄ ▀█      █ ▄▀█ █ ▄▀ █▀▄▄ ▀ ██▄▄ █ █
██▄▀▀██▄▀▀█▀▀  ▀▄  ██ ▄▄█▀▄▄▀▀▀▀█ █▀▄█▀ ▄▄█ █▀▀▀▀███▀▄ ▄▄▄█
█ ▄██ █▄▄ ▄  █▄ ▀▄█▄▀ █▄█▄▀▄█▀█▀ █ ▄  ▄▀ ▀▄▄ █ ▄██▄▀▄█▀▄▀▄█
██▄█▄ ▄▄▀▄▄ ▄  ▄██▀ ██▀ ▀ ▀▄▀▄▀▀█▀ ▀▀█▀  ▀▄ ▀▀▄▄▄ ▀▄▀█ ▀█▀█
█  ▄▄▀▄▄▄▄ ██▄█ ▀ ▀▀▄███▄▄ ▄▄▄▀█▄ ▄▀██▀█ ▀▀▄▀▄▀ ▀███ ▀ █  █
█▄▀█▄█▀▄█▀▄ ▄▀▀▀▀▄▄▀ ▀ ▀ ▀ ▀█ ██  █▄▄    ▄▀  ▀▀▀▀▄ ▀▄▀▄▄▄██
█ ▄▄ ▄ ▄  ▀▀█▀ ██ ▄███ ▄▀█▀▀ ▄  ▀█▄▄ █▀█ ▄▀▀▀██▄▄  █  ▀▄ ▀█
█ ▄█▄█▄▄▀█▄█ ▀█ ▀▄█▀ ▄█▄  █▀ ▀ ▄▀▄▀██▀█▄█▄▀█▄▄ ▀▀█▀▀ ▀ ▄█▄█
███▄▀▄▀▄▀▄█▄▄▄██ █  █ █▀██▀███▀▄▄▄  ▄▄▀ ▀█▄▄▄▀ ██▄▀ █▀▀▄▄ █
███▀  ▄▄▄ ▄▀   █▀ ▄▄▀▀█▄▀▀▀ ▄▄▄ ▀▄█▄ ███ █▄  ▀██▄ ▄▄▄ ▀▀▀██
█▀ ▀▀ █▄█ ██ █▄█  █▄▄█▀▀ ▄█ █▄█   ▀ ▄███ ▀ ▄▄▄ ▀█ █▄█ ▀▀▀▀█
█ █   ▄▄ ▄▀█▄▄  ██▀▀█   ▄▀▄▄ ▄  █    ▄▄▀ █▄▀▄█▀▄▀  ▄  ▄█▄▀█
█▀▀█▀▄ ▄▀▀▄▄ █▀█ █ █▀█▄▄█ █  █▀▀▀█ ▄ ▀ ▄ ▄▀▀▀█▄█▀ ██ █▄▀▀██
██▀ ▄██▄ █▄ ▄▀▀▄█▀█▀▄▀▀▄▀  █▀▄ █▀▄▀ ▄▀██ ▀ ▄ ▄   ▄▄▄▄█ ▄ ▄█
█▄ ▄▀▀ ▄▄█▄▄█▀▄▄██  ▀█▀█ ▄█▄███  █▀▄ ▄▀▀▀█▄▄▄█▀▄██▀█▀█▀▄███
█▀ ▀▄▀█▄▄▄▄█   ▄ ▄ ▄  █▄▄▀█  ▄ ▀▀█▀▄█▄▀█▀ ██▀ █▄▄██▀▀   █▄█
██▀▀ ▄▀▄▀▀▀▀▄▄ █  ██ █▄▀ █▀    ██▄▄▀█▀█▄ ▀ ▄▀▄▀ ▄▄ ▀  ▄▀█▄█
█▄▄▀▀▄█▄▀ ▀████ █▄█▄  █  █▀██▀▄▄████▄▀▄▄ ▀▀ ▀▄▄█ ▀▄▀█▀ ▄ ██
██▄█▀█ ▄ ▀▀█▀▄▀█▄█▀▀▀▄ █▀▀▄█▄▄▀▄▀▀▄▄██▄▄ ▄▀ █▀█▄██▀▀█▄   ▀█
█ ▀ ▀▀▄▄▀▄ ▄██▀  ▄▄▄▄▄█▄█▄███ █▀▀  ▄▄▄▀▀ █ ▀▄▀ ▀█▀  ██▀██ █
███████▄█▀██ ███▀█  █ ▀█▀█  ▄▄▄ ▄▀ █▄  ▀▀▀▄█ ▀▀█▀ ▄▄▄ ▀▀ ▀█
█ ▄▄▄▄▄ ███ ███ ███ ▄▀███▄▄ █▄█ ▄▄   █▀█ ▄█▀██▄▄  █▄█ █▀█▀█
█ █   █ █▀█▄▄  █▀█▄▀ ▄▀█ ▀▄▄▄▄  ▄ █▀ ▀█▄▄█▀█    █  ▄▄ █ ▀██
█ █▄▄▄█ █  ▀ ▀▄▀  ▄█▄▀▄▀█▀▀ ▀▀█▀▄▀▀ ▀▀██  █ ▀█▄▀▄▄▀▀█▀█▄█▀█
█▄▄▄▄▄▄▄█▄▄▄▄▄▄▄██▄██▄▄▄▄███▄▄███▄██▄███▄▄█▄██▄▄██▄▄▄▄█▄███

2025-08-29T19:58:24: 
2025-08-29T19:58:44: 🎯 QR Code detected! Displaying...
2025-08-29T19:58:44: 📱 Scan this QR code with your WhatsApp!
2025-08-29T19:58:44: 🔗 Or copy this link to scan:
2025-08-29T19:58:44: https://api.qrserver.com/v1/create-qr-code/?size=300x300&data=2%40dLEZAE3YVRzHFooXCYzL4yRuoThHT3tXr8nPKmuOAHiDuHd0%2FVmGjgx6242K3LnuAyyFywu0dfEMIf8rlX4NEtJwQQzCN1eREjo%3D%2CXaOhwaRTRoWnSOfNcKY5rqjOfh%2FqvzG4fubH9ve4PiE%3D%2CWGNuwzHUADqO%2BEDTJ42DAGH3jWpT%2BitmaUySDiYZaBw%3D%2CSVoMcxCty3YInCHhQFSak0YDfIx0ZRuzNqmlXFTynec%3D
2025-08-29T19:58:44: 
2025-08-29T19:58:44: ▄▄▄▄▄▄▄▄▄▄▄▄▄▄▄▄▄▄▄▄▄▄▄▄▄▄▄▄▄▄▄▄▄▄▄▄▄▄▄▄▄▄▄▄▄▄▄▄▄▄▄▄▄▄▄▄▄▄▄
█ ▄▄▄▄▄ █▄▀ ▀▄▄▄█▀ ▀██▀▀▄ ▄█▀▀▄ ███▀▀▀▄▀▄  ▄▀▄ ▄ ██ ▄▄▄▄▄ █
█ █   █ █ █▀▄▀ ▄▄█▀ ████   ████▀ ▄ ▄    ▄██▄ █▀▄ ██ █   █ █
█ █▄▄▄█ █▄█ ███▄▀▀▄█ ▀█▄ █▀ ▄▄▄  ▀▄▀█▄ ▄█ ██▀ ▄▀▄██ █▄▄▄█ █
█▄▄▄▄▄▄▄█▄▀▄▀▄█ █▄█ ▀▄▀▄▀▄█ █▄█ ▀ ▀ █ █▄▀▄▀▄▀ █ █ █▄▄▄▄▄▄▄█
█   ▄▀█▄█▄▄▀▀▄▀▀▄█ ▀▀█▄▄ ▀█      █ ▄▀█ █ ▄▀ █▀▄▄▀  █▀▄▄ █ █
██▄▀▀▄█▄▄▀▄▀▄  ▀▄  ██ ▄▄█▀▄▄██▀▀█ ▀▀▄██▄▄▄█▄█▀█▀█▀███▀ ▄▄▄█
█ ▄▄  █▄▄▄█▀ █▄ ▀▄█▄▀ █▄█▄▀████▀ █ █   ▀ ▀▄█ █ ▄▄▄▄▀█▀▀ ▀▄█
█ █▄  ▄▄▀█▄ ▄  ▄██████  ▀ ▀▄▀█▀██▀▄ ██▄▄▄▀ ▀██▄█▀ ▀▄▀█ ▀█▀█
█▄█ ▄▀▄▄▄▄ ██▄█ ▀  ▀ █▄█▄▄ ▄▄▄▀█▄ ▄ ▀█▄█ ▀▀█ ▄█ ▀███ ▀ █▄ █
█  ▀███▄█▀▄ ▄▀▀▀ ▀▄▀██ ▀▀▄ ▀█ ▄█▄ █▄▄ ▀▀ █ ▀ ▀▀ ▀▄▄▀▄▀▄▄ ▀█
█▀ ▄ ▄█▄  ▀▀▀▀ ██ ▄███ ▄▀█▀▀ ▄  ██▄▄█▀▀█▄▄▀▀▀▀█▄▄ ▀█  ▀▄  █
█ ▄█▄▄▄▄█▀██▄ ▄▀▀▄█▀ ▄█▄  █▀ ▀ ▄▀▄▀██▀█▄█▄▀█▄█ ▀▀██▄ █ ▄█▄█
███▄▀█ ▄▄   ▄▄ ▄ █  █ █▀██▀▀██▀▄▄▄  ▄▄▀ ▀█▄▄▄▀ ██▄▀▀ █▀▄▄ █
███▀  ▄▄▄ ▄██▄▄ ▀ ▄▄▀▀█▄▀▀▄ ▄▄▄ ▀▄▀  █▀▀ █▄▄ ▀▀▀▄ ▄▄▄ ▀▀▀██
█▀  ▄ █▄█ ▀▀ █▀   █▄▄█▀▀ ▄█ █▄█   ▀▀▄█▄█ ▀▀█▄▄▀ ▀ █▄█  ▄▀▀█
█ ▄ ▄  ▄ ▄▀█▄▄  ██ ▄█ ▀▄▄▀▄▄ ▄  █ ▀  ▄ █ █▄█ █▄▀  ▄▄ ▄██▄▀█
█▀▄▄ ▄ ▄ █▄▄ █▀██▄▀█▀▄ ▄▄ █ █▄▀▀▀█ ▄▄█▄▄▄▄▀▀▄██▄█ ██▄▄▄ ▀▀█
█▄▀▄███▄ ▀▄ ▄▀▀▄▄ █▀▄█▀▄ █ █▄▀ ██▄▀  █▄█▀█ █▀▀  ▀▄▄▄ ▀ ▄▄▄█
██▄▄▀▀ ▄▄█▄▄▀█▄▄██  ▀█▀█ ▄█▄██▄▄▄█▀▄ ▄▀▀██▄▄ █▀▄██▀█▀█▀▄███
█▀ ▀▄▀█▄▄▄ ▄▀▄   ▄ ▄  █▄▄▀█  ▄▄▀▀▄▀▄█▄▀█  ██▀ █▄▄██▀▀   █▄█
██▀▀  ▄▄▀▀▄▀███   ██ █▄▀ █▀    ██▄▄▀█▀█▄ ▀ ▄▀▄▀ ▄▄▄▄   ██▄█
█▄▄▀▀▄█▄▀ ▄▄▄▄▄▀█▄█▄  █  ████▀▄▄████▄▀   ▀▀ ▀▄▄▀  ▀██▀█▄ ██
██▄▀█▀█▄█ █ ▀▄ ▄▄█▀▀▀▄ █▀▀▄ ▄▄▀▄▀▀▀███ █ ▄▀ █▀█▄█▄█▀▄███ ▀█
█ ▀ ▀▀▄▄██ ▄██▀  ▄▄▀▄▄ ██▄███ █▀▀  ▄ ▄▀█ ▀▄▀▄██▀▄  ▄  ▀██ █
███████▄█▀██ ████▄ ▄▀ █▀██  ▄▄▄ ▄▀ █▄▄ ▀▀▀██▄▀ ▄█ ▄▄▄  ▀▄▀█
█ ▄▄▄▄▄ ███ ███  ▀█ ▄ ████▄ █▄█ ▄   ▄▀ ▄▄ ▄ █ ██▄ █▄█ █▀▀██
█ █   █ █▀█▄ ▄ █▀█▄▀ ▄▀█ ▀▄▄▄    ▄█▀███▄█▀▀█    ▄  ▄▄ █  ▄█
█ █▄▄▄█ █  █▄█▄█  ▄█▄▀▄▀█▀▀ ▀▀█▀█ ▀ ▀▀██▀ █  █▄▀▄▄▀▀███▄█▀█
█▄▄▄▄▄▄▄█▄█████▄██▄██▄▄▄▄███▄████▄██▄███▄▄█▄██▄▄██▄▄▄██▄███

2025-08-29T19:58:44: 
2025-08-29T19:59:04: 🎯 QR Code detected! Displaying...
2025-08-29T19:59:04: 📱 Scan this QR code with your WhatsApp!
2025-08-29T19:59:04: 🔗 Or copy this link to scan:
2025-08-29T19:59:04: https://api.qrserver.com/v1/create-qr-code/?size=300x300&data=2%409rZCdjvPe1LLtqAJ912hpZDRFlmX0lkJYfDjRo3ziqJT%2FeqQDKiak%2FDZmhr9DTcEMHrajk7C0nH3u8CzRK4d1DE5ZmQJWwzpta8%3D%2CXaOhwaRTRoWnSOfNcKY5rqjOfh%2FqvzG4fubH9ve4PiE%3D%2CWGNuwzHUADqO%2BEDTJ42DAGH3jWpT%2BitmaUySDiYZaBw%3D%2CSVoMcxCty3YInCHhQFSak0YDfIx0ZRuzNqmlXFTynec%3D
2025-08-29T19:59:04: 
2025-08-29T19:59:04: ▄▄▄▄▄▄▄▄▄▄▄▄▄▄▄▄▄▄▄▄▄▄▄▄▄▄▄▄▄▄▄▄▄▄▄▄▄▄▄▄▄▄▄▄▄▄▄▄▄▄▄▄▄▄▄▄▄▄▄
█ ▄▄▄▄▄ █▄▀ ▀▄██▀▀▀▀▄█ ▀ ▄▄█▀▀▄ ██ ▀ ▄▄▀███ ▀▀ ▄ ██ ▄▄▄▄▄ █
█ █   █ █ █▀▄▀ ▄█▄▀ ▄▄██ ▀ ████▀ ▄ ▄▀   ▄▄█▄█▄▀▄ ██ █   █ █
█ █▄▄▄█ █▄▀ ▀▄█▄▀▀▄█ ▀█▄ █▀ ▄▄▄ ▀█▄▀ ▀ ▄▀▀██▀▀▄▀▄██ █▄▄▄█ █
█▄▄▄▄▄▄▄█▄█▄█▄█ █▄█ ▀▄▀▄▀▄█ █▄█ ▀ ▀ █ █▄▀▄▀▄▀ █ █ █▄▄▄▄▄▄▄█
█   ▄▀█▄▀▄▀▀▀█▀▀▄█ ▀▀█▄▄ ▀█      █ ▄▀█ █ ▄▀ █▀▄▄▄ ▄██ ▄ █ █
██▄▀▀█▄▄ ▀█ ▄▄ ▀▄  ██ ▄▄█▀███▀▀▀█ ██▄█▀▄▄▄█ █▀█▀▀█▄███ ▄▄▄█
█ ▄▄  █▄▄ █  █▄ ▀▄█▄▀ █▄█▄ █▀██▀ █▀▄  ▀  ▀ ▄ █▀█ █▄▀▀▀▀▄▀▄█
█▄█ ▀ ▄▄ █▄ ▄  ▄██  ███▀▀ ▀▄▀▄▀██▀▀ ██▄▀▄█▄ █▀▀  ▀▀▄▀▄▀ █▀█
█▄▀▄█▀▄▄▄▄ ██▄█ ▀ █▀▄▄▄█ █ ▄▄▄█▄▄ █▀████ ▀▀█ ▄▀▀▀███ ▀ ▄▄ █
██▀▄██▀▄█▀▄ ▄▀▀▀ █▄▀▀▀ ▀ ▄ ▀█ ▄█  █▄   ▀█▄▀ ▄▀ ▀▀▄ ▀▄▀▄▄▄▀█
█▄▀▄  ▄▄  ▀▀▄█ ██ ▄███ ▄▀█▀▀ ▄  █▀▄▄▄▀▀█  ▀▀▀██▄▄  █  ▀▄  █
█ ▄█▄█ ▄▀▀▄██ ██▀▄█▀ ▄█▄  █▀ ▀ ▄▀█▀█▄▀█▄█▄▀██▄ ▀▀█▀█▄▀ ▄█▄█
███▄▀▄█▄ ▄ ▀▀▄ ▀ █  █ █▀██▀▀██▀▄▄▄  ▄▄▀ ▀█▄▄▄▀ █▄█▀▀▀▀▀▄▄ █
███▀  ▄▄▄ ▀█▀▀▄▄▀ ▄▄▀▀█▄▀▀▄ ▄▄▄ ▀▄▀  █▀█ █▄  ▀█▀  ▄▄▄ █▀▀██
█▀ ▀  █▄█  █ █▀   █▄▄█▀▀ ▄▀ █▄█   ▀ ▄███ ▀██▄▄▀▀▄ █▄█ █▄▀▀█
█▄  █▄ ▄▄▄▀█▄▄  ██▀██  ▄▄▀▄  ▄  █ ▀▀▄ ▀ ▄▀▄█ █▄██ ▄▄ ▄▄▄▄▀█
█▀█▀█▄ ▄██▄▄ █▀█▄▄ █ █   ▀█ ▄█▀▀▀█ ▄▄▀▀▄  ▀▀ ▀▄██▀███▄█ ███
█▄ █▀██▄  ▄ ▄▀▀▄▀▀█▀▄▀▀▄██ █▄█ █▀ ▀  ▀▄█▀  █▀█   ▄▄▄█▄ ▄▄▄█
█ ▄▄▀▀ ▄▄█▄▄█ ▄▄██  ▀█▀█ ▄█▄███ ▄▀▀▄▀▄▀▀██▄▄ ▀▀▄██▀█▀█▀▄▄▄█
█▀ ▀▄▀█▄▄▄▄  █▄▄ ▄ ▄  █▄▄▀█  ▄ █▀█▀▄█▄▀█▀ ██ ▀█▄▄██▀▀   █▄█
██▀▀ █▄▄▀▀█ █▀    ██ █▄▀ █▀    ██▄▄▀█▀█▄ ▀ ▄▀▄▀ ▄▄▀▀  ▄▀█▄█
█▄▄▀▀  ▄▀   ▄█ ██▄█▄  █  █▀██▀▄▄███▀▄▀ ▄ ▀▀▄▀▄ ▀▄█ ██▀▄▄ ██
██▄█ ▀ ▄▄█▀▀▀▄█▀▄█▀▀▀▄ █▀▀█ ▄▄▀▄▀▀▄▄██ █ ▄▀ █▀█▄█▀█  █▄▄ ▀█
█ ▀ ▀▀▄▄▀▄ ▄██▀  ▄▄▀▄▄▀▀█▄▄██ █▀▀ ▀▄  ██ ▀ ▄ █▄▄█  ▄▄▄ ▄█ █
███████▄▄ ██ ███ ██ █ █▀▄█  ▄▄▄ ▄▀ █    ▀█ ▄▄█ ▄▀ ▄▄▄ ▀▀▄▀█
█ ▄▄▄▄▄ ███ ███   █ █ ██ ▀▄ █▄█ ▄▄  ▀ ▀▄▄ ▄  ▀▄▄  █▄█ █▀▀██
█ █   █ █▀█▄▄  █▀█▄▀ ▄▀█ ▀▄▄▄▄    █▀▀██▄▄▀▀█ ▄  ▄  ▄  █  ▄█
█ █▄▄▄█ █  ██▀▀   ▄█▄▀▄▀█▀▀ █▀█▀▄▀▀  ▀██  █  █▄▀▄▄▀▀█▀█▄█▀█
█▄▄▄▄▄▄▄█▄██▄▄▄███▄██▄▄▄▄████████▄██▄███▄▄█▄██▄▄██▄▄█▄█▄███

2025-08-29T19:59:04: 
2025-08-29T19:59:24: 🎯 QR Code detected! Displaying...
2025-08-29T19:59:24: 📱 Scan this QR code with your WhatsApp!
2025-08-29T19:59:24: 🔗 Or copy this link to scan:
2025-08-29T19:59:24: https://api.qrserver.com/v1/create-qr-code/?size=300x300&data=2%403RI%2BfyNQh%2B%2Fqe1r0HqJQ%2B7D1tHDMJpqi3FPC5LHrLB5SvhwXN5wG%2BnRjhKCU7g0wAixbuehEN6SqfVXK4DX7RqA7npxh6NXGPkc%3D%2CXaOhwaRTRoWnSOfNcKY5rqjOfh%2FqvzG4fubH9ve4PiE%3D%2CWGNuwzHUADqO%2BEDTJ42DAGH3jWpT%2BitmaUySDiYZaBw%3D%2CSVoMcxCty3YInCHhQFSak0YDfIx0ZRuzNqmlXFTynec%3D
2025-08-29T19:59:24: 
2025-08-29T19:59:24: ▄▄▄▄▄▄▄▄▄▄▄▄▄▄▄▄▄▄▄▄▄▄▄▄▄▄▄▄▄▄▄▄▄▄▄▄▄▄▄▄▄▄▄▄▄▄▄▄▄▄▄▄▄▄▄▄▄▄▄
█ ▄▄▄▄▄ █▄▀ ▀▄▄▄██▀▀▄█▀ ▀ ▄█▀▀▄ ███▀ ▀▄█▄▀▄▄   ▄ ██ ▄▄▄▄▄ █
█ █   █ █ █▀▄▀ ▄█▄▀ ▄▄██   ████▀ █ ▄     ██▄ █▀▄ ██ █   █ █
█ █▄▄▄█ █▄▀ █▄█▄▀▀▄█ ▀█▄ █▀ ▄▄▄ ▄▄▄▀▄█ ▄▀▀██▀▄▄▀▄██ █▄▄▄█ █
█▄▄▄▄▄▄▄█▄█▄█▄█ █▄█ ▀▄▀▄▀▄█ █▄█ ▀ ▀ █ █▄▀▄▀▄▀ █ █ █▄▄▄▄▄▄▄█
█   ▄██▄█▄█▄██▀▀▄█ ▀▀█▄▄ ▀▀▄     █ ▄▀█ █ ▄▀ █▀▄▄ ▀ ██▄▄ █ █
██▄▀▀█▄▄▀▄▄▀▄█ ▀▄  ██ ▄▄█▀▄▄▀█▀▀█ █▀▄█▀▄▄▄█ █▀██ ▄█▄▄█ ▄▄▄█
█ ▄▄▄ █▄ ▄   █▄ ▀▄█▄▀ █▄█▄ █▄▀█▀ █▀█   ▀ ▀█▄ ██▄▀█▄▀▀▀▀ ▀▄█
█▀▀▄  ▄▄▀█▄ ▄  ▄███ ██▄▄▀ ▀▄▀▄▀██▀▀████ ▄▀▄ ▀▀████▀▄▀█▀▀█▀█
██▄▀▀▀▄▄▄▄ ██▄█ ▄ ████ █ █ ▄▄▄ █▄ ▄ ██▀▄▄▀ ▄▀▄▀ ▀███ ▀ ▄▄ █
█▄▄ ▀█▀▄█▀▄ ▄▀▀▀▀▄▄▀█  ▀▀  ▀█ █▄ ▄█▄█   ▄█ ▀▀▄▀▀▀▄ ▀▄▀▄▄ ▀█
█ █▄  █▄  ▀▀▄█ ██ ▄███ ▄▀█▀▀ ▄   ▀▄▄▄█▀█▄ ▀▀▄▀█▄▄  ▄  ▀▄  █
█ ▄█▄ █▄██  ▀  ▄▀▄█▀ ▄█▄  █▀ ▀ ▄▀▄▀█▄ █▄▄█▀██▄ ▀▀█▄▀▄▀ ▄█▄█
███▄▀  ▄  ██▀▀█▀ █  █ █▀███▀██▀▄▄▄  ▄▄▀ ▀█▄▄▄▀ ████ ██▀▄▄ █
███▀  ▄▄▄ ▀█▀ ▄█▀ ▄▄▀▀█▄▀▀▀ ▄▄▄ ▀▄▀  █▀█ █▄  ▀█▀▄ ▄▄▄ █▀▀██
█▀ ▄  █▄█ ▀▀ ██   █▄▄█▀▀ ▄█ █▄█   ▄▀▄██▄ ▀▀█▄▄  ▄ █▄█ █▄▀▀█
█▄▀█▄▄ ▄▄▄▀█▄▄  ███▀█ ▀▀▄▀▄▄ ▄  █ ▀ ▄▄▀▀ ▀▀▄ ▀█ █  ▄▄ ██▄▀█
██ ▀▄▄ ▄▄ ▄▄ █▀███▄▀▀█ ▄ ▀█ █▄▀▀▀█ ▄ █ ▄   ▀███▄█ ██▀█▄ █▀█
█ ▀ ▀██▄█▄▄ ▄▀▀▄  █▀█▀▀▄▀▄ █▀█ █▀▄▀ ███▄ ▄ █▄ ▀▀ ▄▄▄▄█ ▄▄▄█
█▀ ▄▀▀ ▄▄█▄▄▄ ▄▄██  ▀█▀█ ▄█▄██▀█▄▀▀▄▄▄▀▀ ▀▄▄ ▀▀▄██▀█▀█▀▄███
█▀ ▀▄▀█▄▄▄▀ ▄▀▄█ ▄ ▄  █▄▄▀█  ▄ █ █▀▄▄▄▀█▀▀██ ▀█▄▄██▀▀   █▄█
██▀▀  █▄▀▀▄█▄▄ ▀  ██ █▄▀ █▀    ██▄▄▀█▀█▄ ▀ ▄▀▄▀ ▄▄██  ▄██▄█
█▄▄▀▀▄▀▄▀  █▀█▄▀█▄█▄  █  ████▀▄▄████▄▀▄▄ ▀▀ ▀▄▄█▄▀▄▀█▀▄█ ██
██▄▄▀  ▄▀▄▀█▀▄▄█▄█▀▀▀▄ █▀▀█▄▄▄▀▄▀▀▄███ █ ▄▀ █▀▄▄▀ █▀██ ▀ ▀█
█ ▀ ▀▀▄▄▀█ ▄██▀  ▄ ▀▄▄ ██▄▄██ █▀▀ ▀█▄▄█ ▄███ ██▄▄ ▄▄ ▀▀██ █
███████▄█▀██ ████▄▄▄▀ ▄▀▄█  ▄▄▄ ▄▀ █ ▄▀ ▀▀ ▄▄▀█▄▀ ▄▄▄ ▀▀▄▀█
█ ▄▄▄▄▄ ███ ███ ▄▄█ █ ████▄ █▄█  ▄  █ ▀█  ▄ ▀▀▄█  █▄█ █▀▀▀█
█ █   █ █▀█▄▀  █▀█▄▀ ▄▀█ ▀▄▄▄     █▀███▄▀▀▀██▄  █  ▄▄ █  ▄█
█ █▄▄▄█ █ ▄█ ▄▀▄  ▄█▄▀▄▀█▀▀ █▀█▀▄▀▀   ██ ▀█  █▄▀▄▄▀▀█▀█▄█▀█
█▄▄▄▄▄▄▄█▄▄▄███▄██▄██▄▄▄▄████▄███▄██▄███▄▄█▄██▄▄██▄▄█▄█▄███

2025-08-29T19:59:24: 
2025-08-29T19:59:44: 🎯 QR Code detected! Displaying...
2025-08-29T19:59:44: 📱 Scan this QR code with your WhatsApp!
2025-08-29T19:59:44: 🔗 Or copy this link to scan:
2025-08-29T19:59:44: https://api.qrserver.com/v1/create-qr-code/?size=300x300&data=2%40tc8sy0O1d3yFFLgE7XX1KrqgYbf0g6lqVVB32R1KaQMn1vEkfWtEMP3Vk0oHvjcNvS0nz%2F8jSYYX0t7PwKxed20%2FoXzQlVnDJvA%3D%2CXaOhwaRTRoWnSOfNcKY5rqjOfh%2FqvzG4fubH9ve4PiE%3D%2CWGNuwzHUADqO%2BEDTJ42DAGH3jWpT%2BitmaUySDiYZaBw%3D%2CSVoMcxCty3YInCHhQFSak0YDfIx0ZRuzNqmlXFTynec%3D
2025-08-29T19:59:44: 
2025-08-29T19:59:44: ▄▄▄▄▄▄▄▄▄▄▄▄▄▄▄▄▄▄▄▄▄▄▄▄▄▄▄▄▄▄▄▄▄▄▄▄▄▄▄▄▄▄▄▄▄▄▄▄▄▄▄▄▄▄▄▄▄▄▄
█ ▄▄▄▄▄ █▄▀ ▀▄██▀▀▀▀▄█▀▀  ▄█▀▀▄ ██████ ▀▄    ▀ ▄ ██ ▄▄▄▄▄ █
█ █   █ █ █▀ ▀ ▄█▄▀ ████ ▀ ████▀▀█ ▄▀   ███▄█▄▀▄ ██ █   █ █
█ █▄▄▄█ █▄▀ ▀██▄▀▀▄█ ▀█▄ █▀ ▄▄▄ ▀█▄▀ ▄ ▄▄▀██▄▄▄▀▄██ █▄▄▄█ █
█▄▄▄▄▄▄▄█▄█ ▀ █ █▄█ ▀▄▀▄▀▄█ █▄█ ▀ ▀ █ █▄▀▄▀▄▀ █ █ █▄▄▄▄▄▄▄█
█   ▄▀█▄█▄█▀▄▄▀▀▄█ ▀▀█▄▄ ▀▀      █ ▄▀█ █ ▄▀ █▀▄▄   █▀ ▄ █ █
██▄▀▀▄█▄ ▄  ██ ▀▄  ██ ▄▄█▀▄▄█▀▀▀█ ▀█▄██▄▄▄▀▄█▀█▀▄█▄▄▀▄ ▄▄▄█
█ ▄█▀ █▄ ██▄ █▄ ▀▄█▄▀ █▄█▄▀▄▀██▀ █ █     ▀▄█ █▀▄ █▄▀▀▀▀▄▀▄█
█ ▀█▀ ▄▄ ▄▄ ▄  ▄██▀▄██▄ ▀ ▀▄▀▄█▀█▀ █▀███▄▀ ▀█▀▄█▀▀▀▄▀▄▀▀█▀█
██ ▀▀▀▄▄▄▄ ██▄█ ▀  ▀▄▄ █ ▄ ▄▄▄▄▄▄ ▄▀█▀▄▄▄▀▄█ ▄█▀▀███ ▀ ▄▄ █
█▄▄█▀▀█▄█▀▄ ▄▀▀▀▄ ▄▀▄  ▀ ▀ ▀█ ▄█ ▄█▄█▀▀    ▀█ ▀ ▀▄▄█▄▀▄▄▀██
██▀▄ ▄█▄  ▀▀▀█ ██ ▄███ ▄▀█▀▀ ▄   ▀▄▄▀█▀█  ▀▀▀▀█▄▄ ██  ▀▄ ▀█
█ ▄█▄█ ▄▀█▄▀▀ █▀▀▄█▀ ▄█▄  █▀ ▀ ▄▀▄▀██▀█▄██▀█▄▄ ▀▀█ █▄█ ▄█▄█
███▄▀▄▀▄█▀▄██ ▀  █  █ █▀██▀███▀▄▄▄  ▄▄▀ ▀█▄▄▄▀ █ █  ██▀▄▄ █
███▀  ▄▄▄ ▀▄ ▀█▄▀ ▄▄▀▀█▄▀▀█ ▄▄▄ ▀▄▀▄ ██▀ █▄▄ ▀▀▀█ ▄▄▄ ▀▀▀██
█▀  ▄ █▄█ █  █▄▄  █▄▄█▀▀ ▄▀ █▄█    ▀▄█▄▄ ▀ █▄▄ ▀  █▄█ ▀ ▀▀█
███▄▄▄ ▄▄ ▀█▄▄  ██▀▄█ ██▄▀▄▄ ▄  █ ▀▀ ▄▀▄ █ ▄ █ ██   ▄ ██▄▀█
█ ▄█▀▄ ▄ █▄▄ █▀███▄██▄ ▄▀ █ ▄▄▀▀▀█ ▄▄▀ █▄ █ ▀▀▄██ ██▄█▄ ▀██
█▀█▄▀██▄█▄▄ ▄▀▀▄▀ █▀▀▄▀▄▀█ █▄▀ ██ ▀ █▀▄▄ ▄▀▄▀▀ ▀ ▄▄▄██ ▄  █
██▄▄▀▀ ▄▄█▄▄▀▀▄▄██  ▀█▀█ ▄█▄███▄██▀▄ ▄▀▀▀▀▄▄▄▀▀▄██▀█▀█▀▄▄██
█▀ ▀▄▀█▄▄▄ ██▀ ▀ ▄ ▄  █▄▄▀█  ▄▄▀ █▀▄██▀█▀▀██▀ █▄▄██▀▀   █▄█
██▀▀ ▀ ▄▀▀ ▀  ▀▄  ██ █▄▀ █▀    ██▄▄▀█▀█▄ ▀ ▄▀▄▀ ▄▄▀▄   ██▄█
█▄▄▀▀▀ ▄▀  █▀██▀█▄█▄  █  ████▀▄▄██▀█▄▀▄  ▀▀ ▀▄ █ ▀▄▀█▀█▄ ██
██▄▀ ▄▀▄▄  █▀▄██▄█▀▀▀▄ █▀▀▄▀▄▄▀▄▀▀████ ▄ ▄█▀█▀███  ▄ ██▄ ▀█
█ ▀ ▀▀▄▄▄  ▄██▀  ▄▀ ▄▄ ▀█▄▄▀█ █▀▀  █▄▄██▄██▄ ██▀▀▄▄▄ ▄▄▄█ █
███████▄█ ██ ███▀▄ ▄ ▀███▄  ▄▄▄ ▄▀ █  ▀ ▀▀▀▄ █ ██ ▄▄▄ ▀▀ ██
█ ▄▄▄▄▄ ███ ███ ▀ █ ▀▀██▀ ▄ █▄█ ▄▄   ▄ ▄ ██ ██▄█  █▄█ █▀█▀█
█ █   █ █▀█▄▀  █▀█▄▀ ▄▀█ ▀▄▄▄▄    █▀▄▀█▄ ▀▀█    █  ▄ ▄█  ██
█ █▄▄▄█ █ ▄██  ▄  ▄█▄▀▄▀█▀▀ ▀▀█▀▄▀▀   ██ ▀█  █▄▀▄▄▀▀ ▀█▄█▀█
█▄▄▄▄▄▄▄█▄▄▄▄█▄▄██▄██▄▄▄▄████████▄██▄███▄▄█▄██▄▄██▄▄█▄█▄███

2025-08-29T19:59:44: 
2025-08-29T20:00:04: {"level":30,"time":"2025-08-29T19:00:04.847Z","pid":10716,"hostname":"LAPTOP-R3IJ5HFS","class":"baileys","trace":"Error: QR refs attempts ended\n    at Timeout.genPairQR [as _onTimeout] (C:\\Users\\55519\\Desktop\\DIGITAL MARKETING\\SAAS AND APP DEVELOPMENT\\Caio Website Personal Brand\\caio_personal_brand_current_one\\node_modules\\@whiskeysockets\\baileys\\lib\\Socket\\socket.js:485:21)\n    at listOnTimeout (node:internal/timers:588:17)\n    at process.processTimers (node:internal/timers:523:7)","msg":"connection errored"}
2025-08-29T20:00:04: 🔄 Scheduling reconnect attempt 1/10 in 5s...
2025-08-29T20:00:09: 🚀 Starting WhatsApp service...
2025-08-29T20:00:09: 📱 WhatsApp service started. Waiting for connection...
2025-08-29T20:00:10: {"level":30,"time":"2025-08-29T19:00:10.149Z","pid":10716,"hostname":"LAPTOP-R3IJ5HFS","class":"baileys","browser":["Chrome (Linux)","",""],"helloMsg":{"clientHello":{"ephemeral":"ts/jU/AJb05uJnbv/YjC0CTZRfCb7S+bZPp48UQmPAI="}},"msg":"connected to WA"}
2025-08-29T20:00:10: {"level":30,"time":"2025-08-29T19:00:10.236Z","pid":10716,"hostname":"LAPTOP-R3IJ5HFS","class":"baileys","node":{"passive":false,"userAgent":{"platform":"WEB","appVersion":{"primary":2,"secondary":3000,"tertiary":1023223821},"mcc":"000","mnc":"000","osVersion":"0.1","device":"Desktop","osBuildNumber":"0.1","releaseChannel":"RELEASE","localeLanguageIso6391":"en","localeCountryIso31661Alpha2":"US"},"webInfo":{"webSubPlatform":"WEB_BROWSER"},"connectType":"WIFI_UNKNOWN","connectReason":"USER_ACTIVATED","devicePairingData":{"eRegid":"AAAAcg==","eKeytype":"BQ==","eIdent":"cbYRkEcDyfKjU7Vy/0mnfLCn2c+eeKyZoO29q69/p0M=","eSkeyId":"AAAB","eSkeyVal":"BhgCF8zwY/SxxUx0kLxkFJ8aq824ykPDXLxkWaheJnM=","eSkeySig":"663vClLVjjoTEqNtDK+Wbkm8Gl6st09omD8p9x7ShcK147EjG2DesAA4o0GTxgvR7OGUS+EGQePyWf2fQl/9iw==","buildHash":"c9lQeUMlTdrMrIi/+YcPiA==","deviceProps":"Cg5DaHJvbWUgKExpbnV4KRgHIAA="},"pull":false},"msg":"not logged in, attempting registration..."}
2025-08-29T20:00:10: 🎯 QR Code detected! Displaying...
2025-08-29T20:00:10: 📱 Scan this QR code with your WhatsApp!
2025-08-29T20:00:10: 🔗 Or copy this link to scan:
2025-08-29T20:00:10: https://api.qrserver.com/v1/create-qr-code/?size=300x300&data=2%40efhyeDICD1Xc8I9GmGULT4MsgtTTVvon3DYVg5pXUdO66UIeT2PJHYM8PWqBAAOBLJ4ZtPB9MwpmOK27e7LeCpgeK%2BznDFJ6EQY%3D%2CvDxrf8w9yDU6tULr4GcT4A5KIoGxjY0M3hNnfkG0vhY%3D%2CcbYRkEcDyfKjU7Vy%2F0mnfLCn2c%2BeeKyZoO29q69%2Fp0M%3D%2CBUbNi50hvejVXFZwzs1YiUBVLNFXzjDFf1KdJU6qANg%3D
2025-08-29T20:00:10: 
2025-08-29T20:00:10: ▄▄▄▄▄▄▄▄▄▄▄▄▄▄▄▄▄▄▄▄▄▄▄▄▄▄▄▄▄▄▄▄▄▄▄▄▄▄▄▄▄▄▄▄▄▄▄▄▄▄▄▄▄▄▄▄▄▄▄
█ ▄▄▄▄▄ █▀█▄▄▀█▀█▀  ▄█▀▄█ ▄▀  ▄▄█▄██▄ ▄▀  ▄  █▄▄ ██ ▄▄▄▄▄ █
█ █   █ █▀▀▀ ▄▄██▄  █▄ ▄  ▀█▄█▀█▄▄▀ ▀▀ ██▄  ▀▄ ▄ ██ █   █ █
█ █▄▄▄█ █▀▀ ██▄ ▄██ ▄ ▀ ▀ █ ▄▄▄  ▄▀▀▀▀▀▀█▀▄▄ ▄▀▀▄██ █▄▄▄█ █
█▄▄▄▄▄▄▄█▄▀ ▀▄█▄▀▄█▄▀ █▄█ █ █▄█ ▀▄█ ▀▄█ ▀▄█▄█ ▀▄▀▄█▄▄▄▄▄▄▄█
█▄   ▄█▄▄▄▄▄ ▀ ▀▄▄  ▀█ ▀▄▀  ▄▄  ▀█▀█▀▄▀▄▀█▀▀▄▀▄▄▀  █▄█▄▀ ██
█▄▀ ▄█▄▄▀▀▀▀▀ ▄  █▀ ▀▀▀ ▀▀▄▄ ▄▀██▀▄▀▄▄▄███▀▄█▄▀█ █▀█  ▀▀▄▀█
█  ██▄█▄▄▄▀▀ ▄▄▄██▀ ▄▄▀▄ ▀ ▄▀█▀█▀▀█▄   ▄▀▀   ▀██▄▀▄▄██▀ ▄▀█
█▀ ▄▀▄▄▄▄ ▀ █▀▄▀  █ ▄█ ▀▀▄▀█▀█▀ ▀▀   ▀▀ ▄ █ █ ▀▀▀ ▄▄▄ ▀  ▀█
██▄▀▀▄▄▄▄▄ █▄▀▄▀▄█  ▄▄██   ▀▀   ▄█▀█  ▀▄█▀ ▀▄█▀▄▀ ▄▄▀▀▄▄▀▀█
█ █▀▄▄ ▄█▀█▀ █▀█▀█▀█ ▀▀█   ▄█▄ ▀█ █▄ ▄▀█ ▄▄▀▄▄█    ▄ ▄▀ █▀█
██ ▀▄▀▄▄▄▀▀█▀ ▀█▄▀▄ ▄█▀█▀▄▀▀███▀▄▀▄▄▄▄ ▄▀█ ▀ █▄█▄▀ ██▀█▄▀ █
██▀▄ ▀▄▄▄▄ ▀███▄▄   ▄██ ▀█▀ ▄  ▀▄█▄▀▄▄ █▀▀▀ ▀ ▄▄▄▄▀▀▄ ▀ ▀██
█ ▄███ ▄▄▄ ▀█▄█ ▀▄▄▄█▄█▀▄▀▀███  ▄ ▄ ▄▄▄██▀▀ ▄█▄▄▀  █ ▀█  ▄█
█▄▀ ▀ ▄▄▄ ▀▀▀▄█▀██▄█ ▀▄█▄ ▄ ▄▄▄ ▄ ▄▀▄█ ▄  ▀ █  ▀▄ ▄▄▄ ▀ ▄▀█
█████ █▄█ █▀ ▄▄▄▄▄▄▀▀█▄█▀ █ █▄█ ▄▀ ▄▄  ▄█▀ ▀▄▀▄█  █▄█ ██▀ █
█ ▀▄█ ▄▄  ▄▄▄▀▄▄ ▀ ▄▀█ █  ▄   ▄▄▀▀█ █  ▄  ▄ ██ ▄█▄   ▄▀▀▀██
██▄█▄▄▀▄▄▀█▀▀▀  ▄█ ▄▀█▀█▀▀█ ▄▄▀ ▄█▀█▄▄▀█▄▀▀  ▀ ▄▀▀███▄ █▄▄█
█ ▄ ▀ ▀▄█ ▄▀▄▄█▀▀█▀▀▄▀█▀▄▄ ▀██▀  █▄   ▀█▄ ▀▀ ▀▀▄██ ▀ ▀▀▀▄██
█▀▄▄▄▄█▄▀██▄▄▀▀▄▀█▄▄▀▀▀▀▄ ▄ ▀██  █▄█▄ ▀▄ █▀ ▀██▄█▀▀██▄▀▀▄ █
█▀ ▀█▄▀▄█▄█▀▀▄▀█▀██▄▀  █▄ ▄▀▀█  ▀▄ █▄  ▄▀█ ▀▀▄▄ ▄█ ██▄▀▀▄▄█
█▄  ▀ ▄▄▄    █▀ ▀▄▄ ▄▄▄▀ ▀█▀█▄█▀▀█▀█  ▀▄██▀▀▄▀▄██ ▄█▄▄  █▀█
██ ▄█▀▄▄▄▀ ▄█▀█▄▀▀▀  ▀▀ ▄▄█▀▀  ▄▀▀▀█▀▄ ▄ █▀▀ █ █ ▄▄█▄▄   ██
█▀▀ █▄▄▄▀▀▀▄██ ██▄▀ ▄▄▀▄  ▄▄▀▄  █▀█▄▀▄▀█▀▀   █▀▄█  ▀▄█▀▀▄██
█ ▀ ▀▀▄▄ ▀▄▄▀ ▄▀█▄▀ ▀█  ▀ █ █▄▄ ▄▄▄▀ █ █▀█▀ ▀ █▄█▄ ▀ █▀ ▄██
███████▄█ ▄▀▄██▄▄█▄  █▀█▀   ▄▄▄ ▄▀▄██▄▀▄██ ▀▀██▄▀ ▄▄▄  ▄███
█ ▄▄▄▄▄ █▄ ▀█▀▄▀ ▄ ██▀▄▀  █ █▄█  █▀▄▀▀█▀████▄█ ▄█ █▄█ ▀▀▄▀█
█ █   █ █ ▀▄▀▄██▄▀▄ ▄███▀▄  ▄▄ ▄▄██▄▄ ▄█▀█  ▄█▄▄▄▄ ▄  █████
█ █▄▄▄█ █ █▄█▀ ▄▄ ▄█▄█ █▀██▀▀█▀█▄█▄ ▄ █▄█ ▀▀█▄█▀  ▀▄▀▀▀▀███
█▄▄▄▄▄▄▄█▄▄██▄▄▄▄▄▄▄████▄███▄▄█▄▄▄▄▄▄▄▄█▄███▄█▄▄███▄██▄█▄██

2025-08-29T20:00:10: 
2025-08-29T20:01:10: 🎯 QR Code detected! Displaying...
2025-08-29T20:01:10: 📱 Scan this QR code with your WhatsApp!
2025-08-29T20:01:10: 🔗 Or copy this link to scan:
2025-08-29T20:01:10: https://api.qrserver.com/v1/create-qr-code/?size=300x300&data=2%40JD5HG2uA9Rg3zPYZ6nU4rrXg6F0ZLiN3GaTNZb8tBM8CB85H4pCZFBbHImOJJuqwOeQrR%2BSeD3s%2FAIvXiOvs6WdY4d5DfmZL4Jc%3D%2CvDxrf8w9yDU6tULr4GcT4A5KIoGxjY0M3hNnfkG0vhY%3D%2CcbYRkEcDyfKjU7Vy%2F0mnfLCn2c%2BeeKyZoO29q69%2Fp0M%3D%2CBUbNi50hvejVXFZwzs1YiUBVLNFXzjDFf1KdJU6qANg%3D
2025-08-29T20:01:10: 
2025-08-29T20:01:10: ▄▄▄▄▄▄▄▄▄▄▄▄▄▄▄▄▄▄▄▄▄▄▄▄▄▄▄▄▄▄▄▄▄▄▄▄▄▄▄▄▄▄▄▄▄▄▄▄▄▄▄▄▄▄▄▄▄▄▄
█ ▄▄▄▄▄ █▀█▄▄▀▄ ██▀ ▄█▀▄▄ ▄▀  ▄▄█▄▀▀██▄███▀▄▄▄▄▄ ██ ▄▄▄▄▄ █
█ █   █ █▀▀▀  ▄█▄█  █▄ ▄  ▀█▄█▀█▀▄▀ ▀  █▄▄  ▄▄ ▄ ██ █   █ █
█ █▄▄▄█ █▀█  ▄▄ ▄██ ▄ ▀ ▀ █ ▄▄▄ █ ▀▀▄▄▀▀ ▀▄▄█ ▀▀▄██ █▄▄▄█ █
█▄▄▄▄▄▄▄█▄▀▄▀ █▄▀▄█▄▀ █▄█ █ █▄█ ▀▄█ ▀▄█ ▀▄█▄█ ▀▄▀▄█▄▄▄▄▄▄▄█
█▄    ▀▄ ▄▀▀▄█ ▀▄▄  ▀█ ▀▄▀▄ ▄▄  ▀█▀█▀▄▀▄▀█▀▀▄▀▄▄▀  █▄█▄▀ ██
█▄▀ ▄▄▄▄ █▀█▀▄▄  █▀ ▀▀▀ ▀▀▀█▄ ▀██▀▄▀▄▄ ███▀ █▄▀█▄ ▀█▀█▀▀▄▀█
█  ▀▄▄█▄▄▀▀▀ ▄▄▄██▀ ▄▄▀▄ ▀▀█▄█▀█▀▀ ▄  ▄▄▀▀▀▀ ▀▄▄  ▄▄▀██ ▄▀█
█ ▄█ ▄▄▄▄ ▀ █▀▄▀  ▀▀▄█ █▀▄▀█▀▄█ ▀▀▀▄▄▀ ▄▄ ▀▀▀   ▄▄▄▄▄    ▀█
█▀  █▄▄▄▄▄ █▄▀▄▀█▄▄▄▀█▀█▄▀ ▀▀ █▀▄█▀▄▄ ▀█ █▀▀▄▀██▀ ▄▄▀▀▄█▀██
██ ██▄▄▄█▀█▀ █▀███▀██▄▀██▄ ▄█▄ ▀▀▄█▄▄▄▀▄██▄  ██    ▄ ▄▀  ██
█▀▀▀▄▄▄▄▄▀▀█▄▄▀█▄▀▄ ▄█▀█▀▄▀▀███▀▄▀▄▄▄  ▄▀▀ ▀ █▄█▄▀▄▄█▀█▄ ▀█
██▀▄   ▄ ▄▄█▄   ▄   ▄██ ▀█▀ ▄  ▀▄▄▄▀▄█ █ ▀▀ ▀ ▄▄▄▄ ▄  ▀ ▀██
█ ▄██▀▄▄▄ █▀███ ▀▄▄▄█▄█▀▄▀████  ▄ ▄ ▄▄▄██▀▀ ▄█▄▄▀ ███▀█  ▄█
█▄▀ ▀ ▄▄▄ ▄▄▀▄████▄█ ▀▄█▄   ▄▄▄ ▄  █▄█ ▄  ▀▄█ ▄█  ▄▄▄ ▀ ▄▀█
███▀▀ █▄█ █▀ ▄█▄▄▄▄▀▀█▄█▀ ▀ █▄█ ▄▀█▄▄ ▀▄█▀▀▀▄▀▀▄  █▄█ █ ▀ █
██▀▄█▄ ▄▄▄▄▄▄▀▄▄ ▀ ▀▀█▄▀  █▄  ▄▄▀▀▄▀▀▄▀█    ▀▀█▄     ▄▀▀▀██
█▀▀ ▄▄▀▄█▄█▀▀▀  █▄▄ ▀▄██▀ █ ▄█▀ ▄█▀██ ▀▄▀█ ▀ ▀▄▄█▀██▄█ ▄▄ █
██▀██ ▀▄▀ ▄▀▄▄█▀  ▀▀█▄█▀   ▀ ▄▀ ▄█▄ ▄▀▀▄█▀▀▀ ▄▀███ ▀██▀▀ ▀█
██▄▄▄▄█▄▀██▄█ ▀▄▀█▄▄▀▀▀▀▄ ▄ ▀██▀▄█▄█▄▄▀▄▀▀▀ ▄██▄█▀▀██▄▀▀▄ █
█▀ ▀█▄▀▄█▄█ █▄█ ▀██▄▀  █▄ ▄▀▀█ ▄ █ ██▀ ▄ █ ▀▀█▄ ▄█ ██▄▀▀▄▄█
█▄  ▀▄ ▄▄ ▀ ▄█▀▀▀▄▄ ▄▄▄▀ ▀█▀█▄█▀▀█▀█  ▀▄██▀▀▄▀▄██ █▀▄▄▄▄█▀█
██ ▄█  ▄▄▀█▀▀ ▄█▀▀▀  ▀▀ ▄▄█▀▀  ▄▀▀██▀▄ ▄ █▀▀ █ █   ▀▄▄▀▀ ██
█▀▀█▀█ ▄ ▄████ ▀█▄▀ ▄▄▀▄  ▄█▀▄  █▀█▄▀▄█▄▀▀▄  ██▄▀▀▀▀███ ▄██
█ ▀ ▀▀▄▄▀ ▄▄▀ ▄▀█▄ █▀█  ▀ ▄▀█▄▄ ▄▄▄ ▄▀  █▀ ▀█▄▀ █▄ ▀▀ █▀▄██
███████▄█▀▄▀▄██▄▄█▄ ▀█▀█▄▀  ▄▄▄ ▄▀▄█▄▄ █▄█▀  █▄█▀ ▄▄▄ ▀████
█ ▄▄▄▄▄ █▄ ▀█▀▄▀   █▀▄▄▀█▄█ █▄█  █▀▄▀▀▄▀▄ ▄▄▀▄ ▄▀ █▄█ ▀▀ ▀█
█ █   █ █ ▀▄▀ ██▄▀▄ ▄███▀▄   ▄ ▄ ██▄▄ ▄█▀█  ▄▀▄▄█▄ ▄▄ ██▄██
█ █▄▄▄█ █ ▄▀▄ ▄ ▄ ▄█▄█ █▀██▀▀█▀███▄ █ █▄█▀▀▀█▄█▀  ▀▄ █▀▀███
█▄▄▄▄▄▄▄█▄██▄███▄▄▄▄████▄██████▄▄▄▄▄▄▄▄█▄███▄█▄▄███▄██▄█▄██

2025-08-29T20:01:10: 
2025-08-29T20:01:30: 🎯 QR Code detected! Displaying...
2025-08-29T20:01:30: 📱 Scan this QR code with your WhatsApp!
2025-08-29T20:01:30: 🔗 Or copy this link to scan:
2025-08-29T20:01:30: https://api.qrserver.com/v1/create-qr-code/?size=300x300&data=2%40XJHDyF5p1i6U5ZdoUZIbTsJy8qAQ%2BmADCrsI1vIFz0o0Sxm9gu7A1Z6UgWE7Enps9fZK7x66ToZiLSnVTJfbvR5AATan2kiUSgg%3D%2CvDxrf8w9yDU6tULr4GcT4A5KIoGxjY0M3hNnfkG0vhY%3D%2CcbYRkEcDyfKjU7Vy%2F0mnfLCn2c%2BeeKyZoO29q69%2Fp0M%3D%2CBUbNi50hvejVXFZwzs1YiUBVLNFXzjDFf1KdJU6qANg%3D
2025-08-29T20:01:30: 
2025-08-29T20:01:30: ▄▄▄▄▄▄▄▄▄▄▄▄▄▄▄▄▄▄▄▄▄▄▄▄▄▄▄▄▄▄▄▄▄▄▄▄▄▄▄▄▄▄▄▄▄▄▄▄▄▄▄▄▄▄▄▄▄▄▄
█ ▄▄▄▄▄ █▀█▄▄▀▄ ▀█▀▀ █▀▄ ▄▄▀  ▄▄█▄▀▀ ▀▄▀▀█ ▄█▄▄▄ ██ ▄▄▄▄▄ █
█ █   █ █▀▀▀▄ ▄█▄█  ▄█ ▄  ▀█▄█▀█ ▄▀ ▀  ██▄   █ ▄ ██ █   █ █
█ █▄▄▄█ █▀▀ ▄▀▄ ▄██ ▄ ▀ ▀ █ ▄▄▄ ▄█▀▀ ▄▀▀  ▄▄  ▀▀▄██ █▄▄▄█ █
█▄▄▄▄▄▄▄█▄▀ █▄█▄▀▄█▄▀ █▄█ █ █▄█ ▀▄█ ▀▄█ ▀▄█▄█ ▀▄▀▄█▄▄▄▄▄▄▄█
█▄   ▄█▄▄   █▄ ▀▄▄  ▀█ ▀▄▀  ▄▄  ▀█▀█▀▄▀▄▀█▀▀▄▀▄▄   █ ▀▄▀ ██
█▄▀ ▄█▄▄▄ ▄▀█▀▄  █▀ ▀▀▀ ▀▀▄▄  ▀██▀ █▄▄▄▀██▀ █▄▀▀▀▄ ██▀▀▀▄▀█
█  █ ▄█▄▀█▄▄ ▄▄▄██▀ ▄▄▀▄ ▀ ▄▀█▀█▀▀██  ▄█▀▀   ▀▀█▀▀▄▄▀██▄▄▀█
█▀▄▀ ▄▄▄▄ ▀ █▀▄▀   ▄▄███▀▄▀█ █▀ ▀▀▄█▄█      █ ▀▄▄ ▄▄█▀▀▀ ▀█
██▀▀ ▄▄▄▄▄ █▄▀▄▀█▄   █▄▀▀▀ ▀▀ ▀▀▄█▀▄ ▄█▄▀█▀▀▄▀█▄▀ ▄▄▀▀█▄▀██
█▀▀ ▄▄▄▄█▀█▀ █▀█▄ ▀█▀▄▀█▄▄ ▄█▄▀ ▀ █▄█▄ ▄▀█▄ ▄▀▄   ▄  ▄▀ ▄▀█
██▄▀▄▀█▄▄▀▀█  ▀█▄▀▄ ▄█▀█▀▄▀▀███▀▀█▄▄ ▄ ▄█▀ ▀▄█▄█▄▀ ██▀█▄ ▀█
██▀▄ █ ▄  ▄█▀ ▀▄▄   ▄██ ▀█▀ ▄  ▀█▄▄▀██ █ ▀▀  ▀▄▄▄▄▀█▄ ▀ ▀██
█ ▄██▀▀▄ █▀██   ▀▄▄▄█▄█▀▄▀████  ▄ ▄ ▄▄▄██▀▀ ▄█▄▄▀ ▀█ ▀█  ▄█
█▄▀ ▀ ▄▄▄ ▀▀▀█ ▄██▄█ ▀▄█▄ █ ▄▄▄ ▄ ▄█▄█▄   █▄█ ▄█▄ ▄▄▄ ▀ ▄▀█
████▄ █▄█ ▄  ▄▄ ▄▄▄▀▀█▄█▀ ▀ █▄█ ▄▀▄█▄ ▀██▀▀▀▄▀▄▄▀ █▄█ ▄▄▀ █
█  ▄▀▄ ▄▄ ▄▄▄▀▄▄ ▀ ▄▀██▀  █   ▄▄▀▀▄▀▀ ▄▄▄▄█ █▀█▀  ▄ ▄▄▄▀▀██
██▀▀ ▄▀▄█ █▀▀▀  ▄▄▄ ▄▄▀█▄▀█ ▀▄▀ ▄█▀█  ▀▄███▀▄▀▄▄█ ██▄█ █▄ █
█▄▄ ▀ ▀▄ █▄▀▄▄█▀██▀▀█ █▀ ▄ ▀  ▀ ▄█▄ ▄▄▀▄▄▀ ▀█ ▀███ ▀ ▀▀▀ ██
█▀▀▄▄▄█▄▀██▄▀ ▀▄▀█▄▄▀▀▀▀▄ ▄ ▀█▀▀ ▀▄█▀ ▀▄▀█▀ ▄▀█▄█▀▀██▄▀▀█ █
█▀ ▀█▄▀▄█▄█▀ ▀ █▀██▄▀  █▄ ▄▀▀█▄ ▀█ ██  ▄▀█ ▀▀▄▄ ▄█ ██▄▀▀▄▄█
█▄  ▀ ▀▄▄ ▄█ ▀▀▄▀▄▄ ▄▄▄▀ ▀█▀█▄█▀▀█▀█  ▀▄██▀▀▄▀▄██ ▄▀▄▄▄▄█▀█
██ ▄█▄█▄▄▀ ▀  ▀▄▀▀▀  ▀▀ ▄▄█▀▀  ▄▀▀▀█▀▄▄▄ ███ █▄█ ▄▀▀▄▄▀  ██
█▀▀█  █▄██▀███ ▀█▄▀ ▄▄▀▄  ▄▀▀▄  █▀█▄▀▄ █▀▀   █▀█▀   ▀▄▀ ▄██
█ ▀ ▀▀▄▄▀ ▄▄▀ ▄▀█▄  ▀█▄█▀ ▄ █▄▄ ▄▄█  ▀█▀▀█▀▀█▄█▄ █ █ ▀ ▀▄██
███████▄█▀▄▀▄██▄▄█▀▄ █▄▀▀▀  ▄▄▄ ▄▀▄█   ▄██  ▄█▄▄▀ ▄▄▄  █▀▀█
█ ▄▄▄▄▄ █▄ ▀█▀▄▀█▄ █▄█▄▀█▄█ █▄█  ▀▀▄▀▀█ ▄██▄ █▀█▀ █▄█ ▀▀▀▀█
█ █   █ █ ▀▄▀▄██▄▀▄ ▄███▀▄  ▄  ▄▄▀█▄  ▄█▀▀   █▄▄█▄ ▄ ▄█████
█ █▄▄▄█ █  ██▀▄▄▄ ▄█▄█ █▀██▀▀▀▀███▄ █ █▄▄▀▀▀▄██▀  ▀▄▀▀▀▀███
█▄▄▄▄▄▄▄█▄█▄███▄▄▄▄▄████▄██████▄▄▄▄▄▄▄▄█▄███▄█▄▄███▄▄▄▄█▄██

2025-08-29T20:01:30: 
2025-08-29T20:01:50: 🎯 QR Code detected! Displaying...
2025-08-29T20:01:50: 📱 Scan this QR code with your WhatsApp!
2025-08-29T20:01:50: 🔗 Or copy this link to scan:
2025-08-29T20:01:50: https://api.qrserver.com/v1/create-qr-code/?size=300x300&data=2%40lgphpnVI38DbjnYZpQVk3VDKi4MBEuww7uPifHgG1RR%2F6CQHX8q%2BritTwldAC9Y1cViu7MmJ0MVp5IXx8QXFpGBpSR8WPH8gcvI%3D%2CvDxrf8w9yDU6tULr4GcT4A5KIoGxjY0M3hNnfkG0vhY%3D%2CcbYRkEcDyfKjU7Vy%2F0mnfLCn2c%2BeeKyZoO29q69%2Fp0M%3D%2CBUbNi50hvejVXFZwzs1YiUBVLNFXzjDFf1KdJU6qANg%3D
2025-08-29T20:01:50: 
2025-08-29T20:01:50: ▄▄▄▄▄▄▄▄▄▄▄▄▄▄▄▄▄▄▄▄▄▄▄▄▄▄▄▄▄▄▄▄▄▄▄▄▄▄▄▄▄▄▄▄▄▄▄▄▄▄▄▄▄▄▄▄▄▄▄
█ ▄▄▄▄▄ █▄▀▄ █▄▄ █▄█▄▀█▄▀▄▄█▄   █ ████ ▀▄▀▄ ▀  ▄ ██ ▄▄▄▄▄ █
█ █   █ █    █████ ▀██▀█▀  ██▄▀▄ █ ▀  ▀██▄ ▀▀▄▀▄ ██ █   █ █
█ █▄▄▄█ █▄  ▀▀ ▀▀▀▄█ ▀▄▄ █▀ ▄▄▄ ██▄█▀██ ▀▀█▀▀▀▄▀▄██ █▄▄▄█ █
█▄▄▄▄▄▄▄█▄█▄█▄█ █▄▀ ▀▄▀▄▀▄█ █▄█ ▀ ▀ █ █▄█▄▀ █▄█▄█ █▄▄▄▄▄▄▄█
█▄   ▀▀▄▀ █▀█▄▀▀██ ▀ █▀ ▄ █▄▄▄   █ ▄▀█ ▄ ▄▀ █▀██▀▀▄█▀ ▄ ▀▄█
█▀█▀▀ ▄▄█▀▄█ ▄ ▀█▀ ██ ▄▄ ▄▀█▀   ▀ ▀▀█▀   ▀▄█▀█▄█▀█▄█▀▄ ▄  █
█▄ ▄ ▄▀▄▀█▄▄▄ ▄ ▀██▄▄ █▄▄█▀ █▀█▀▀█▀▄▄▄  █▀█▄ █ █ █▄ ██▀ ▄██
█▀  ██▄▄█  ▀█ █▀▀▀ ███▀█▀█ █▀▄██ ▀ ▀ ▄ ▄█▀▄▀▄▄▀ ▄ █▄█▀ ▀▀▀█
█ ██▀ █▄ ██▀█▄   ▀█▀▄▄ █▀█▄ ▄▄ █ ▄▄▀▀▀▄███ █ ▄ ▀ █ █▄██ ▀ █
█▄██▄  ▄██▀▀▄▀▀▀█▀█▀▀▀██▀   ▀▄███▄▀▄█  ▀▄█▀▄▀ ▀▀▄▄▄ ▄▄█▄▄██
██▄▀███▄█▀ ▄▄  ██ ▄▀██ ▄▀█ ▀▄▄█ ▀███ ▀▀▄    ▀██▄▄  █▄ ██▀▀█
█ ████▄▄▄█▄  █ ▄▀▄▀█ ▄ ▄  █▀▀▄▀▄▀█▀██▀▄▄▄█ ██▀▀ █▀▀██  ██▄█
█▄▄▀▀▀▄▄▀▄▀█▄▄▀▄█▄  █ ▀▀ █▀█▀█▄▄▄▄    ▄▀▀▀█▄▄▀ ▄ █▀▀▀█▀▄  █
██    ▄▄▄ ▄ ▄█▀ ▄▄▄▄▀▀█▄▄▀▀ ▄▄▄ █ █▄▄▄█ ▀▀█▀▄ █▄█ ▄▄▄ ▀▀█▀█
█ ▀▀█ █▄█ ▄ ▀▀▀█▀ █▄█▄▀▀ █▀ █▄█   ▄ ██ ▄ █▀█  ▀▀▄ █▄█  ▄█▀█
█▀█ ▄▄ ▄▄▄ ▄ █▄ ▄▀ █▀▀ █▄▄▄▄▄   ▀█▀ ▀ ▄  ▄▄▄▀▀▄ ▄▄▄    ▄▀▀█
██ ▀██▀▄▄ ▄ ▀ ▀  █▄█▀▄▀ ▀▀▄ ▄▄▀▀██ ▄ █ █▄   ▀██▄█ ▄███ ▄▀▄█
█ █▀▀▄ ▄▄▄▀██▀▀ ▄  ▄   ███▄ ▄▀ █  ▀▄███▄▀▀ ██▄▄ █ ▄ █▀ ▄▄ █
██▀  ▄▀▄▀▀▀▄▄▄▀ ██  ▀██▀ ▄▄▄██▄ ▄▀ █  ▀ ▀▀█▄▄█▀▄▀█▀▀▀▄█████
█ ▀▀▄█▀▄▄▄ █ ▄▀▀ ▄██  ▀▄▄▀█▀ ▄▄▀ █▀▄█▀▀▄▀▄  ▀▄█▀▄▄▀█▄█▀ █▄█
█▀▄▀▄▀ ▄ ▀▄▀██▀▄▄ ██ █▀█▀▄▀   ▄▄█▄▄▀▀███ ▀ ▄  ▀▀▄█ ▀▀ ▀▀▀ █
█▀  ▀ ▄▄▄██▄▄▀▄▄█▀█▄ ██   ███ ▄ ▀█▀██   ▄███ ▀▄█▄▀ ▀ ▄█▄ ▀█
█  █ ▄▄▄▀ ▄▄█▄ █▄█▀▀█▄ █ ▀█▄ █ ▀▄▀▄█▀█ █  ▀ ▀███▀█▀▄██▀ ███
█ ▀ ▀▀▄▄█▄▀  █    ███▄▀▄ █▀█  ██ █ ▄█ ▀  ▀▄▄███▄▄▀▄▄ █▀▄ ▄█
███████▄▄▀ ▀ ▀█  █ ▄▀ ▀▀▄▄  ▄▄▄ ▄█ █ ▄█▀████▄▀▄█▀ ▄▄▄ █ ███
█ ▄▄▄▄▄ ██▀ █ █▀ ▄ ▄▄▄█ ▄ ▄ █▄█ ▀█ ██ █ █ ▄▄▄  █  █▄█ ▀ ▀██
█ █   █ █▀▄  ▄▀▄▀███ ▄ ▀ ▀▄  ▄  ▄▄  ▀█ ▄▀█▀█  ▀ ▄ ▄▄ ▄▄ ▀▄█
█ █▄▄▄█ █ ▀▀   ▄   ▀▄▀▄██▀██ ▀█▀▄▀   ██   ███ ▀▀▄▄▀ ▀▀███▀█
█▄▄▄▄▄▄▄█▄▄▄██████▄█▄█▄▄▄▄▄█▄▄███▄██▄████▄█▄█████▄▄▄▄▄▄▄███

2025-08-29T20:01:50: 
2025-08-29T20:02:10: 🎯 QR Code detected! Displaying...
2025-08-29T20:02:10: 📱 Scan this QR code with your WhatsApp!
2025-08-29T20:02:10: 🔗 Or copy this link to scan:
2025-08-29T20:02:10: https://api.qrserver.com/v1/create-qr-code/?size=300x300&data=2%40XxN7dc5dFjW3JNKYZNqiA8Ebip5sZZjJ2KAqB62%2FO1Zeu18FZxfY6WR3YtsjwwEHP1H7vS6OTFosXcD47NRg9j%2FdtBmkVELvxH4%3D%2CvDxrf8w9yDU6tULr4GcT4A5KIoGxjY0M3hNnfkG0vhY%3D%2CcbYRkEcDyfKjU7Vy%2F0mnfLCn2c%2BeeKyZoO29q69%2Fp0M%3D%2CBUbNi50hvejVXFZwzs1YiUBVLNFXzjDFf1KdJU6qANg%3D
2025-08-29T20:02:10: 
2025-08-29T20:02:10: ▄▄▄▄▄▄▄▄▄▄▄▄▄▄▄▄▄▄▄▄▄▄▄▄▄▄▄▄▄▄▄▄▄▄▄▄▄▄▄▄▄▄▄▄▄▄▄▄▄▄▄▄▄▄▄▄▄▄▄
█ ▄▄▄▄▄ █▀█▄▄▀█▀██   ▀▀▄▄▄▄▀  ▄▄█▄▄▀█▄▄▀█▀▀▄ ▄▄▄ ██ ▄▄▄▄▄ █
█ █   █ █▀▀▀ ▄▄███  ██ ▄▀▀▀█▄█▀█▄▄▀ ▀▀ █▄▄   █ ▄ ██ █   █ █
█ █▄▄▄█ █▀█▄▀▄▄ ▄██ ▄ ▀ ▀ █ ▄▄▄ █▄▀▀██▀▀██▄▄▄▀▀▀▄██ █▄▄▄█ █
█▄▄▄▄▄▄▄█▄▀▄▀▄█▄▀▄█▄▀ █▄█ █ █▄█ ▀▄█ ▀▄█ ▀▄█▄█ ▀▄▀▄█▄▄▄▄▄▄▄█
█▄    ▀▄   █▄  ▀▄▄  ▀█ ▀▄▀▄ ▄▄  ▀█▀█▀▄▀▄▀█▀▀▄▀▄▄▀▀ █▄▀▄▀ ██
█▄▀ ▄▄▄▄▄▄▀█▀▄▄  █▀ ▀▀▀ ▀▀▀▄▄▄▀██▀ ▀▄▄▄████▄█▄▀▀█▄ █▀ ▀▀▄▀█
█  ██▄█▄█    ▄▄▄██▀ ▄▄▀▄ ▀▀▄██▀█▀▀▄▄  ▀▄▀▀▀▀ ▀▄▄▀▀▄▄█▀█▄▄▀█
█▀ █▀▄▄▄▄ ▀ █▀▄▀  ▀▀▄█ ▄▀▄▀█ █▀ ▀▀▄█▄▀█   █▄█ ▀█▀▀▄▄█▀█  ▀█
█▀ ▀▄▄▄▄▄▄ █▄▀▄▀▄█ ▄▄▄▀▀   ▀▀ █▀▄█ █▄  ▄▀▀  ▄▀█▄▀ ▄▄▀▀▄████
█▀▀▀█ ▄▄█▀█▀ █▀██▄▀██▄▀█▀▀ ▄█▄ ▀█▄█▄▀▀ █ ██▀▀█▄▀   ▄ ▄▀  ██
█▄ ▀▄█▀▄▄▀▀█▀▄▀█▄▀▄ ▄█▀█▀▄▀▀███▀ █▄▄▄▄ ▄▀█ ▀ ▀▄█▄▀▀██▀█▄▀▀█
██▀▄  ▄▄  ▄▀▄█▀▄▄   ▄██ ▀█▀ ▄  ▀██▄▀██ █  ▀ ▀ ▄▄▄▄▀▄ ▄▀ ▀██
█ ▄████▄█ ▀▄▀▄  ▀▄▄▄█▄█▀▄▀▀███  ▄ ▄ ▄▄▄██▀▀ ▄█▄▄  ▀█▀▀█  ▄█
█▄▀ ▀ ▄▄▄ ▄  ▀█ ██▄█ ▀▄█▄ ▀ ▄▄▄ ▄  ▀▄█▄   ▀▄█ ▄█  ▄▄▄ ▀ ▄▀█
███▀▄ █▄█  ▄ ▄  ▄▄▄▀▀█▄█▀ ▀ █▄█ ▄▀ ▄▄  ██▀▀▀▄▀▀▄█ █▄█   ▀ █
██ ▀▀  ▄ ▄▄▄▄▀▄▄ ▀▄ ▀█▀▀  ▄   ▄▄▀▀█ ▀▄ ▄ ▄▄█▀██▄█▄▄▄▄▄ ▀▀██
██▀▄▀▄▀▄█▀█▀▀▀  █▄ ▄ ███▀ █ ▀▄▀ ▄█▀█▄▄▀▄▀██▀▄▀ ██▄██▀▄ █  █
█ ▄██ ▀▄▄ ▄▀▄▄█▀█▄▀▀ ▄█▀█▄ ▀█ ▀  ▀▄   ▀██▀▀▀▄▄▀▄██ ▀▄ ▀▀███
█▄▀▄▄▄█▄▀██▄▄▀▀▄▀█▄▄▀▀▀▀▄ ▄ ▀██▄ █▄█ ▄▀▄▄█▀ ▄▀█▄█▀▀██▄▀▀█▀█
█▀ ▀█▄▀▄█▄▀▄▄ ▄▄▀██▄▀  █▄ ▄▀▀██▄▀█ ██  ▄ █ ▀ ▄▄ ▄█ ██▄▀▀▄▄█
█▄  ▀█▀▄▄    ▀▄▄▀▄▄ ▄▄▄▀ ▀█▀█▄█▀▀█▀█  ▀▄██▀▀▄▀▄██ ▀▀▄▄▄▄█▀█
██ ▄██▀▄▄▀█▀▀█ ▄▀▀▀  ▀▀ ▄▄█▀▀  ▄▀▀▀█▀▄▄▄ ██▀ █ █ █▀▀▄▄▀  ██
█▀▀██▄ ▄ ▄  ██▀ █▄▀ ▄▄▀▄  █ ▀▄  █▀▄▄▀▄██▀▀   ██▄▀█▄▀▀▄ ▀▄██
█ ▀ ▀▀▄▄  ▄▄▀ ▄▀█▄▀▄▀█▄▄▀ ▄▀█▄▄ ▄▄▄▀ █ ▄█▀▀██▄▄█ ▄▄▀▀▄▀▀▄██
███████▄▄▀▄▀▄██▄█▄▄▄ █▄▀▄▀  ▄▄▄ ▄▀▄█▄  █▀█ ▀ ▀ █▀ ▄▄▄  ▄▀██
█ ▄▄▄▄▄ █▄ ▀█▀▄▀   █▀▄▄▀▄ █ █▄█ ▄█▀▄ ██▀▀███▄█▀▄▀ █▄█ ▀▀▄██
█ █   █ █ ▀▄█▀██▄▀▄ ▄███▀▄   ▄ ▄ ▀█▄  ▄███  ▄▀▄▄█▄ ▄ ▄███▄█
█ █▄▄▄█ █ ▄  ▀▄▀▄ ▄█▄█ █▀██▀█▀▀██▄▄ ▄ █▄▄ ▀▀█▄█▀  ▀▄▀█▀▀███
█▄▄▄▄▄▄▄█▄█▄█▄▄█▄▄▄▄████▄████▄█▄▄▄▄▄▄▄▄█▄███▄█▄▄███▄▄▄▄█▄██

2025-08-29T20:02:10: 
2025-08-29T20:02:30: 🎯 QR Code detected! Displaying...
2025-08-29T20:02:30: 📱 Scan this QR code with your WhatsApp!
2025-08-29T20:02:30: 🔗 Or copy this link to scan:
2025-08-29T20:02:30: https://api.qrserver.com/v1/create-qr-code/?size=300x300&data=2%40c4GZY9azH9U4rAq%2BSBez0R2ouCHd%2BRwwonnyv1nhRvnfKf7XOIhEbCKCa4%2FUMszysDJjRwE6fdGhcLQPK9T4%2BVgGRxYCfMqclQQ%3D%2CvDxrf8w9yDU6tULr4GcT4A5KIoGxjY0M3hNnfkG0vhY%3D%2CcbYRkEcDyfKjU7Vy%2F0mnfLCn2c%2BeeKyZoO29q69%2Fp0M%3D%2CBUbNi50hvejVXFZwzs1YiUBVLNFXzjDFf1KdJU6qANg%3D
2025-08-29T20:02:30: 
2025-08-29T20:02:30: ▄▄▄▄▄▄▄▄▄▄▄▄▄▄▄▄▄▄▄▄▄▄▄▄▄▄▄▄▄▄▄▄▄▄▄▄▄▄▄▄▄▄▄▄▄▄▄▄▄▄▄▄▄▄▄▄▄▄▄
█ ▄▄▄▄▄ █▀█▄▄▀▄ ▀▀▀▀ ▀ █ ▄▄▀  ▄▄█▄██▄ ▄█▀▀█▄▀█▄▄ ██ ▄▄▄▄▄ █
█ █   █ █▀▀▀▄ ▄█▄▄  ██ ▄ ▀▀█▄█▀█▄▄▀  ▀ █▄▄   █ ▄ ██ █   █ █
█ █▄▄▄█ █▀█ ▄ ▄ ▄██ ▄ ▀ ▀ █ ▄▄▄ ▀▄▀▀█▀▀▀ ▄▄▄▄ ▀▀▄██ █▄▄▄█ █
█▄▄▄▄▄▄▄█▄▀ █▄█▄▀▄█▄▀ █▄█ █ █▄█ ▀▄█ ▀▄█ ▀▄█▄█ ▀▄▀▄█▄▄▄▄▄▄▄█
█▄   ▄█▄ ▄   █ ▀▄▄  ▀█ ▀▄▀  ▄▄  ▀█▀█▀▄▀▄▀█▀▀▄▀▄▄▀  █ ▀▄▀ ██
█▄▀ ▄▄▄▄█▄▀ █ ▄  █▀ ▀▀▀ ▀▀▀▄  ▀██▀▄█▄▄ ▀███ █▄▀▀▄▀▀▄██▀▀▄▀█
█    ▄█▄ ▄▄▀ ▄▄▄██▀ ▄▄▀▄ ▀▀▄▀▀▀█▀▀█▄   ▄▀▀ ▀ ▀██▄▀▄▄▀▀█▄▄▀█
██▄ █▄▄▄█▀▀ █▀▄▀  ▀ ▄█▄▄▀▄▀█▀██ ▀▀▀▄ ▀▄▄▄▄█▄▀ █▀█▄▄▄▄ ▀▀ ▀█
█  █ ▄▄▄▄▄ █▄▀▄▀█▄▀▄▀█▀▀▀  ▀▀   ▄█▀█▄  ▄▀█ ▀██▄█▀ ▄▄▀▀█████
█▄▀▀▀▄ ▄█▀█▀ █▀█▀▄▀█▄ ▀██▄ ▄█▄▀▀▀ █▄ ▀▀▄▄ ▄ ▄▀█▀  ▄  ▄▀ ▄██
██ ▀▄ █▄▄▀▀█▄▀▀█▄▀▄ ▄█▀█▀▄▀▀███▀ █▄▄ ▄ ▄ ▀ ▀▀█▄█▄▀▄██▀█▄ ▀█
██▀▄ █▄▄ ▄▀█ ▀  ▄   ▄██ ▀█▀ ▄  ▀█▄▄▀██ █ ▀▀ ▀▀▄▄▄▄ ▄▄ ▀ ▀██
█ ▄██▀▀▄███ ▄ ██▀▄▄▄█▄█▀▄▀▀███  ▄ ▄ ▄▄▄██▀▀ ▄█▄▄▀▀▀▄▄██  ▄█
█▄▀ ▀ ▄▄▄ ▄▄ ▀▄▀██▄█ ▀▄█▄ ▄ ▄▄▄ ▄ ▄█▄█ ▄  █ █ ▄██ ▄▄▄ ▀ ▄▀█
███   █▄█ ▀▄ ▄ ▀▄▄▄▀▀█▄█▀ ▀ █▄█ ▄▀█▄▄  ██▀▀▀▄▀▀█▀ █▄█ ██▀ █
█▄█▄▄  ▄ ▄▄▄▄▀▄▄ ▀▄ ▀█ ▄  █▄  ▄▄▀▀▄ █▄▀█▄ ▀▀▀█▀▄█▄▄ ▄▄▀▀▀██
██ ▀▄▄▀▄ ▄█▀▀▀  █▄█▄▀█▀█  █ █▄▀ ▄█▀█ ▄▀▄▀▀▀▀ ███▀ ████ ▄▄▄█
█ ▀██ ▀▄ █▄▀▄▄█▀█▀▀▀▄▄█▀ ▀ ▀ ▄▀  ▀▄ █▄▀█▄█▀▀▀ ▀█▄█ ▀█▄▀▀ ▀█
█▄▀▄▄▄█▄▀██▄▄█▀▄▀█▄▄▀▀▀▀▄ ▄ ▀█▄█▄▀▄██ ▀▄▀█▀  ██▄█▀▀██▄▀▀█▀█
█▀ ▀█▄▀▄█▄▄██▀▄▄▀██▄▀  █▄ ▄▀▀█▄▄ ▄ █▄  ▄ █ ▀▀█▄ ▄█ ██▄▀▀▄▄█
█▄  ▀▄▀▄▄ ▀ ▀██ ▀▄▄ ▄▄▄▀ ▀█▀█▄█▀▀█▀█  ▀▄██▀▀▄▀▄██ ▀▄▄▄▄ █▀█
██ ▄█▀ ▄▄▀█▄██▀▄▀▀▀  ▀▀ ▄▄▀▀▀  ▄▀▀█▀▀▄▄▄ █▀▀ █▄█ ▄▄▀▄▄▄▀ ██
█▀▀▄▄█▄▄▄▀█▀██ ▄█▄▀ ▄▄▀▄  ▄▀▀▄  █▀█▄▀▄ ▄▀▀   █▄█▀█▄█▄█▄▀▄██
█ ▀ ▀▀▄▄▄█▄▄▀ ▄▀█▄ █▀███▀ ▄▄█▄▄ ▄▄▄ ▄█▀▀██ ▀▀ ▀▄▀█▄██▄▀▀▄██
███████▄█▀▄▀▄██▄▄█  ▀█▀▀▄▀  ▄▄▄ ▄▀▄█   ██▀ ▀▀▀▄█▀ ▄▄▄  █▀▀█
█ ▄▄▄▄▄ █▄ ▀█▀▄▀██ ██▄▄▀▀▀█ █▄█ ▄▀▀▄█▄▄ █▀█▄█▄ ██ █▄█ ▀▀ ██
█ █   █ █ ▀▄▄███▄▀▄ ▄███▀▄  ▄▄ ▄▄▀█▄▄ ▄█ ▀  ▄▀▄▄█▄ ▄ ▄███▄█
█ █▄▄▄█ █ █▄ ▀█▀▄ ▄█▄█ █▀██▀▀█▀█▄▄▄ █▀█▄▄ ▀▀███▀  ▀▄▀█▀▀███
█▄▄▄▄▄▄▄█▄▄▄█▄▄▄▄▄▄▄████▄███▄▄█▄▄▄▄▄▄▄▄█▄███▄█▄▄███▄██▄█▄██

2025-08-29T20:02:30: 
2025-08-29T20:02:50: {"level":30,"time":"2025-08-29T19:02:50.605Z","pid":10716,"hostname":"LAPTOP-R3IJ5HFS","class":"baileys","trace":"Error: QR refs attempts ended\n    at Timeout.genPairQR [as _onTimeout] (C:\\Users\\55519\\Desktop\\DIGITAL MARKETING\\SAAS AND APP DEVELOPMENT\\Caio Website Personal Brand\\caio_personal_brand_current_one\\node_modules\\@whiskeysockets\\baileys\\lib\\Socket\\socket.js:485:21)\n    at listOnTimeout (node:internal/timers:588:17)\n    at process.processTimers (node:internal/timers:523:7)","msg":"connection errored"}
2025-08-29T20:02:50: 🔄 Scheduling reconnect attempt 2/10 in 10s...
2025-08-29T20:03:00: 🚀 Starting WhatsApp service...
2025-08-29T20:03:00: 📱 WhatsApp service started. Waiting for connection...
2025-08-29T20:03:00: {"level":30,"time":"2025-08-29T19:03:00.956Z","pid":10716,"hostname":"LAPTOP-R3IJ5HFS","class":"baileys","browser":["Chrome (Linux)","",""],"helloMsg":{"clientHello":{"ephemeral":"TPMx3Ednxpd68At/h4R/3uZcmAwwO8xRZtd+pUXTag4="}},"msg":"connected to WA"}
2025-08-29T20:03:01: {"level":30,"time":"2025-08-29T19:03:01.050Z","pid":10716,"hostname":"LAPTOP-R3IJ5HFS","class":"baileys","node":{"passive":false,"userAgent":{"platform":"WEB","appVersion":{"primary":2,"secondary":3000,"tertiary":1023223821},"mcc":"000","mnc":"000","osVersion":"0.1","device":"Desktop","osBuildNumber":"0.1","releaseChannel":"RELEASE","localeLanguageIso6391":"en","localeCountryIso31661Alpha2":"US"},"webInfo":{"webSubPlatform":"WEB_BROWSER"},"connectType":"WIFI_UNKNOWN","connectReason":"USER_ACTIVATED","devicePairingData":{"eRegid":"AAAAbQ==","eKeytype":"BQ==","eIdent":"vGdMYbefHXqJk4olwJLN77JSU7SPaVrEd/ndTfU0EgM=","eSkeyId":"AAAB","eSkeyVal":"CY3Dq0DeMuhJ6WmqzpR8QUACyb6DUMGZ4vGQ6g/UngI=","eSkeySig":"9IS5wO0/bMl6E0iqNxyOhDIjrhmYN0FwD9hA1PYujIKEo7EExqkhM1gXKQOzQthr9QwdtAfYaW1s6iD5vL6qAQ==","buildHash":"c9lQeUMlTdrMrIi/+YcPiA==","deviceProps":"Cg5DaHJvbWUgKExpbnV4KRgHIAA="},"pull":false},"msg":"not logged in, attempting registration..."}
2025-08-29T20:03:01: 🎯 QR Code detected! Displaying...
2025-08-29T20:03:01: 📱 Scan this QR code with your WhatsApp!
2025-08-29T20:03:01: 🔗 Or copy this link to scan:
2025-08-29T20:03:01: https://api.qrserver.com/v1/create-qr-code/?size=300x300&data=2%40SWR0vCnQF80i2Yv%2BjduGK%2B8BK5gMdl28FeS%2BA0jXNSb7IpCN%2Bwxr0x697CV3yX9nCEH537r7AwwUaXmo6cQmuMSnquh%2FctaI99o%3D%2CG6ytLExypzVIko5zVWfMCX3ibjVQmyfschoK1vwNHlk%3D%2CvGdMYbefHXqJk4olwJLN77JSU7SPaVrEd%2FndTfU0EgM%3D%2C2IKSWPKq01Ovr8%2BDVkkOEfSBXLKqE2iX4jH7z0O8Lg8%3D
2025-08-29T20:03:01: 
2025-08-29T20:03:01: ▄▄▄▄▄▄▄▄▄▄▄▄▄▄▄▄▄▄▄▄▄▄▄▄▄▄▄▄▄▄▄▄▄▄▄▄▄▄▄▄▄▄▄▄▄▄▄▄▄▄▄▄▄▄▄▄▄▄▄
█ ▄▄▄▄▄ █▀█▄▄██ ██▄▀▀█▀  ▄▄▀██▄ ▀█▀▀▄▄█▀ ▀ ▄ ▀▄▄ ██ ▄▄▄▄▄ █
█ █   █ █▀▀▀ ▀ █▄▄ ▀█▄▄▄▀▀▀██▄▀▄▄▄▀ ▄▀▀ ▄██▄▀▄ ▄ ██ █   █ █
█ █▄▄▄█ █▀▀▄▄██▄▄██▀▄ ██▀ █ ▄▄▄ ▄█▄▀▀▄▀▀ ▀▄▄▄ ▀▀▄██ █▄▄▄█ █
█▄▄▄▄▄▄▄█▄▀▄█▄▀▄▀▄█▄▀ █▄█ █ █▄█ ▀▄█ ▀▄█ █ █ ▀ ▀▄▀▄█▄▄▄▄▄▄▄█
█ ▄   ▀▄▄ ▄ ██▀▀█▄▄ ▄▄▄▀  ▄▄ ▄  ▀█▀██ █▄█▀▀▀▀██▄   █▄▀▄▀ ▀█
█ ▀██  ▄▀  ▀ ▀▄ ▀ ▀ ▀▀▀ ▀▀█▄ ▀ ▄▀█ ██▀▄▄▀▀██▄▀ ▀▄ ▀██▀▀▀▄▀█
██  ▀ ▄▄▀▄▀▀▄▀▄▄█▄▀ ▄▄▀▄ ▀▄ █▀▀█ ▀ ▄▄ ▀▄▀▀▀▀ █ █▄▀ ▄▀██▄▄▀█
█ ████ ▄▀  █▀ ███▀ ▄█▀█▀  ▀▄ ██  ▀█  █▀▀  ▀▀█ ▀ ▀▀█▀ ▀█  ▀█
█▄▀▄█ ▄▄▄ ██ ▀▀▀▀▄▄ ▄▄█▀█▀ █▀ ▀  █▀▄▀  ▄██   █▄█   ▄▀▀▄████
██▀    ▄ ███ █▀█ ▀▀▀▀▄▀▀▀███▀▄▀██▄█▄██▀▄█▀▀ █▀▄ ▀▀▀▄█▀▀  ██
█▄▄ █▀█▄ ██▄▄▀▀█▄▀▄▄▄███▀▄▀ ▀▀▀  ▀▀▄▄ ▀█▄▀  █▀▄█▄▀▀▄▀▀█▀ ▀█
██ ▀▄█▄▄ ▀▄▀▀▄▄█▄ ▀▀▄█ █▀█▀ ▄▀█ █▄█  ▄█▄▄ ██▄█▀▄▄████▀█▀▀██
█▀▄█▄▄▄▄██ ▄ █ █▄█▄ █▄▀█▀▀▀███▀ ▄ ▄ ▀▄▀█ █   █▄▄▀▀ █ ▀▄▀  █
█▄███ ▄▄▄ ▀▄▄█▄▄ █▄█ ▀▄█▀   ▄▄▄    ▀▄ █▀ ▄  ▀█▀█▄ ▄▄▄ ▀  ▀█
█▄██▀ █▄█  ▄▀ ▄▄▄▄▄▀ █▄█▄▀▀ █▄█ ▀█▄█▄▄▄▄██▀  █▄█▄ █▄█   ▄ █
█▄▄▄  ▄▄▄▄█▀█▀▄█▀█▀▄▄▄ ▄ ██▄  ▄▄ ▀▄▀▀█▄▄▄▀ █ ▄▄ █▄   ▄▄  ▀█
█▄▀██ █▄▀▄▀ ▄▀▀███  ▄▄█▀▀ ▄▄██▀ ▄▀▀█▀  ▄██   ▀███▀▄ ▀▄ ████
██▀ ▀▀█▄███▄▀▄  ▀▀█▄█▀█▀▄▀▀▄▄ ▀ ▄▀▄▄██   ▀  ▀▀▄▄▀▄▄█ ▄ ▀ ▀█
█▀▄▀ ▄ ▄ ███▄ ▄ ▀█▄▄▀▀▀▀▄ ▄ ▀███▀▀█▄   ▄▄▀▀▀ █▄▄██▀ ███▄█▀█
███▄█  ▄▄▀▀ ▄███▀█▀█▀ ██▄ ▄▄▀█  ▀█ █▄█▀  ▄█▄▀  ▀▀▄▄█▄██ ▄▄█
█ ▄▄ █▀▄ ██▄▀▄▀███  ▄▄▀▀  █▀█▄  ▀█▀█▄ ▄▄▀▀█  ▀▄██▄▀▀█▄█▀███
███▀▀▄▀▄█▀ █▀▄▄██▄▀  ▀▀ ▀ ▀▀▄▄ ▄▀███▄▀ ▄▄  ▀█▄ ▀▄█▄▀▀█ ▀ ██
█ ▀▄ ▄▀▄█▀█ ▄▀▄ ██▀ ▀█▀▄▀▀█▀█▄▀  ▀▄▄ ▄ █▀█  ▄█▀█▀█ ▀█▄▄ ▀▀█
█ ▀ ▀▀▄▄ █▄▄ █▀ ▄▄▄▄ ▀ ▀▄█   ▀  ▀▀▄ ▄ ▀▄▄ █ ▄▀█ ██ ▀█▄▄▀▄▀█
███████▄▄ █▄█▀ ██▄▀▄ ▄▄▀▀ █ ▄▄▄ ▀▀▄█  ▀█▀▀ ▀▄▀▀▄█ ▄▄▄ ▄█▄██
█ ▄▄▄▄▄ █▄▄█▄██▀▀▄████▀▀█ ▄ █▄█  █ ▀█ ▀ ▀▄██ ██▄  █▄█ ▄▀▄▀█
█ █   █ █ ██▀▄█▀▄▀  ▄█▀█▀▄▄  ▄ ▄ █▄▄ ▄▀██▀▀ ▄▀█▄▄ ▄ ▄▄▄█▄▄█
█ █▄▄▄█ █  ▄   ▀▄ ▀▄▄██▀▀█▄ ▀█▀█▄██▀▄ ▄ ▀▀  ██▄  ▄▀██▀ ▀███
█▄▄▄▄▄▄▄█▄▄▄█▄▄▄██▄▄██████▄█▄▄█▄▄▄▄▄▄▄█████▄▄█▄█▄██▄███▄▄██

2025-08-29T20:03:01: 
2025-08-29T20:03:34: 🚀 Starting WhatsApp service...
2025-08-29T20:03:35: 📱 WhatsApp service started. Waiting for connection...
2025-08-29T20:03:35: (node:23196) Warning: Setting the NODE_TLS_REJECT_UNAUTHORIZED environment variable to '0' makes TLS connections and HTTPS requests insecure by disabling certificate verification.
(Use `node --trace-warnings ...` to show where the warning was created)
2025-08-29T20:03:35: {"level":30,"time":"2025-08-29T19:03:35.600Z","pid":23196,"hostname":"LAPTOP-R3IJ5HFS","class":"baileys","browser":["Chrome (Linux)","",""],"helloMsg":{"clientHello":{"ephemeral":"TD1Hj1NyQ8hifO0FW9qhs4jlFfSAGep85ywXSr6MCFc="}},"msg":"connected to WA"}
2025-08-29T20:03:35: {"level":30,"time":"2025-08-29T19:03:35.757Z","pid":23196,"hostname":"LAPTOP-R3IJ5HFS","class":"baileys","node":{"passive":false,"userAgent":{"platform":"WEB","appVersion":{"primary":2,"secondary":3000,"tertiary":1023223821},"mcc":"000","mnc":"000","osVersion":"0.1","device":"Desktop","osBuildNumber":"0.1","releaseChannel":"RELEASE","localeLanguageIso6391":"en","localeCountryIso31661Alpha2":"US"},"webInfo":{"webSubPlatform":"WEB_BROWSER"},"connectType":"WIFI_UNKNOWN","connectReason":"USER_ACTIVATED","devicePairingData":{"eRegid":"AAAACg==","eKeytype":"BQ==","eIdent":"yhPrrHAyxj21HKUXZmT1ldO8AZ6NtsjHIJq29LoQ33Y=","eSkeyId":"AAAB","eSkeyVal":"z3gB4coQQuWBHxUg4nXipOAD1gneY14n//gZZRtzgCU=","eSkeySig":"2tqNRm2hWclWfZbuqmrNIuQ42UN6DNT7ocNxCZ8eHsztIj/o6j2IovIXFvZavS9SkHhMfjnGoD+nr8HuWg9qiA==","buildHash":"c9lQeUMlTdrMrIi/+YcPiA==","deviceProps":"Cg5DaHJvbWUgKExpbnV4KRgHIAA="},"pull":false},"msg":"not logged in, attempting registration..."}
2025-08-29T20:03:36: 🎯 QR Code detected! Displaying...
2025-08-29T20:03:36: 📱 Scan this QR code with your WhatsApp!
2025-08-29T20:03:36: 🔗 Or copy this link to scan:
2025-08-29T20:03:36: https://api.qrserver.com/v1/create-qr-code/?size=300x300&data=2%401Y%2FlKubH%2BUmcDmj2SxEE8Qpm%2FGE2pj3KlMCGS9JnNbpUi7GJtzlooII%2BP8oMMtHcqJdHPH4r6xE8b%2B6iA8rczF3LZZTcaCLLGBk%3D%2CTw1x7dlGwgnJuM1OaoA0D7COEEdoJD3p1%2BBfBzSC1k8%3D%2CyhPrrHAyxj21HKUXZmT1ldO8AZ6NtsjHIJq29LoQ33Y%3D%2C0HbhWf%2B16QO5S8WPLN6dA9h41Ke%2BWgdtM3v1i27Qiak%3D
2025-08-29T20:03:36: 
2025-08-29T20:03:36: ▄▄▄▄▄▄▄▄▄▄▄▄▄▄▄▄▄▄▄▄▄▄▄▄▄▄▄▄▄▄▄▄▄▄▄▄▄▄▄▄▄▄▄▄▄▄▄▄▄▄▄▄▄▄▄▄▄▄▄
█ ▄▄▄▄▄ █▀▄▄▀█▀▄▀█▄  ▀█ ▄ ▄█ ▀▀▄█▀▀▀█▀▄▀▄█ ▄▄▄▄▄ ██ ▄▄▄▄▄ █
█ █   █ █▀▄▀█▀██▄▄ ▀█▄█▄  ▀█▄▄▄▄▄▄▄█▄▀█▄▄▄█▀ █ ▄ ██ █   █ █
█ █▄▄▄█ █▀█▀▀ ▄▄▄██ ▄ ▄ ▀ █ ▄▄▄ ▄▄▀▀██▄█ █▄ █▄▀▀▄██ █▄▄▄█ █
█▄▄▄▄▄▄▄█▄▀▄█▄▀▄▀▄█ ▀ █ █ █ █▄█ ▀▄█ ▀▄█ ▀ ▀ █ ▀ ▀▄█▄▄▄▄▄▄▄█
█▄▄  ▄█▄▄▄ ██▄▀▀▀▄▄ ▄▄██▀▀▄▄▄   ▀█▀█▀▄▄███ ▀ ▀ ██▀▄█ ▀▄▀ ██
█ ▄ █▀▄▄▀█ █▀ ▄ ▀ ▀ ▀▀▀ ▀▄▀██▀▀▄▀▀ █▀█   ██▀▄██▄█▀▄▄ █▀▀ ██
█  █▄▀█▄▀▀█▄██▄▄▄█▀ ▀█▀▄▀  █▀▀▀██▀█▄█ ▄███ ▀▄▀██   ▄▀█▀ ▄▀█
██ ▄ ▀ ▄   ▄▀▀▄▀  █  ▄  ▄  ▄ ██▄▀  ▀▄ █▄▄█▄██▀  ▄█▀▀▀▄▀ ▀██
█▄▄█▀▀▀▄  ███▀ █▄█▀▄█▄▀▀ ▀█ ▀    █▀▄ ▄ ▄▀▀▀▀▄▀▀▄▀▀█▄▀██▄█▀█
██▀▀▄▀▄▄▄▀ ▀ ▄▀█▄█ █▄▀▄███ █▀▄▀ ▀██ ▄▄█ ▄ █ ▀▀█ ▄▄▄ █▄ ▀▄▀█
██ ▄ ▀▀▄ █▀ ██▀█▄▀▄ ▄█▀▀▀▄▀▀▀▀ ▀ ▀▄█▄  ▄██  █▀▄█▄▀ ▄▀▀█ ▀ █
█▄▄▄ ▀▀▄██ ▀█▄ ▀▄ █▀▄█▄█▀█▀ ▄ ▀█▄█▄ █▄▄█▄▀ ▀▀▄█▄█▄ ▄▄ ▄▀▀██
█▄  █▄▀▄█▀█ ▄▀▄  ▄▄▄█▄▄▀▀ ▀██▀▀▀▄ ▄   █▄ ▀▀  ▀ █▀▀▀▄▀█▄▀  █
█▄▀ ▀ ▄▄▄    ▄▄█▄▄▄█ ▀▄█▄▄▀ ▄▄▄  ▄ ▀▀   █▀▄█▀ █ █ ▄▄▄ █ ▀▀█
█▄▄▀█ █▄█  ████ ▄█▄▀▄▄▄█▄▀▀ █▄█  ██▄   ▄ ▀▀ ▄▀██▀ █▄█ ▄█  █
█▀▄▄█  ▄ ▄▀█▄▄ ██ █▀▀█▀▄ ▄ ▄▄▄ ▄▀▀▄ ▄▀██▄█▀ ▀▀▄▄▀   ▄▄▀ ███
█▀ ▄▀▄█▄▀ ▄█▀▄ ██▄▄▄▀█▀▀▀ ▄▄▄▄▀ ▀▀▀█▄  █▀▀█▀▄█▄▄█ ▀▀▄▄▄ ███
█▄▄▀ ▄▄▄ ▀█▄ ▄█▄█▀  ▄▀█  ▀▀▄▄ ▀ ▄█▄▄ █▀█▄▄▄██    ▀▀▀█ ▀▀ ██
█▄▄▄▄▀█▄▄▄▀▀▄  ▀▀█▄ ▀▀▀█▄ ▄█▀███ ▀▄█▄▄ █▀█   ████▀▄▀▄████▀█
█▀ ▄ ▀█▄   ▀▄▄█▀▀██▄▀ ▄▀▄ ▄ ▀█▄▄▀█ ██▄ █▄  ▀▄  ▄▀▀▄▀ █▀ ▄▄█
█▄▀ ▄▄ ▄▄▀▀█▀▄▀▄▄▄▄▄▄▄▄▀▄▀█▀▄▄▄ ▀█▀█   ▄█▀▀ ▀███▀▀ ██▄▄ ███
█▄▄▄▀██▄▄  ▀█▀▀ █▄▀ ▄▀▀ █▀▀▀▀▄▄▄███▀██ █▄▀▀  ▀ █ ▀▄▀ ▄   ██
█ ▄  ▄▄▄█▀  ▀█▀▀▄▄▀ ▀█▀▄▀ █▀▄█▄ ▄█▄█▄▄ ▄ ▀  ▄██▄███▄▀▄▄ ▀▀█
█ ▀ ▀▀▄▄ ▀ ▀▀▀▄▄▄█ ████    ▀▄▀ ▄▀ ▄▀█▀██▄▄█ ▀▀ ▀█▄▄█ ▀▀  ▀█
███████▄▄ ▀▄ ▄▄▄▄█▄ ▀█▀▀▀ ▀ ▄▄▄ ▄█▄█▄  ▄▀█ ▀▀████ ▄▄▄ ▀ ▀▀█
█ ▄▄▄▄▄ █▄ █    █▀    ▄█ ▀█ █▄█ ▄██▀ ██▀█ █▄█▀ ▀▄ █▄█ ▀▀ ▀█
█ █   █ █  ▀▀▀▀█▄▀▄▄▄█▄▀▀▄   ▄ ▄ █▀▄▀ ▀█▄█▀ ▄█▄██ ▄▄  ▀ ███
█ █▄▄▄█ █ █ ███ ▄ █▀▄█▄▀▀█▀█▀▀▀█▄▄█ ▄▄▄██▀▀█▄▀▀▀▄  █▄█ ▀███
█▄▄▄▄▄▄▄█▄▄▄▄█▄▄██▄▄▄███▄████▄█▄▄▄▄▄▄▄▄█▄█▄▄▄██▄▄▄█▄▄▄▄▄▄██

2025-08-29T20:03:36: 
2025-08-29T20:04:36: 🎯 QR Code detected! Displaying...
2025-08-29T20:04:36: 📱 Scan this QR code with your WhatsApp!
2025-08-29T20:04:36: 🔗 Or copy this link to scan:
2025-08-29T20:04:36: https://api.qrserver.com/v1/create-qr-code/?size=300x300&data=2%40u9GZpgluloywrLUG0f8dsqPPlVd3rQmglm5qSjV0dBADIOHujH5vBASt3B7E3vCIdLyiwAWyduNlB7XGSEml1aKMBclFc14V%2Bd0%3D%2CTw1x7dlGwgnJuM1OaoA0D7COEEdoJD3p1%2BBfBzSC1k8%3D%2CyhPrrHAyxj21HKUXZmT1ldO8AZ6NtsjHIJq29LoQ33Y%3D%2C0HbhWf%2B16QO5S8WPLN6dA9h41Ke%2BWgdtM3v1i27Qiak%3D
2025-08-29T20:04:36: 
2025-08-29T20:04:36: ▄▄▄▄▄▄▄▄▄▄▄▄▄▄▄▄▄▄▄▄▄▄▄▄▄▄▄▄▄▄▄▄▄▄▄▄▄▄▄▄▄▄▄▄▄▄▄▄▄▄▄▄▄▄▄▄▄▄▄
█ ▄▄▄▄▄ █▀▄▄▀█▀██▀▄▀██▄▀▄▄▄█ ▀▀▄█▀▄▀▀ ▄█▄▀▀▄▀▀▄▄ ██ ▄▄▄▄▄ █
█ █   █ █▀▄▀▀███▄█ ▀▄██▄▀▀▀█▄▄▄▄▀▄▄█▀▀█▄███▀▄▄ ▄ ██ █   █ █
█ █▄▄▄█ █▀▀███▄▄▄██ ▄ ▄ ▀ █ ▄▄▄ ▄▄▀▀▄ ▄█ █▄  ▄▀▀▄██ █▄▄▄█ █
█▄▄▄▄▄▄▄█▄█ █▄▀▄▀▄█ ▀ █ █ █ █▄█ ▀▄█ ▀▄█ ▀ ▀ █ ▀ ▀▄█▄▄▄▄▄▄▄█
█▄▄   █▄▄  ▀▄▀▀▀▀▄▄ ▄▄██▀▀▄▄▄   ▀█▀█▀▄▄███ ▀ ▀ █▄▀ █▄█▄▀ ██
█ ▄ █ █▄▀▄ █▀▀▄ ▀ ▀ ▀▀▀ ▀▄ █▀█▀▄▀▀▄▀▀█▄▄ ██▀▄██ █▀█▄▄ ▀▀ ██
█  █▀▀█▄▄█▄▀██▄▄▄█▀ ▀█▀▄▀ ▀█▀▀▀██▀███ ▀███▀ ▄▀█▄▀▀ ▄▀▀█▄▄▀█
█▀▀█▄▀ ▄   ▄▀▀▄▀  ▀▄ ▄ ▄▄  ▄ ██▄▀  ▄▄▄▀▄ ▀█▀█▀█▄▀▄▀▀ ▄  ▀██
█▀▄█ ▀▀▄  ███▀ █▄█▄  ▄▄▀▀▀█ ▀ ▀▀ █ █ ▄▀▄█▀   ██▄▀▀█▄▀███▀▀█
█ █▀▄▀▄▄▄▀ ▀ ▄▀█▄▄ █▄▄▄█   █▀▄  ▀██ ▀▀█ ▄██▀▄▄█▀▄▄▄▄█▄ ▀▄██
█ ▄▄ █▀▄ █▀ █ ▀█▄▀▄ ▄█▀▀▀▄▀▀▀▀ ▀ █▄█▄▄ ▄██   █▄█▄▀▀█▀▀█   █
█▄▄▄  ▄▄█▀▀▄ ▄ ▀▄ █▀▄█▄█▀█▀ ▄ ▀███▄ █▄▄█▄▀ ▀ ██▄█▄▀▄▄ ▄▀▀██
█▄  █▀▄▄▀▀▄ ▄ ▀▄ ▄▄▄█▄▄▀▀ ▀██▀▀▀▄ ▄   █▄ ▀▀  ▀ █▀ ▀██▀▄▀  █
█▄▀ ▀ ▄▄▄ █▀▀▀ ▀▄▄▄█ ▀▄█▄▄█ ▄▄▄  ▄▄█▀   █▀ ▀▀ ▀ █ ▄▄▄ ▀ ▀▀█
█▄▄▀▄ █▄█  ▀██▄ ▄█▄▀▄▄▄█▄▀▀ █▄█  ██▄  ▀█ ▀█▀▄▀██  █▄█ ▄█  █
██▀▀▄ ▄▄▄▄▀█▄▄ ██ █▄▀███ ▄▀▄▄▄ ▄▀▀▄ ▄█▄█ ▀▄▀█▀▀ ▀▄  ▄▄  ███
█▄▀▄▀▄█▄▄ ▄█▀▄ ██▄▀▄ ██▀ ▀▄▄▄█▀ ▀▀▀██▄▄▄▀▀   █▄███▀▀██▄▀███
█ █▀█▄▄▄▄▄█▄ ▄█▄▀▄  ▄██ █▄▀▄▄█▀  ▀▄▄ ▄ ▄▄▀█▄ █ ▀▀▀▀▀█▄▀▀▄██
█▄ ▄▄▀█▄▄▄▀▀▀█ ▀▀█▄ ▀▀▀█▄ ▄█▀█▄▄ █▄█ ▄ ██▀  ▄████▀▄▀▄███▄▀█
█▀ ▄ ▀█▄  ▄█▄▀▀▄▀██▄▀ ▄▀▄ ▄ ▀█▀▄ █ ██▄ █▄▀ ▀▄  ▄▀▀▄▀ █▀ ▄▄█
█▄▀ ▄▀▀▄▄▀▀██▄██▄▄▄▄▄▄▄▀▄▀█▀▄▄▄ ▀█▀█   ▄█▀▀ ▀███▀▀ ▀█▄  ███
█▄▄▄▀▄▀▄▄ ▄ ▀▀ ██▄▀ ▄▀▀ █▀▀▀▀▄▄▄███▀██ █▄▀█▄ ▀▄█ ▄▄▀ ▄▄  ██
█ ▄▀▄▀█▄    ▀█▀█▄▄▀ ▀█▀▄▀ █▀▄█▄ ▄█▄█▄▄▀▄ ▀▀ ▄██▄▀▄ ███ ▀▀▀█
█ ▀ ▀▀▄▄▄▄ ▀▀▀▄▄▄█ ▄██▀▀  ▀▄▄▀ ▄▀ ▄ ▀▀█▄ ▄█████▄ █▄█▀█ ▀ ▀█
███████▄▄ ▀▄ ▄▄▄▀▄▄ ▀█▀█▀ ▀ ▄▄▄ ▄█▄█▄ ▄███ ▀ ▀█▄█ ▄▄▄ ▀ █▀█
█ ▄▄▄▄▄ █▄ █    ██  █▄▄█ ██ █▄█  ▀█▀ ▄▄ █ █▄██▀▀▀ █▄█ ▀▀ ██
█ █   █ █  ▀▀█▀█▄▀▄▄▄█▄▀▀▄     ▄▀█▀▄█ ▀█▀█▀ ▄▀▄█▄ ▄▄ ▄▀ █▄█
█ █▄▄▄█ █ ▄▀█▀ █▄ █▀▄█▄▀▀█▀█▀█▀█▄▄█ ▄▄▄██▀▀██▀▀▀▄  ███ ▀███
█▄▄▄▄▄▄▄█▄▄▄█▄████▄▄▄███▄███▄██▄▄▄▄▄▄▄▄█▄█▄▄▄██▄▄▄█▄▄▄▄▄▄██

2025-08-29T20:04:36: 
2025-08-29T20:04:56: 🎯 QR Code detected! Displaying...
2025-08-29T20:04:56: 📱 Scan this QR code with your WhatsApp!
2025-08-29T20:04:56: 🔗 Or copy this link to scan:
2025-08-29T20:04:56: https://api.qrserver.com/v1/create-qr-code/?size=300x300&data=2%40AeZBiScQOnuW%2BeismQsTHlN9GeFeGViu66gf0aXyaiQt0cZ3XFIk7%2FjN8WaqeM7OUWMsQq4p8W8s%2FA%2BflMLnkCe2RQ5GAjU19B0%3D%2CTw1x7dlGwgnJuM1OaoA0D7COEEdoJD3p1%2BBfBzSC1k8%3D%2CyhPrrHAyxj21HKUXZmT1ldO8AZ6NtsjHIJq29LoQ33Y%3D%2C0HbhWf%2B16QO5S8WPLN6dA9h41Ke%2BWgdtM3v1i27Qiak%3D
2025-08-29T20:04:56: 
2025-08-29T20:04:56: ▄▄▄▄▄▄▄▄▄▄▄▄▄▄▄▄▄▄▄▄▄▄▄▄▄▄▄▄▄▄▄▄▄▄▄▄▄▄▄▄▄▄▄▄▄▄▄▄▄▄▄▄▄▄▄▄▄▄▄
█ ▄▄▄▄▄ █▄ ▄█▀▀▀▀▀ ███ ▀ ▄▄▀▄▀█ ██ ▀▀█▄▀▀█  ▀▄ ▄ ██ ▄▄▄▄▄ █
█ █   █ █ █ ▀ ▄█▄▄  █▄▄█▀  ███▄█ ▄█▄▀ ▄▄ ██  ▄▀▄ ██ █   █ █
█ █▄▄▄█ █▄ ▀▄▀ █▀▀▄█ ▀▀▄ █▀ ▄▄▄ ▀▄▄█ ▄ ▄▀▄██ █▄▀▄██ █▄▄▄█ █
█▄▄▄▄▄▄▄█▄▀ █▄▀ █▄▀▄▀▄▀ ▀▄█ █▄█ ▀ ▀ █ █▄█ █▄█▄█ █ █▄▄▄▄▄▄▄█
█▄▄  █▀▄▀ ▀▄█▄ ▀ █▄▀█▄▄▄▀ █▄▄    █ ▄▀███▄▄  ▀▀▀▄▀▀▄█▀▄▄ ▀▄█
██ ▀ ▄█▄▄▀█▀ ▀ ▀▄▄ ██ ▄▄ ▀▄▄ ▀ ▀█ ██   ▀█▀   ▄ ▄▀  ███ ▄▄▄█
█▄ ▀▀▀▀▄ ██▄▀▀▄  ██▄▀▀█▄█▄  ▀██▀██▀█▀▄ ▀▀█▄▄▄█ ▄██  █▀█ ▄██
███ ▄  ▄▀▀▀█▀ █▀▀▀█ ▀▄  ▄▀▀▄▀██▀   █▄▀ ██ ▄█▄▀ █ ▄ ▀▀▄ ▀ ██
██▀▄██ ▄▄▀ ▀▄▄▄▄▄ ▀██▄▄▀▀█▀▀▄▄▀█▄▄█▀▀█▄█▀▀▀▄ ▄▄▀ ▄▀█▄▀█ ▀▄█
█ █▄█▀ ▄▄█▄▀▄ ▀▀▀▀▄▀█▄ █ █ ▀█▄▄▄▀█▀ ████▄█▀▄ ▄    ▄▄▀▄▄█ ██
██▀▄▀▄▄▄▀█ ▀█▀ ██ ▄▀██  ▀█ ▀    ▄▀█▄ █▀▄ ▄ ▀▀██▄▄ ▀█  █▀▀▀█
█▀ ██▀ ▄▀▄ ▄ ▀ ▄▀▄▄▄ ▄▀▀  █▀▀▄   ▄▀▄█▀ ▄ ▄▀▄██  ▄▀  ▀▄█▄█▄█
█  ▄▀ ▄▄█ █ █▀██▄▄  █  ▀█▄▀▀▀▀██▄▄  ▄▄█ ▄▀█▄ █▄█▀█▀▀██ █ ▄█
██    ▄▄▄ ▀▀ ▀▀ ██▄▄▀▀█▄▄█▄ ▄▄▄ ▀▄█▄▀▀▀▄▄ ▄   ▄█  ▄▄▄ ▀▀ ▀█
█▀ █▀ █▄█ ▀▄▄ ▀▀▀▀█▄ █▀▀█▄▀ █▄█ ▄▄▄▀▀█▄███▀█   ▀▄ █▄█ ▄█▄▀█
█▄▀▄▄  ▄ ▄██   ▀▀ ▄ ▀▀ ▄▄  ▄ ▄▄ ▀█▀ ▄▀█  █ ██▀█▀▀    ▄▄██▀█
█ ▀▄▄██▄█ █▄▀█▀██▄▄█ ▄  ▄ █▄██▀▀ ▀ ▄▀▀▀█    ▀█▄██  ▀█▄▄▀ ██
█ ██▄ █▄ █  ▀▀▀█ ▀▀█▄▀ ▄▄ ██▄▀ █  ▀ ▄█████▄  ▀█▄ ▄█ █▄ ▄▄▄█
██   ▀▀▄▄ █▀▀▀ ███ ▄▀███ ▄▄▀██▀█ █ █▄▄ ▀██▄▄ ▀▀█▀█▄█ █▀▀▄██
█ ▀▄▀ █▄▀  █ ▀ ▀ ▄██  █ ▄▀█  ▄ █▀█▀▄▄█▀██▀  █▀▀█▀ █▀▀▄▀▀█▄█
█▀█▀▀▄ ▄     ▀▀█▀ █▀ █▀██▄▀ ▀ ███▄▄▀▀█▄█ █ ██▄ ▀ ▄█   ██▀▄█
█ ▄ ██▀▄▄▄▀ █▄▀▄▀▄█▄▄██ ▀████▄  █▀▀█▀▀ ▀ ▀▀▄ █ █▄▀▄█▄▄▄▄ ▀█
█▀█ █▀▄▄ ▄▀█▀▄▀▄██▀▀ █ █▀▀▄██▄▄▀██▀█▄█▀█▀   ██ ██▀▀▀ ██  ▀█
█ ▀ ▀▀▄▄▀ ██ ▄ █▀▀ █▀▄▀▄▀█▄█▀█▀▀█▀ ▄  ▀ ▀ ▀█▀▄▀ █ █ ▄▀▀█▄ █
███████▄▄ █▄▄ ▄  ▄▄ █  ▀▄▄▀ ▄▄▄ ▄▀ ██▄▀ █▀ ▄▄▀ ▄█ ▄▄▄ ▄█▀▀█
█ ▄▄▄▄▄ ██▀▄ ▀▀  ▄ ▀▀▄█▄▄ ▄ █▄█ █▀▄ ▄██▀▀▄▄▄█ ▀▀▄ █▄█ ▀ ▀▀█
█ █   █ █▀█████▄▀██▀ ▄▀█ ▀▄ ▄▄    ▄ █▀█▄▄▀ █▄ ▀▀▄▄ ▄   █ ██
█ █▄▄▄█ █ ▄█▀█▄▄  ▀█▄▀ ▀█▀▀▀▀██▀▄▀▀   ▄▀▀▀█▀█▄█▀ ▄ ▀▀█▄██▀█
█▄▄▄▄▄▄▄█▄▄▄██▄█▄▄▄███▄▄▄▄▄██████▄██▄████▄▄███▄█▄█▄▄▄▄▄████

2025-08-29T20:04:56: 
2025-08-29T20:05:16: 🎯 QR Code detected! Displaying...
2025-08-29T20:05:16: 📱 Scan this QR code with your WhatsApp!
2025-08-29T20:05:16: 🔗 Or copy this link to scan:
2025-08-29T20:05:16: https://api.qrserver.com/v1/create-qr-code/?size=300x300&data=2%40iIpgp7SWIH0oqAMyfbrjjJwHn7gydAfK%2BRuMsDSRvRAbMHsALDFXectQNOArOmM3O0p2BQJRZ%2BNXhSpafB3qWcGpOeiB4wI5kOQ%3D%2CTw1x7dlGwgnJuM1OaoA0D7COEEdoJD3p1%2BBfBzSC1k8%3D%2CyhPrrHAyxj21HKUXZmT1ldO8AZ6NtsjHIJq29LoQ33Y%3D%2C0HbhWf%2B16QO5S8WPLN6dA9h41Ke%2BWgdtM3v1i27Qiak%3D
2025-08-29T20:05:16: 
2025-08-29T20:05:16: ▄▄▄▄▄▄▄▄▄▄▄▄▄▄▄▄▄▄▄▄▄▄▄▄▄▄▄▄▄▄▄▄▄▄▄▄▄▄▄▄▄▄▄▄▄▄▄▄▄▄▄▄▄▄▄▄▄▄▄
█ ▄▄▄▄▄ █▄ ▄█▀   █▀▄ ▀ ▀ ▄▄▀▄▀█ ██▀█▄▀▄▀█▀▄▄▄▀ ▄ ██ ▄▄▄▄▄ █
█ █   █ █ █ █ ▄█▄█  ▄█▄█   ███▄█ ██▄▀ ▄▄█▄█  ▄▀▄ ██ █   █ █
█ █▄▄▄█ █▄ ██▄ █▀▀▄█ ▀▀▄ █▀ ▄▄▄  █▄███ ▄  ██  ▄▀▄██ █▄▄▄█ █
█▄▄▄▄▄▄▄█▄▀ ▀▄▀ █▄▀▄▀▄▀ ▀▄█ █▄█ ▀ ▀ █ █▄█ █▄█▄█ █ █▄▄▄▄▄▄▄█
█▄▄  ▀█▄█▄▄█▀█ ▀ █▄▀█▄▄▄▀ █▄▄    █ ▄▀███▄▄  ▀▀▀▄ ▀ █▀ ▄ ▀▄█
██ ▀ ██▄▄ ▄▄▄▀ ▀▄▄ ██ ▄▄ ▀▄▄▄▀ ▀█ ▀▀   ▀█▀ ▄ ▄▄▄▄▀ ▄▀█ ▄▄▄█
█▄ █▄▀▀▄▄▄ ▀▀▀▄  ██▄▀▀█▄█▄▀ █▀█▀██ ▄▀▄▀▀▀███▄█▄██▄  ▀▀▀▄▄██
█▄██   ▄  ▀█▀ █▀▀▀▄▄▀▄ ▄▄▀▀▄▀▄▀▀  ▀▄▄▀▄▄▀ ▀  ▀ █▄█ ▀ ▄█▀ ██
█▄  ▀█ ▄▄▀ ▀▄▄▄▄▀▀██▄▄▄▀ █▀▀▄▄ █▄▄▄▀▀▀▀█ ▀▀▄▄    ▄▀█▄▀█ █ █
████▀▀ ▄▄█▄▀▄ ▀▀▀▀▄▀▀▀ █ ▄ ▀█▄▄▄▀█▀ ▀█▄▄▀▀▀█▀█▀   ▄ ▀▄▄█▄▀█
█▄▀▄▀ █▄▀█ ▀▀  ██ ▄▀██  ▀█ ▀    ▀██▄▄▀▀▄   ▀▀██▄▄ ▄█  █▀ ▀█
█▀ ██▄█▄▀▄▀█ █ ▀▀▄▄▄ ▄▀▀  █▀▀▄   █▀▄█▀ ▄▀▄▀▄▄█  ▄▀ ▀▀ █▄█▄█
█  ▄▀█ ▄▀▄██▀ ▄▀▄▄  █  ▀█▄█▀▀▀██▄▄  ▄▄█ ▄▀█▄ █▄████ █▀ █ ▄█
██    ▄▄▄ ▀▄███▀██▄▄▀▀█▄▄██ ▄▄▄ ▀▄▀ ▀▀▀ ▄ ▄    ██ ▄▄▄ ▀▀ ▀█
█▀ ██ █▄█ ▀▀▄ ▀ ▀▀█▄ █▀▀█▄█ █▄█ ▄▄▄ ▀█▀███ ▄  ▀▀  █▄█ ▄▄▄▀█
███ ▄ ▄▄  ██   ▀▀ ▄▀▀▀█▀▄ ▀  ▄▄ ▀█   ▀  ▄▀ █▀█▄▄▀ ▄▄▄ ███▀█
█▀▄▄▀██▄▀▀█▄▀█▀███▄▀▀▄▄▄▀▀█▄▄▄▀▀ ▀ ▄ ▀ █▄   ▄▀█▄▀▄ ▀███▀ ▀█
█   ▄ █▄█▄  ▀▀▀█ ▄▀█ █ ▄█▄██▀  █ ▄▀ █▀▄█▄ ▄▀▀▄█▄ ▄█ █▀ ▄█ █
█▄   ▀▀▄▄ █▀ ▀ ███ ▄▀███ ▄▄▀███  ▀ █▄▄ ▀█▀▄▄ ▀▀█▀█▄█ █▀▀▄▄█
█ ▀▄▀ █▄▀ ▀ ▀ █  ▄██  █ ▄▀█  ▄ ▀▀█▀▄█▄▀██▀  ▄▀▀█▀ █▀▀▄▀▀█▄█
█▀█▀▀▀▀▄    ▄ █▀▀ █▀ █▀██▄▀ ▀ ███▄▄▀▀█▄█ █ ██▄ ▀ ▄▄   █▀▀▄█
█ ▄ █ ▄▄▄▄█ ▀ ▄▀▀▄█▄▄██ ▀█▀██▄  █▀█▀▀▀ ▀ ▀▀▄ █ ▀ ▀ ▀▄▄▄▄ ▀█
█▀█ ▄█▀▄█ ██▀▄▀ ██▀▀ █ █▀▀▄ █▄▄▀██▄█▄█▀▄▀ ▀ ██▄█▀█  █▄█▀ ▀█
█ ▀ ▀▀▄▄▀ ██ ▄ █▀▀ █▀▄█ ▀███▀█▀▀█▀ █  ███  ▄▀▄▄ █  ▄▄▀ ▄▄ █
███████▄█▀█▄▄ ▄  █▄ ▀ █▀▄█▀ ▄▄▄ ▄▀ ██▄  ██▄█▄█▀██ ▄▄▄ ▄▄█▀█
█ ▄▄▄▄▄ ██▀▄ ▀▀ ▀█ ▀▀██▄██▄ █▄█ ▀▀▄ ▀▄▄▀▀ ▄▄██▀▀▄ █▄█ ▀ ▀▀█
█ █   █ █▀██▀ █▄▀██▀ ▄▀█ ▀▄  ▄    ▄ ▀▀█▄▄█ █▄▄▀▀▄▄ ▄ ▄ █▀▄█
█ █▄▄▄█ █  ▄ ██   ▀█▄▀ ▀█▀▀▀█▀█▀█▀▀   ▄▀  █▀███▀ ▄ ▀▀█▄██▀█
█▄▄▄▄▄▄▄█▄▄▄████▄▄▄███▄▄▄▄▄██▄███▄██▄████▄▄███▄█▄█▄▄██▄████

2025-08-29T20:05:16: 
2025-08-29T20:05:36: 🎯 QR Code detected! Displaying...
2025-08-29T20:05:36: 📱 Scan this QR code with your WhatsApp!
2025-08-29T20:05:36: 🔗 Or copy this link to scan:
2025-08-29T20:05:36: https://api.qrserver.com/v1/create-qr-code/?size=300x300&data=2%40QvZ8s91BzsthcM39ddC0aCezgivnKGFYC%2FDccRb4WrGZdZKgZ3yKDfNtgaVx6iHKjZhkxO8nNfu3%2FerD46mIzy%2BpzkWnIe8uh2s%3D%2CTw1x7dlGwgnJuM1OaoA0D7COEEdoJD3p1%2BBfBzSC1k8%3D%2CyhPrrHAyxj21HKUXZmT1ldO8AZ6NtsjHIJq29LoQ33Y%3D%2C0HbhWf%2B16QO5S8WPLN6dA9h41Ke%2BWgdtM3v1i27Qiak%3D
2025-08-29T20:05:36: 
2025-08-29T20:05:36: ▄▄▄▄▄▄▄▄▄▄▄▄▄▄▄▄▄▄▄▄▄▄▄▄▄▄▄▄▄▄▄▄▄▄▄▄▄▄▄▄▄▄▄▄▄▄▄▄▄▄▄▄▄▄▄▄▄▄▄
█ ▄▄▄▄▄ █▀▄▄▀█▀█▀██▀▄██ █▄▄█ ▀▀▄█▀█▀█▀▄▀█▄ ▄▄▀▄▄ ██ ▄▄▄▄▄ █
█ █   █ █▀▄▀▀▀██▄▄ ▀▄██▄▀▀▀█▄▄▄▄ █▄█▀ █▄█▄█▀▀▄ ▄ ██ █   █ █
█ █▄▄▄█ █▀███ ▄▄▄██ ▄ ▄ ▀ █ ▄▄▄ ▄▄▀▀ ▀▄███▄ ▄▀▀▀▄██ █▄▄▄█ █
█▄▄▄▄▄▄▄█▄▀▄▀▄▀▄▀▄█ ▀ █ █ █ █▄█ ▀▄█ ▀▄█ ▀ ▀ █ ▀ ▀▄█▄▄▄▄▄▄▄█
█▄▄   █▄ ▄▀▀▄ ▀▀▀▄▄ ▄▄██▀▀ ▄▄   ▀█▀█▀▄▄███ ▀ ▀ █▀▀ █ ▀▄▀ ██
█ ▄ █ ▄▄▀▀█▄▄▀▄ ▀ ▀ ▀▀▀ ▀▄ ▄▀█▀▄▀▀▄█▀█▄  █▀▀▄█▀▄ ████ ▀▀ ██
█  ▄ ▀█▄▀▀ ███▄▄▄█▀ ▀█▀▄▀  █▀▀▀██▀▄▄█ ▀▄██▀ ▄▀█▄ ▀ ▄▀██▄▄▀█
██ █▀▀ ▄   ▄▀▀▄▀   ▄ ▄▄▀▄  ▄ ██ ▀ ▀█ ▄▀ ▄██████▄██▀▀ ▄▀ ▀██
█ █▀█▀▀▄  ███▀ █▄█▄▄ ▄█▀  █ ▀ ▀▀ █▀▄█ ▀▄█▀▀▀ ███▀▀█▄▀████▀█
█▀▄██▀ ▄▄▀ ▀ ▄▀█▀▀ █▀ ▄█ ▀ █▀▄▀▀█▀█ █▀█▀  ▄▀  █ ▄▄▄▄█▄ ▀▄▀█
█  ▄  ▄▄ █▀ ▀ ▀█▄▀▄ ▄█▀▀▀▄▀▀▀▀ ▀ ▀▄█ ▄ ▄█▀  ▀▀▄█▄▀▄▄▀▀█ ▀ █
█▄▄▄ ▀▀▄▀█▀  █▄█▄ █▀▄█▄█▀█▀ ▄ ▀███▄ ██▄█▄▀ ▀▀██▄█▄    ▄▀▀██
█▄  █▀▀▄▀▄▀▀█▀█  ▄▄▄█▄▄▀▀ █▀█▀▀▀▄ ▄   █▄ ▀▀  ▀ ██▀▀▄▀█▄▀  █
█▄▀ ▀ ▄▄▄ ▄▄█  ▄▄▄▄█ ▀▄█▄▄▄ ▄▄▄  ▄ ▀▀  ▄█▀ ▀▀ █▄  ▄▄▄ ▀ ▀▀█
█▄▄▄▄ █▄█ ████▀ ▄█▄▀▄▄▄█▄▀▀ █▄█  ███   ▄ ▀▀ ▄▀▄██ █▄█ ▄▄  █
█▀█ ▄▄ ▄  ▀█▄▄ ██ ▀ ▀█▄▄ ▄ ▄▄▄ ▄▀▀▄▀▄██  ▀█▄█▀ ▄ ▄▄    ▀███
█   █▄█▄█▀▄█▀▄ █▄▄  ▀█▀█▀▀▄▄█▄▀ ▀▀▀█   █▀▀▄ ▄▀▄▄▀ ▀▀▀▄▄▀▀██
██▄▀▀▄▄▄ ██▄ ▄█▄▄▄  ▀▄█ ▄█▀▄█▄▀ ▄▀▄▄▄ ▀▄ ▄██ ▀ ▀▀▀▀▀  ▀▀▄▀█
█ █▄▄▀█▄▄▄▀▀█▀ ▀▀█▄ ▀▀▀█▄ ▄█▀██▄▄█▄█▄▄ ███  ▀████▀▄▀▄████ █
█▀ ▄ ▀█▄  ▀▀  █▄▀██▄▀ ▄▀▄ ▄ ▀█▀▄ █ █▄█ █▄▀ ▀▄  ▄▀▀▄▀ █▀ ▄▄█
█▄▀ ▄ █▄▄▀▀▀▀▄ ▀▄▄▄▄▄▄▄▀▄▀█▀▄▄▄ ▀█▀█   ▄█▀▀ ▀███▀▀▀▄█▄▄ ███
█▄▄▄▀  ▄▄ ▀█  █ █▄▀ ▄▀▀ █▀█▀▀▄▄▄██▀███▄▀▄▀█  ▀ ▀ ▀▀▀ ▄   ██
█ ▄ ▀█▄▄▀▄█▄▀█ ▀▄▄▀ ▀█▀▄▀ █▄▄█▄ ▄█▀▄▄▄ █ ▀▄▀▄█▄███▄▀▀▄▄█▀▀█
█ ▀ ▀▀▄▄▄█ ▀▀▀▄▄▄█▄▄██▄   ▀ ▄▀ ▄▀ ▄ ▀█ ▄▄ ▄█▀▀▄▄█▄ ▀█ ▀  ▀█
███████▄█ ▀▄ ▄▄▄▀▄ ▄▀▄▀█▀ ▀ ▄▄▄ ▄█▄█▄ ▄█▀█ ▀██ █▀ ▄▄▄ ▀ █▀█
█ ▄▄▄▄▄ █▄ █     ▀  ▀█▄████ █▄█ ▄██▀██▄  ▀▄█▄█▀ █ █▄█ ▀▀ ▀█
█ █   █ █  ▀▄ ▀█▄▀▄▄▄█▄▀▀▄  ▄▄ ▄ ▀▀▄▄▄▀█▀█▀  ▀▄██ ▄▄▄▄▀ █▄█
█ █▄▄▄█ █  ▄ ▀▄ ▄ █▀▄█▄▀▀█▀█▀█▀█▄▄█ ▄▄▄█▄▀▀██▀▀▀▄  █▀▀ ▀███
█▄▄▄▄▄▄▄█▄██▄█████▄▄▄███▄██████▄▄▄▄▄▄▄▄█▄█▄▄▄██▄▄▄█▄██▄▄▄██

2025-08-29T20:05:36: 
2025-08-29T20:05:56: 🎯 QR Code detected! Displaying...
2025-08-29T20:05:56: 📱 Scan this QR code with your WhatsApp!
2025-08-29T20:05:56: 🔗 Or copy this link to scan:
2025-08-29T20:05:56: https://api.qrserver.com/v1/create-qr-code/?size=300x300&data=2%40gt7R7%2FhPdaxHk8i7OsGm5H3bTj4rRqTxoWdu6za2BhA4%2BRVuyKj08C%2FlDNSn1MSfC3rOc%2FTS%2F%2BBIEkKptJrCA5b8AUgIq8OAIdc%3D%2CTw1x7dlGwgnJuM1OaoA0D7COEEdoJD3p1%2BBfBzSC1k8%3D%2CyhPrrHAyxj21HKUXZmT1ldO8AZ6NtsjHIJq29LoQ33Y%3D%2C0HbhWf%2B16QO5S8WPLN6dA9h41Ke%2BWgdtM3v1i27Qiak%3D
2025-08-29T20:05:56: 
2025-08-29T20:05:56: ▄▄▄▄▄▄▄▄▄▄▄▄▄▄▄▄▄▄▄▄▄▄▄▄▄▄▄▄▄▄▄▄▄▄▄▄▄▄▄▄▄▄▄▄▄▄▄▄▄▄▄▄▄▄▄▄▄▄▄
█ ▄▄▄▄▄ █▀▄▄▀█▀▄█▀█ ▄█▄▀  ▄█ ▀▀▄█▀▀▀▀ ▄██▄▄ ▄▄▄▄ ██ ▄▄▄▄▄ █
█ █   █ █▀▄▀█▀██▄█ ▀▄▄█▄▀▀▀█▄▄▄▄ ▄▄█  █▄▄▄█▀▀█ ▄ ██ █   █ █
█ █▄▄▄█ █▀▀█▀▄▄▄▄██ ▄ ▄ ▀ █ ▄▄▄ ▀▄▀▀▄ ▄█▀▄▄  ▄▀▀▄██ █▄▄▄█ █
█▄▄▄▄▄▄▄█▄█ ▀ ▀▄▀▄█ ▀ █ █ █ █▄█ ▀▄█ ▀▄█ ▀ ▀ █ ▀ ▀▄█▄▄▄▄▄▄▄█
█▄▄  ▄▀▄ ▄ ▀█ ▀▀▀▄▄ ▄▄██▀▀▄▄▄   ▀█▀█▀▄▄███ ▀ ▀ █▀▀▄█▄▀▄▀ ██
█ ▄ █▀▄▄ ▄▄ ▀█▄ ▀ ▀ ▀▀▀ ▀▄▄█▀█▀▄▀▀▄█▀█▄▄ █▀█▄█▀▄  █▄▄▀▀▀ ██
█   █▀█▄▀▄█▄██▄▄▄█▀ ▀█▀▄▀  ▄▀█▀██▀▄██ ▀▄██ ▀▄▀██▀▀ ▄ ▀█ ▄▀█
█▀▀ ▄▀ ▄   ▄▀▀▄▀  ▄  ▄▄ ▄  ▄ ▄█▄▀ ▀▄▄▄▄▀ ▀▄▀██▀ ▀ ▀▀ █▀▀▀██
█▄██ ▀▀▄  ███▀ ███▄ ▀▄▀▀ ▀█ ▀ ▀▀ █▀▄   ███▄ ▄▀█▄▀▀█▄▀██▄▀▀█
█ ▀▀▄▀ ▄▄▀ ▀ ▄▀██▀ █  ▄█   █▀▄▀▀▀▀█ ▀█▄ █▀▄▀▀▀▄▀▄▄ ▄█▄ ▀ ▀█
██ ▄   ▄ █▀  ▄▀█▄▀▄ ▄█▀▀▀▄▀▀▀▀ ▀▀█▄█▄▄ ▄ █  ▀█▄█▄▀▄▄▀▀█ ▀▀█
█▄▄▄ ▄█▄▀██▄▀█▀ ▄ █▀▄█▄█▀█▀ ▄ ▀█▄█▄ █▄▄█▄  ▀▀▄█▄█▄▀ ▄▄▄▀▀██
█▄  ██▄▄  ▀▀▀█▀▄ ▄▄▄█▄▄▀▀ ▀██▀▀▀▄ ▄   █▄ ▀▀  ▀ █▀ ▄▄▀█▄▀  █
█▄▀ ▀ ▄▄▄  ▄▀▀▀ ▄▄▄█ ▀▄█▄▄█ ▄▄▄  ▄ ▀▀  ▄█▀▄▀▀ ▀ ▄ ▄▄▄ ▀ ▀▀█
█▄▄▄█ █▄█ █▄██▀ ▄█▄▀▄▄▄█▄▀█ █▄█  █▄█  ▀█ ▀ ▀▄▀▄█▀ █▄█ ▀█  █
█▄ ██ ▄▄▄ ▀█▄▄ ██ ▄█▀█   ▄ ▄▄▄ ▄▀▀▄ ▄▀█▄▄█▀ ▀▀ ▀▀▄▄ ▄▄ ▀███
██   ▄█▄▀ ▄█▀▄ █▄█  █▄▄▀ ▀▄▄▄▄▀ ▀▀▀█  ▄███  ▄▀█▄█ ▀▀███▀▀▀█
█▄▄ ▄▄▄▄█▄█▄ ▄█▄▀█  ▄▄█ ▀▀▀▄ ▄▀  ▀▄▄▀  ▄ ████ ▀ ▀▀▀▀█▄▀▀▀▀█
█ █▄▄▀█▄▄▄▀▀ ▀ ▀▀█▄ ▀▀▀█▄ ▄█▀█▀ ▄█▄█▄▄ ███  ▄████▀▄▀▄████▀█
█▀ ▄ ▀█▄  █  ▄▄█▀██▄▀ ▄▀▄ ▄ ▀█▀▄ █ ██▄ ██▀ ▀█  ▄▀▀▄▀ █▀ ▄▄█
█▄▀ ▄  ▄▄▀ ▄█▀██▄▄▄▄▄▄▄▀▄▀█▀▄▄▄ ▀█▀█   ▄█▀▀ ▀███▀▀  █▄  ███
█▄▄▄▀▄▄▄▄  ▀ ▄ ▄█▄▀ ▄▀▀ █▀▀▀▀▄▄▄███▀██▄▀▄▀▀  ▀ ▀▄▄▄▀ ▄ ▀ ██
█ ▄ ▀ ▀▄▀█▄█▀█ ▄▄▄▀ ▀█▀▄▀ ▄▀▄█▄ ▄██▄▄▄█▄ ▀ ▀▄█▄█▀ ▀ ██▄▀▀▀█
█ ▀ ▀▀▄▄ █ ▀▀▀▄▄▄█▀▄██ █  ▀ ▄▀ ▄▀ █▀█▀▄  ▄█▀██ ▄██▄██ ▄▀ ▀█
███████▄▄ ▀▄ ▄▄▄▀▄▄▄▀█▄▀  ▀ ▄▄▄ ▄█▄█ ▄▀█▀██▀▄█▄██ ▄▄▄ ▀▀███
█ ▄▄▄▄▄ █▄ █    ▄   █▀▄██▀█ █▄█ ▄▀█▀ ██▀▄ ▄█ ▀▀ █ █▄█ ▀▀▄▀█
█ █   █ █  ▀ ▀▀█▄▀▄▄▄█▄▀▀▄   ▄ ▄ ▀▀▄▄ ▀█▄█▀ ▀▀▄█▄ ▄▄▄ ▀ ▄██
█ █▄▄▄█ █ █▄  ▄▀▄ █▀▄█▄▀▀█▀█▀▀▀█▄██ ▄▄▄██ ▀██ ▀▀▄  █ █ ▀███
█▄▄▄▄▄▄▄█▄██▄▄█▄██▄▄▄███▄███▄██▄▄▄▄▄▄▄▄█▄█▄▄▄██▄▄▄█▄██▄▄▄██

2025-08-29T20:05:56: 
2025-08-29T20:06:16: {"level":30,"time":"2025-08-29T19:06:16.591Z","pid":23196,"hostname":"LAPTOP-R3IJ5HFS","class":"baileys","trace":"Error: QR refs attempts ended\n    at Timeout.genPairQR [as _onTimeout] (C:\\Users\\55519\\Desktop\\DIGITAL MARKETING\\SAAS AND APP DEVELOPMENT\\Caio Website Personal Brand\\caio_personal_brand_current_one\\node_modules\\@whiskeysockets\\baileys\\lib\\Socket\\socket.js:485:21)\n    at listOnTimeout (node:internal/timers:588:17)\n    at process.processTimers (node:internal/timers:523:7)","msg":"connection errored"}
2025-08-29T20:06:16: 🔄 Scheduling reconnect attempt 1/10 in 5s...
2025-08-29T20:06:21: 🚀 Starting WhatsApp service...
2025-08-29T20:06:21: 📱 WhatsApp service started. Waiting for connection...
2025-08-29T20:06:21: {"level":30,"time":"2025-08-29T19:06:21.815Z","pid":23196,"hostname":"LAPTOP-R3IJ5HFS","class":"baileys","browser":["Chrome (Linux)","",""],"helloMsg":{"clientHello":{"ephemeral":"89V9K4Jyty2O8E8WW++xtOfilFVv+t0O1mrEWr1TOBU="}},"msg":"connected to WA"}
2025-08-29T20:06:21: {"level":30,"time":"2025-08-29T19:06:21.940Z","pid":23196,"hostname":"LAPTOP-R3IJ5HFS","class":"baileys","node":{"passive":false,"userAgent":{"platform":"WEB","appVersion":{"primary":2,"secondary":3000,"tertiary":1023223821},"mcc":"000","mnc":"000","osVersion":"0.1","device":"Desktop","osBuildNumber":"0.1","releaseChannel":"RELEASE","localeLanguageIso6391":"en","localeCountryIso31661Alpha2":"US"},"webInfo":{"webSubPlatform":"WEB_BROWSER"},"connectType":"WIFI_UNKNOWN","connectReason":"USER_ACTIVATED","devicePairingData":{"eRegid":"AAAAFQ==","eKeytype":"BQ==","eIdent":"xTMCnRUh7dsllEKmmuXcBPvBsnmh+FfYiK3eazdsyD0=","eSkeyId":"AAAB","eSkeyVal":"TpQqNq3R/l0lIiYxtDWR1TjDYUVg4tPlvrdHEsqAFhU=","eSkeySig":"dN0+5K7sOkRFhbhqgWQbnkLRvdYVC5ov9jd+aAaobyfPx+jzlg3BcjYcaLU6NDTQZ0tdKMjuDCZQNv3yPQv6CA==","buildHash":"c9lQeUMlTdrMrIi/+YcPiA==","deviceProps":"Cg5DaHJvbWUgKExpbnV4KRgHIAA="},"pull":false},"msg":"not logged in, attempting registration..."}
2025-08-29T20:06:22: 🎯 QR Code detected! Displaying...
2025-08-29T20:06:22: 📱 Scan this QR code with your WhatsApp!
2025-08-29T20:06:22: 🔗 Or copy this link to scan:
2025-08-29T20:06:22: https://api.qrserver.com/v1/create-qr-code/?size=300x300&data=2%40Kly2h2dpnch%2BHt3dUYOEwMAiVLlfT6F38QePjkRvzfzx7sspVLweOvDelj9VOVa8887zWa9Xs0ICgM0%2FCgwnI8UJ4LsASh6IuMU%3D%2CJYVKkbE8x%2F66WT6FG%2FL9k00P1yse3G2p%2BW%2BWwKHoixw%3D%2CxTMCnRUh7dsllEKmmuXcBPvBsnmh%2BFfYiK3eazdsyD0%3D%2CmFcHvnWskIbYVuT41PaByOuRV930EsrHWG107UxaB6c%3D
2025-08-29T20:06:22: 
2025-08-29T20:06:22: ▄▄▄▄▄▄▄▄▄▄▄▄▄▄▄▄▄▄▄▄▄▄▄▄▄▄▄▄▄▄▄▄▄▄▄▄▄▄▄▄▄▄▄▄▄▄▄▄▄▄▄▄▄▄▄▄▄▄▄
█ ▄▄▄▄▄ █ ▀▄▄▀█▀▀██▀█ ▀█▄▄▀▄▄▀▄▄▀█ █ ▄▀ ▄▄▄ ▄█▀▄ ██ ▄▄▄▄▄ █
█ █   █ █    ▀▄▄▄ ▄█▄█▄▀██▀█ ▀█▄▀▄▄▄▄█▄▄▄▀ ▀ █ ▄ ██ █   █ █
█ █▄▄▄█ █▀ ▀▄█▀▀▀█ ▄▀█▀█▀   ▄▄▄  █▄█▀▀▀ ▄█  ▄ ▄▀▄██ █▄▄▄█ █
█▄▄▄▄▄▄▄█▄█▄█▄▀ ▀ █▄▀ ▀ ▀▄█ █▄█ ▀▄█▄█ ▀▄█▄▀▄▀ █ █ █▄▄▄▄▄▄▄█
█▄▄▀█  ▄█▀██▄▀▀▄ ▄▄ ▄▀ ▀▀▀▀▄▄▄  ▄ ▄█▀▄█▀██ ▀█  █▀ █▀▄█▄ ▄ █
█▀▄▄▄▀ ▄▄  █ █▄ █▀▄█▀▀▀█  ▀▄▄█▄ █▀▄  ▀▄▀ ▄█▄ █▀ █▄▄  █▄▄ ██
██ ▀▀▄▄▄▄██▄▀ ▀▀▀█▀ ▀▀▄▄▀ ██▄▀▀█▀▄█▄▄ █ ▄█  ▀▄ ▄▀▀▄ ▄▀▀ ▄▀█
█▄█  ▀▄▄▀█ ▄▀▀▀ ▀▀▀▄██▀▀▄▄▄▄▀  ▀▄▄█▀ ▄▄███▀▀▄ ▄█▄ █▄▄ █▄ ▀█
█▄ ▀██ ▄ ▄▄▄▄▄▀ ▀▄▄▄▄▀ ▀  ▀█▄  ▀▀▄▄█  █ ▄█▄ █▄▄█ ▀▄  █ ▀▄██
█▄▄▄▄▄█▄▀▄ ▄▄ ▀█▄▀ █▀██▄ █ ██▀▀▀▄▀▀▀█▀ █▀▀█▄▄▀███ █   ▀▄███
█▄▄▄ ██▄ ▄▀▀ ▄▄ ▀▀▀▄▀ █▀▀▄▄▄▄▀ ▀▀ ▀▄█ █  █  █▄▀█▄▀   ▀▀▀▄██
██ ▀  ▄▄▀ ▀▄▄ ▀▀▄█▀▀▄█▄▄▄ ▀ █▄  ███▄▀▀▀███ ▄██▀▀█▄▄▄▄▀▄▄▀██
█▄████ ▄█  ▄▀ ██ █▄▄ ▀ ▀ ▀ ▄▄██ ▀█▀ ▄▄█ ▀█▀▀▀ ▀▄▀▀▀▀ █▄▀█▀█
█ █▄▄ ▄▄▄ ▄▀█▀▄▀▄█▀  ▀▄ ▀██ ▄▄▄ ▄   ██ ▄ ▄ ▀█▀▀▄█ ▄▄▄ ▄█▄▀█
█▄▀█  █▄█ █ █ ▀▄▄▄▄▀▀▀▀█▄▀  █▄█ █▄▄▄  ▄▀ ▀  █▄███ █▄█ █▄ ▄█
█▄▄▀█  ▄  ▀█▄ ▄▄█   ▄ █▄▄█▄  ▄  ▀████▀██   ▀▀▀ ▀▄    ▄▄▄███
██ ▄  ▄▄██▄▄▄▄██ █▀▄▄ ▄▀ ▀▀▀▀▄▀ █ ▄█  █▀▄█▀ █▄███ ██▄▄▄▄▄▄█
██ ▄██ ▄ █▄▀▄█▀███▄█▀▄██▀▄ ▀ █▄█▀▄ ▀▄▄█ ▀ ▀▀ ▀ █ ▀▄▀▀▄█▄███
█▄▄ ▀█ ▄▄▀█▀ ██▀▄█ ▄▄▄▄█▄ ▀▄▄██▄█ ▀█▄▄█▀ ▀█   ▀██▀▄ ▄▄   ██
██   ██▄▄█▄ ██  ▀ ▄▀▀ ▄▀▀█▄▀▀ █▀ █▀▀█▀█ █▄▀  ▀█ █ ▄█▄ ██▄▄█
██  █ ▀▄▀▄█ ▀▀▄▀▀▄▄ ▀▀▄█▀▀ ▄▀▄█▄▄ ▄██▄▄ ▀▀▀ ▄▄█▄█  ▄▀█▄▄ ▄█
█▀▄ █▄▄▄▀▄▀▀ ███▄▀▄███▀████▀▄▀▀█▀▀▀▄▄▀▀ █▄█▀██▀█▀▀▄▀█▀█▄ ██
█▄▀█ ▄▀▄██▄██▄ █▀▄▀ ▄▀▄▄  ▀█▄▄▀█▀▄▀█  ▄ ▄█ ▀█  ▄█▀  ▄▄▀▀▄██
█ ▀ ▀▀▄▄▄▀▀▄  ▀█▀▀▄▄▄▀█ █▄▄ █ ▀█▀██▄▀▄█ █▄▄█▄ ▄▄█ ▄█▀ █▄▄▀█
███████▄█▀  ▀  █▀█  █▀▄█ ▀█ ▄▄▄ ▀▄▀█▄▄  █▀  █▄ ▄█ ▄▄▄ ▀▀▄▄█
█ ▄▄▄▄▄ █▀ ▄ ▄▀▀▄▀▄▄  ▀▀▀▄█ █▄█ █ ▄ ▀▀  ▄█▄█▀▀▄ ▄ █▄█ █▄███
█ █   █ █▄▄▄█ ▄ ▀▀ ▄▀ ▀▀▀▄█    ▄█ ▀▄▄ █  █ ▀▀ ▀█▀▄ ▄   ▀ ▀█
█ █▄▄▄█ █▀▄ ▀█▀█▄█ ▄▄█▀ ▄ ▀▀▀▄▄ ██▄▄▀▄█▄▀ ▄▄▀  ▄▀▀ █▀  ████
█▄▄▄▄▄▄▄█▄▄▄▄█▄█▄▄▄▄███████▄▄██▄███▄▄▄█▄▄█▄█▄▄▄██▄██▄▄▄██▄█

2025-08-29T20:06:22: 
2025-08-29T20:07:22: 🎯 QR Code detected! Displaying...
2025-08-29T20:07:22: 📱 Scan this QR code with your WhatsApp!
2025-08-29T20:07:22: 🔗 Or copy this link to scan:
2025-08-29T20:07:22: https://api.qrserver.com/v1/create-qr-code/?size=300x300&data=2%40NVVxERFnthuE2CZNMP4NMrCRuZuTBo80KEkp1%2FEaqd4H9s0wLpx5mcj8kuSPcSG3c30HPwhzeqEu%2F3Z8ONhYGBAt961wsG4JQxA%3D%2CJYVKkbE8x%2F66WT6FG%2FL9k00P1yse3G2p%2BW%2BWwKHoixw%3D%2CxTMCnRUh7dsllEKmmuXcBPvBsnmh%2BFfYiK3eazdsyD0%3D%2CmFcHvnWskIbYVuT41PaByOuRV930EsrHWG107UxaB6c%3D
2025-08-29T20:07:22: 
2025-08-29T20:07:22: ▄▄▄▄▄▄▄▄▄▄▄▄▄▄▄▄▄▄▄▄▄▄▄▄▄▄▄▄▄▄▄▄▄▄▄▄▄▄▄▄▄▄▄▄▄▄▄▄▄▄▄▄▄▄▄▄▄▄▄
█ ▄▄▄▄▄ █▀▄▄▄▀ ▄▄▀█▀▄██▄▄ ▄▀▀▀▄▄▄ ▀██▄ ▀▀█▄ ▄▀▄▄ ██ ▄▄▄▄▄ █
█ █   █ █▀ ██ ▄▄██▀ █▄▄▄ ▀▀█ ▄ ▀█▄▄▀▄▀▄▄███▄▀█ ▄ ██ █   █ █
█ █▄▄▄█ █▀▀▀ █▄▄▄█ ▄▄ ▄█▀ █ ▄▄▄ ▄█▀█ █▄█▀▄  ▀ ▀▀▄██ █▄▄▄█ █
█▄▄▄▄▄▄▄█▄▀ ▀ ▀ ▀▄▀ ▀ ▀▄█ █ █▄█ ▀▄█ ▀▄▀▄█ █ ▀ █▄▀▄█▄▄▄▄▄▄▄█
█▄ ▄  █▄  ▄ █ ▄▀█▄▄ ▀▄█▀▀▀ ▄ ▄  ▀█▀█▀▄ ▄ █ ▀ ███▄▀ █ ▀▄▀ ██
█▄▄▄▄▄▄▄▄▀ █▀█▄ █▄▀ ▀▀▀ ██▀█▄ ▀██▀ ▀█▄▄█ ▀ █ █▀▀ ██  ▄▀▀ ██
███ ▄▄▄▄█ ▄█▀ ▄▄▄█▀ ▄▄▀▄▀ ▀▀ █▀█▄▀ █▄ ▀▄▀█  ▄▀▄█▀▀▀█▀██ ▀▄█
█ ▀██▄▀▄▀▄ ▀▄▄▀ ▀▄▀███ █▀▀▄▄▀█▀▄▄▄▀▄▀█ ▄█    ▄▀▄▀ █▄▄▄▀  ▀█
█▀█ ▀█ ▄█▀▀▄▄▄▄█▄█ ▄▄▄█▀▀ ▄ ▀  ▀▄▀▀█   ▄ ▀ ▀▄██▄ ▀▀███▀ ▀ █
█▀▄██▀▄▄▀▄ ▀▀█▀█▀▄█ █ █▀ ▀ ██▄█▄ ▀▀▄█▄ ▄▀█▀ █▄█▀ █▀▄ █▄▀▀▀█
█ ▄▀█ ▀▄█▀▄▀▄█▀█▄▀▀▄▄█ ▀▀▄▀▀▀▀ ▀██▄▄▄▄ █▀▀  ▄▀▄█▄▀ ██▀▀▀▀▀█
█  ▀  ▀▄▀  ▀█▀▀█▄ ▄▄▄█▄▀▀█▀ █▀█████▀█▄▀█▄▀█▀█▄▀▄ ▀ █▄ ▀▀▀██
█▄   ▄█▄▄█ ███▄███▄▄█▄█▀ ▀█▀▀██ ▄ ▄ ▄▄ █▄█▀▀▄█▄▄█▀ █▀█▄▀ ▄█
███▄▄ ▄▄▄ ▀▄▀▄██▄ ▄█ ▀▄█▄ █ ▄▄▄ ▄  █   ▄ ▀█ █▀██▄ ▄▄▄ ▀ ▄▀█
█▄▄▄▄ █▄█ ▀▀█  ▀▀▄▄▀▄▄▄█▄▀█ █▄█  ▀▄█   ██▀█  ▀██▄ █▄█ █▄█▀█
█▀▀▄▀▄▄▄▄▄▀ ▀█▄▄██  ▄  ▄▀ ▄   ▄▄▀█▄▀  ▄█▄▀▄▀█▀ ▀ ▄    ▀ ███
█ ▄█▀ ▄▄█▀▀▄▄▄  ██  ▀▄▄▀ ▀▄▄▄▄▀  █▀█▄▄ ▄▄█▀▀▄▀ ▄▀▄  █▄▄▄▀▀█
█▀█▄  █▄▄▀▄▄▀ ▀█▀▄▀ ▄▄█ █  ▀▀█▀ ▀  ▄█▀█▀▄ █▄ ▄▀ ▄▄▄▀▄▄ ▀▀▀█
█▀▀█▄█ ▄▀▄ ▀█  ▄▀█ ▄▀▀▀█▄ ▄▀▀█   ▀▄█▄  ▄███  ▀▄██▀▀█▀▄  █▀█
█      ▄▄█ ▄▄▄▄▀▀█▀▄▀ ▄▄▄ ▄▀▀█▄▄▀▄▀▄ ▄█ █ ▄█▀▀██ █▄█▄█  ▄▄█
████ ▄▄▄▄▀▄██▀▀█▄▄▄ ▄▄▀█▀▀█▀▄▄█▄▀█▀██▄▀█▄▀▀ ▀▀ ▄█ █▀▄█ ▄█▀█
█▄▄ █ █▄▀▄▄▀▀▀█▄▄▄▀ ██▀   ▀▀▄▄▄ ▀▀▀▀▀▄█ █▀  ███▄ █▄██▄▀▀ ██
█▄▄▄▄ █▄  █ █▄▀ ▄▄▀ ▀▄▀▄  █▀▀▄▀█▄▀█▄  ▀▄▀█▀  █▀███▀█▄▄▄ ▀ █
█ ▀ ▀▀▄▄█▀▀▀██▀█▀▄▀▄▄▀██ ▀▄ ██▄ ▀█▄▀▄▀ ▄█▀█ ▄▄▀ ▀▄▄██▄▀ ▄▀█
███████▄█ █ ▀ █ ▄▄  ▀▄▀▀▄▀  ▄▄▄ ▄▀▄█▄ ▄▄ █   ▀▄██ ▄▄▄  ▀█▀█
█ ▄▄▄▄▄ █▄ ▀█▀▀▀ █▀▀ ▀▀▄▄▀█ █▄█ █ ▄█    ▀█ ▀▄▄▄█  █▄█  ▀ ▀█
█ █   █ █ ▀▄██▀█▄▀ ▄▄█▄▀▀▄ ▄▄  ▄ █▄▄   █▀▀ ▀▄▀▄█▀▄▄ ▄▄ ▀███
█ █▄▄▄█ █ █▄▄ ▄ ▄ █▀▄█▀█▀█▀▀██▀█▄█▄▀▄ █▄▀▄▀▀▀▀ ▀▄▄ █▀▀█ ███
█▄▄▄▄▄▄▄█▄▄███▄▄█▄▄▄▄▄▄███▄█▄██▄▄▄▄▄▄▄▄███▄██████▄▄▄██▄█▄██

2025-08-29T20:07:22: 
2025-08-29T20:07:42: 🎯 QR Code detected! Displaying...
2025-08-29T20:07:42: 📱 Scan this QR code with your WhatsApp!
2025-08-29T20:07:42: 🔗 Or copy this link to scan:
2025-08-29T20:07:42: https://api.qrserver.com/v1/create-qr-code/?size=300x300&data=2%4084Z93BHiM8i5ja0pqPtYqjIccTu3%2FaW0IP3UjxXxeEcjtI4Vx9QPJ5q66pflY2Cik0jUOeUq6%2Bk%2BLvIcJQUOexkAzZyjbapp29c%3D%2CJYVKkbE8x%2F66WT6FG%2FL9k00P1yse3G2p%2BW%2BWwKHoixw%3D%2CxTMCnRUh7dsllEKmmuXcBPvBsnmh%2BFfYiK3eazdsyD0%3D%2CmFcHvnWskIbYVuT41PaByOuRV930EsrHWG107UxaB6c%3D
2025-08-29T20:07:42: 
2025-08-29T20:07:42: ▄▄▄▄▄▄▄▄▄▄▄▄▄▄▄▄▄▄▄▄▄▄▄▄▄▄▄▄▄▄▄▄▄▄▄▄▄▄▄▄▄▄▄▄▄▄▄▄▄▄▄▄▄▄▄▄▄▄▄
█ ▄▄▄▄▄ █▀▄▄▄▀▀▄█▀▄▀█▀█▄█ ▄▀▀▀▄▄▄ ▀▀▄▄▄▀▀▀▄▄  ▄▄ ██ ▄▄▄▄▄ █
█ █   █ █▀ █▀ ▄▄▄█▀ ▄█▄▄▀▀▀█ ▄ ▀ ▄▄▀  ▄▄▄▄█▄ ▄ ▄ ██ █   █ █
█ █▄▄▄█ █▀▀██▀▄▄▄█ ▄▄ ▄█▀ █ ▄▄▄ █ ▀█▄ ▄█▀▀  ██▀▀▄██ █▄▄▄█ █
█▄▄▄▄▄▄▄█▄█ █▄▀ ▀▄▀ ▀ ▀▄█ █ █▄█ ▀▄█ ▀▄▀▄█ █ ▀ █▄▀▄█▄▄▄▄▄▄▄█
█▄ ▄ ▄█▄  ▀ ▀▀▄▀█▄▄ ▀▄█▀▀▀▄▄ ▄  ▀█▀█▀▄ ▄ █ ▀ ███ ▀▄█▄█▄▀ ██
█▄▄▄▄▄█▄▀▄ ▀█▀▄ █▄▀ ▀▀▀ ██ ▄  ▀██▀▄██▄▄█ ▀▄▀ █▀▀▀▄▄ ▄▀▀▀ ██
███▀ ▄▄▄ ▄██▀ ▄▄▄█▀ ▄▄▀▄▀ ▀ ██▀█▄▀▀▄▄  ▄▀█  ▄▀▄█▄▀▀█▄██▄▀▄█
█ ▄▀▀▄▀▄▀█ ▀▄▄▀ ▀▄▄▄██▄▄▀▀▄▄▀██▄▄▄▀▄▀██ █   ▄▄▄▄ ▄█▄▄▄▀▀ ▀█
██▀█▀█ ▄█▀▀▄▄▄▄█▄█ ▄▄▄██ ▀▄ ▀ ▀ ▄▀▀▄█▄▀▄▀▀   █▄▄ ▀▀███  █ █
██▄  █ ▄▀▄ ▀▀█▀█ ▄█ ▄██▀▀▀ ██▄▄▄▄▀▀▄█▄▀▄ ▄ ▀ ▀▄▀ ██▄ █▄▀▄██
███▀█ █▄█▀▄▀ ▀▀█▄▀▀▄▄█ ▀▀▄▀▀▀▀ ▀ █▄▄ ▄ █▀▀  ▄█▄█▄▀ ▄█▀▀▀▀▀█
█  ▀ ▀▀▄▀▄▄▀▄█▀▀▄ ▄▄▄█▄▀▀█▀ █▀██▄██▀▄█▀█▄ █▀██▀▄ ▀▀█▄ ▀▀▀██
█▄   █▀▄▄█▄ █ █▄██▄▄█▄█▀ ▀█▀▀██ ▄ ▄ ▄▄ █▄█▀▀▄█▄▄▀ █▄██▄▀ ▄█
███▄▄ ▄▄▄ █ █  ▄▄ ▄█ ▀▄█▄ ▄ ▄▄▄ ▄  █  ▄▄ ▀█ █▀▀▀  ▄▄▄ █ ▄▀█
█▄▄ █ █▄█ ▀ █   ▀▄▄▀▄▄▄█▄▀▀ █▄█  ▀▄█   ▄█▀▀  ▀▀█▀ █▄█  ▀█▀█
██▄▀▀  ▄ ▄▀ ▀█▄▄███ ▄ ▄█▀ ▄   ▄▄▀█▄▀ ▄▄█▄█▄█▀█▀ █▄▄ ▄▄  ███
█▄ ▀▀ ▄▄▄▄▀▄▄▄  ▀▄▄▄ ▄██  ▄▄▄█▀  █▀██ ▀▄▀▀▀  ████▀  ▀▄█▄▀▀█
███   █▄▄▄▄▄▀ ▀█▀▀▀  ██ ▀  ▀██▀ ▀▄ ▄█▄█   ██▀▀  ▄▄▄▀   ▀▀▀█
█▄██▄█ ▄▀▄ ▀▄█ ▄▀█ ▄▀▀▀█▄ ▄▀▀██▀ ▀▄█▀▄ ▄███ ▀█▄██▀▀█▀▄  █ █
█      ▄▄██ █▄ ▄▀█▀▄▀ ▄▄▄ ▄▀▀█ ▄▀█▀▄▀▄█ ▄▀▄█▀▀██ █▄█▄█  ▄▄█
████   ▄▄▀▀█ ▄  ▄▄▄ ▄▄▀█▀▀█▀▄▄█▄▀█▀██▄▀█▄▀▀ ▀▀ ▄█ █▀▄█▄▄█▀█
█▄▄ █  ▄▀▄▀  ▄ █▄▄▀ ██▀   █▀▄▄▄ ▀▀▀▀▀▄▀▄█▀  ███▄  ▄██▄█  ██
█▄▄▄▄▄ ▄▀▄█ █▄▄▄▄▄▀ ▀▄▀▄  █▄▀▄▀█▄▀██  ▀█▀█▀  ███▀▀▀ ██ █▀ █
█ ▀ ▀▀▄▄▀▄▀▀██▀█▀▄▄▄▄▀ █ ▀█▄██▄ ▀██▀ █▄▄█▀▄▄ ▄ ▄ ▄▄▀██ ▀▄▀█
███████▄▄▀█ ▀ █ ██▄▄▄▄▀█▄▀  ▄▄▄ ▄▀▄█▄  ███ ▀▄▀█▄█ ▄▄▄ ▀▀█▀█
█ ▄▄▄▄▄ █▄ ▀█▀▀▀▄▀▀▀█ ▀▄▄▄█ █▄█ ▀ ▄█▀▄  ▄▀▀ █ ▄██ █▄█  ▀ ██
█ █   █ █ ▀▄▀█▀█▄▀ ▄▄█▄▀▀▄ ▄   ▄██▄▄▀  ███ ▀▄▀▄█ ▄▄ ▄▄ ▀█▄█
█ █▄▄▄█ █ ▀ █  █▄ █▀▄█▀█▀█▀▀▀█▀███▄▀▄ █▄ ▄▀▀▀  ▀▄▄ █▀██ ███
█▄▄▄▄▄▄▄█▄█▄▄████▄▄▄▄▄▄███▄█▄▄█▄▄▄▄▄▄▄▄███▄██████▄▄▄██▄█▄██

2025-08-29T20:07:42: 
2025-08-29T20:07:58: 🚀 Starting WhatsApp service...
2025-08-29T20:07:58: 📱 WhatsApp service started. Waiting for connection...
2025-08-29T20:07:58: (node:21876) Warning: Setting the NODE_TLS_REJECT_UNAUTHORIZED environment variable to '0' makes TLS connections and HTTPS requests insecure by disabling certificate verification.
(Use `node --trace-warnings ...` to show where the warning was created)
2025-08-29T20:07:58: {"level":30,"time":"2025-08-29T19:07:58.962Z","pid":21876,"hostname":"LAPTOP-R3IJ5HFS","class":"baileys","browser":["Chrome (Linux)","",""],"helloMsg":{"clientHello":{"ephemeral":"YgJ7jpIjjb70VbCP3o24JfwuMtpf9x+aKjldb/QP01I="}},"msg":"connected to WA"}
2025-08-29T20:07:59: {"level":30,"time":"2025-08-29T19:07:59.174Z","pid":21876,"hostname":"LAPTOP-R3IJ5HFS","class":"baileys","node":{"passive":false,"userAgent":{"platform":"WEB","appVersion":{"primary":2,"secondary":3000,"tertiary":1023223821},"mcc":"000","mnc":"000","osVersion":"0.1","device":"Desktop","osBuildNumber":"0.1","releaseChannel":"RELEASE","localeLanguageIso6391":"en","localeCountryIso31661Alpha2":"US"},"webInfo":{"webSubPlatform":"WEB_BROWSER"},"connectType":"WIFI_UNKNOWN","connectReason":"USER_ACTIVATED","devicePairingData":{"eRegid":"AAAADQ==","eKeytype":"BQ==","eIdent":"hu5n/YtrMQb4XhTzydM3oFC/v4OIo3GzRVEP9v2y+Qs=","eSkeyId":"AAAB","eSkeyVal":"2kShj3IrmdYTdsCqlC+x2EI6p8YQqAS7Uevs9LoEekc=","eSkeySig":"ccmoIl+Xgp/qj4uzBYiZWcpPYGvvtSNuWwZmu4kr+hl8LzGJ53cDpXuAMoh+vqUEY8Vb3dfYtkT0sW2wqJ2DAg==","buildHash":"c9lQeUMlTdrMrIi/+YcPiA==","deviceProps":"Cg5DaHJvbWUgKExpbnV4KRgHIAA="},"pull":false},"msg":"not logged in, attempting registration..."}
2025-08-29T20:07:59: 🎯 QR Code detected! Displaying...
2025-08-29T20:07:59: 📱 Scan this QR code with your WhatsApp!
2025-08-29T20:07:59: 🔗 Or copy this link to scan:
2025-08-29T20:07:59: https://api.qrserver.com/v1/create-qr-code/?size=300x300&data=2%403K1DKqKccZmGO1TMcmJPqMyHUuXIvdSq6HsmzjQPOTMbsvAM%2BdK65xXC2E8AgKI8JptsoF9%2BeQHIJwoV5H%2FfLu%2BZYHBff5fdFaY%3D%2C3KmEdNDUTVHnY2ubtvT3zX%2BuzBhbqa51WPKFQvD2IS8%3D%2Chu5n%2FYtrMQb4XhTzydM3oFC%2Fv4OIo3GzRVEP9v2y%2BQs%3D%2CuUf3JbBXMN4O8DeFmLiFaw9fOQs1G05RQn%2FziJUgFi4%3D
2025-08-29T20:07:59: 
2025-08-29T20:07:59: ▄▄▄▄▄▄▄▄▄▄▄▄▄▄▄▄▄▄▄▄▄▄▄▄▄▄▄▄▄▄▄▄▄▄▄▄▄▄▄▄▄▄▄▄▄▄▄▄▄▄▄▄▄▄▄▄▄▄▄
█ ▄▄▄▄▄ █▀▀▄▀ ▄▄▄█▄█▀▀ ▄ ▄ █  ▄▄ ███▄ ▄▀ ▄▄ ▀▄▄▄ ██ ▄▄▄▄▄ █
█ █   █ █▀▄  ▀▄█▄▄ ▀██▄▄▀▀▀███ █▀▄▄▀  █▄▄█▀▀▀▄ ▄ ██ █   █ █
█ █▄▄▄█ █▀▄▀▀▄▄ ▄█ ▀▄ ▀▄▀ █ ▄▄▄ █ ▀▀▀ ▄▀▀▀ ▄ ▀▀▀▄██ █▄▄▄█ █
█▄▄▄▄▄▄▄█▄▀ █ █▄▀▄▀ ▀ ▀ █ █ █▄█ ▀▄█ ▀▄█ ▀ █ ▀ ▀ ▀▄█▄▄▄▄▄▄▄█
█▄▄▄▄▄▀▄▄   ▄▀▄███   ▄█▀▄▀   ▄  ▀█▀██  █▀▀█ ▀▀██ ▀ █▄▀▄▀ ▀█
█▄██▀▄█▄▄▄▄▄▄█▄  ▄▀ ▀▀▀ ▀▀ █▀█▀▄██ █ ▄█▀▄▄▄▀ █  ██▀▄ ▄▀▀▀▀█
█▀▄▄   ▄▄██▄██▄▄▄▄▀ █▄▀▄▀▀▀▄▀█▀█▄██▄▀ ▀█▀█ ▀ ▀▄▄  ██▀█▀  ▄█
█▀█▄█▀ ▄ █▄ ▄█ ▄▀██▄█▀▀█  ▀▄▀██▄▄█▀ ▄█ █▀█▀█▄ ▄▄▄▀  ▀█▀  ▀█
█ ▀█▄  ▄▀▀ ▀▄ ▄█▄█▄ ▀█▀██▀██▀ ▀▀ █▀█▄▄▀▄▀█▀  ▀█▄▄▀▀███▄▀ ▀█
█▀▄██  ▄▄▄▀▀▄▀▀█▀   █▀▀█ ▄▀▄█     █ ▄▄█ ▄  ▀▄▄▄  ▀█ ▀▄▀ ▄██
██ ▄▄▄▄▄▀▄▄▄▀▄▀█▄▀ ▄▄██▀▀▄ ▀█▀▀  ██▄▄▄▀███▀ ▄█▄█▄▀ ▄▀▀█▄▀▀█
█▀▄▀  █▄▄▀▀ █▄ █▄   ▄█▄▄▀█▀ ███▄▄▄▄▀ ▄▄▀█  ▀▄█▄▄█▄ ▄▀▀▀ ▀██
█ █▀ ▀█▄█▄▀ ██▄█▄█▄▄█▄ ▀ ▀████  ▄ ▄ ▀ ▀▄█▀   █▄▄▀  █▄██ ▄▄█
██ ▀█ ▄▄▄ ▄██▄▀█ ▄▄█ ▀▄█▄▄▄ ▄▄▄    ██▀ ██  ▄█▀▄▀▄ ▄▄▄ █ ▄██
█▄█▀  █▄█   ▄ ▄▄█▄▄▀ █▄█ ▀▀ █▄█ █▀▀█▄  █ ▀  █▀██▀ █▄█ ▄▀ ██
█▄█ █▄▄▄▄ █  ██  ▄  █ ▄ █▀  ▄▄▄▄▄▀█ ▄  ▄ █▀ ▄ ▄▀▀▄ ▄   ▀ ██
█ █▄ ▄▄▄▄▄ ▀ ██▄▄█▀▄ █▄▀▀ ████▀  ▀▀█▄ █▄██▄ ███▄▀▀█▀▄███▀▀█
█▄▄█▀█▄▄ ▄▄▄▀█▀██▄███▀▀▀▄ ▄▄█ ▀ █ ▄▄ ▄ ▄ ▄█▀▀▄▀▀▀█▄█▀█ ▀▄▀█
█▀▀  ▀▄▄▀▄▀ █▀ █▀█▄ ▀▀██▄ ▄▄▀█▀  ▀▄▄  ▀███▀▀ █▄██▀▀▄▄▄▀ █ █
█▄██▄▄ ▄█▄▀▀▀▄▄▀▀█▄▄▀ ▄ ▄ █▄▀█  ▀█ ███ ▄ ▀█ ▀▀█ ▀▀▄█▄▄▀ ▄▄█
█▀▄▀█ █▄██▀  ▀ ▄▄▄▀▄▄▄██▄▀█▀▄█▄█▀█▀█▄▄ █ ▀▀▀▀▀█▄▀▀▀██▄█▀▀▀█
█▄▀██  ▄ ███ ██▄  ▀ ▄▄▀ █ █▀▀▄▄ ▀▀██▄▄▀▄▀ ▄▄█▀███▄▄█▀█ ▀█▀█
█▀▀▄█▄▄▄▄▀▄▄ ▀▄▀▄▄▀  ▄▀▄▄▀▄▀██ █ ▀▄▄   ███▀▀ ██▄█ ▀█▀▄▀▄  █
█ ▀ ▀▀▄▄▀ █▄ ▀▄█ ▀█▀▄▄▀▀▄▄  ▄█▀▄▄▄▄▀██ █▄█▄▄▄█▄█ ▄▄█▄▄ ▀▀██
███████▄▄▀██▄▄  ▄▄▄  ▄▄▀▀   ▄▄▄  ▀ █▄▄ █▀▀ ▀ █ ▄▀ ▄▄▄ ▀ ▄██
█ ▄▄▄▄▄ █▄▄▀▄▄ █▀██▄ █▀█▀▀█ █▄█ ▀▀▀▄▄ █ ▄  ▄ ▀█▄▄ █▄█ ▀▀▄██
█ █   █ █ ▀▀    ▄▀▄▄▄█▄▀▀▄ ▄ ▄ ▄▄█▀▄▄ ▀▄▀█  ▀▀▀█▄▄▄ ▄   █▄█
█ █▄▄▄█ █ █▀█▀▀█▄ ▀▄▄█▄█▀█ █▀█▀██▄▄ █▀ ▄ ▀▄   ▀▄▄▄ █▄▀  ███
█▄▄▄▄▄▄▄█▄█▄▄██▄▄█▄▄▄▄██▄▄▄█▄██▄▄▄▄▄▄▄▄▄██▄▄▄███▄▄▄█▄▄█▄▄██

2025-08-29T20:07:59: 
2025-08-29T20:08:59: 🎯 QR Code detected! Displaying...
2025-08-29T20:08:59: 📱 Scan this QR code with your WhatsApp!
2025-08-29T20:08:59: 🔗 Or copy this link to scan:
2025-08-29T20:08:59: https://api.qrserver.com/v1/create-qr-code/?size=300x300&data=2%40XSmEbMNrBZ1sm62r7xBtQJ84TuGs3G56yz6V9cI1Uq1uk2muG3ZoaDQuSvnoukKvrHCAi6tiDNAanmCUDXbqdT2VRPd6UF%2B6ALU%3D%2C3KmEdNDUTVHnY2ubtvT3zX%2BuzBhbqa51WPKFQvD2IS8%3D%2Chu5n%2FYtrMQb4XhTzydM3oFC%2Fv4OIo3GzRVEP9v2y%2BQs%3D%2CuUf3JbBXMN4O8DeFmLiFaw9fOQs1G05RQn%2FziJUgFi4%3D
2025-08-29T20:08:59: 
2025-08-29T20:08:59: ▄▄▄▄▄▄▄▄▄▄▄▄▄▄▄▄▄▄▄▄▄▄▄▄▄▄▄▄▄▄▄▄▄▄▄▄▄▄▄▄▄▄▄▄▄▄▄▄▄▄▄▄▄▄▄▄▄▄▄
█ ▄▄▄▄▄ █▄██  ▀▀▀ █▄█ ██ ▄█ ▄▀█▄█ ▀▄ ▄▄▄ ▄█▄▀  ▄ ██ ▄▄▄▄▄ █
█ █   █ ██ █ ██▀ ▀ ▀█▀ ▀   ▀▀  █   ▄▄▀▄ █▀▀▀█ ▄▄ ██ █   █ █
█ █▄▄▄█ ██ ██▄▄▀ ▀█▀▄▀█ ▄ █ ▄▄▄ ▄ ███▀▄ ▄██▄███▀▄██ █▄▄▄█ █
█▄▄▄▄▄▄▄█ ▀ █ ▀ █▄▀ █▄█ █ ▀ █▄█ █ ▀ ▀▄▀▄█ █ █▄█ ▀▄█▄▄▄▄▄▄▄█
█▄▄▀  █▄████ ██▀▀   ▀ ▀▄▄▀█ ▄    ▀█ █ ▀▀█▄█  █▀ ▀▀▀ ▀▀█▀▀▄█
█▄█▄█  ▄█ ▀█▀▄▄▀▄ ▄ ▀ █▄▄▀ ▄▀█▄▄█▄ ▀█▄▀▄  █▀ ▄▄▄▄█▀▄▄▄▄▀▀ █
█▀▀▀█▀▀▄ ▀ ▄▄█▀▀ █   ▀██ ▀█▀ ▄ █▀ █▄  ▄ █▄▀▀█▄▄█▀   ▀▄▄ █▀█
█████▄ ▄   █▄█▀ █ ▀▄▄█ ▄    ▄ █ █▀▀▀▄▀▀▀█▄ ▀▀▄▀██▀▀▄█  ▀▀██
█▄ ██▄█▄▀ ▄█▀ ▄▄ ▀█▄ █▀▀▄ █▄█▄█▀ ▄█▀█ ▀██▀▄ ▄ ▀▀▀▀▀▄▀▀  ▄▄█
█▄ ▀▄▀▀▄▀▀█ █▀▄ █▀▀ ▀ █▄▀ ▄▀▀▀  ██▀▀▄ ▀▄  ▀ ▄▄  ▀▀ ▀██  ▀ █
█▄▄  █ ▄   ▀█  ▀ ▄ ▄█▀▀▄▀▄▀█▀▄▀ ▄█▀▀ ▄ ▀▄▄▀ ██  ▄▀  █▄█▄ ▄█
█▀▄ ▄██▄▄▄▀▄█▀▀  ▄█ ▄▄  ▄█▀▀▀▀ ▄▄▄ █▄▄▄  ▄█▀█▄   ▄▀▄██▄ ▀▄█
█  ▄▄▄ ▄█ ██▀ ▄▄ ▄█▄ ▀▄ ▀▀▄ ▀▄▀ ▀█ ▀  ▄▀▀ ▀ █  █ ▀▄ █▄▄ ▀▀█
██▀█▀ ▄▄▄ █ ▀▀█▀▄▀▄█▀█  ▄▄  ▄▄▄ ▀▄  █▀▀▀▀█▄▄▄█▄ ▄ ▄▄▄ ▀ █▀█
█▄██▄ █▄█ ▀█▀ ▀█▀ ▀▀ ▄ ▀█▀▀ █▄█ █   ▀ ▀▄▄█▄ █ ▀▀  █▄█ ▀  ▄█
█▄▄▀▄▄▄▄▄▄▀▀▀█ █▄██▄ █▄▀▄▀█  ▄▄▄▀▄▀▀█ █▀ ▄  ▀███▄▄   ▄▀ █ █
█ █▄ ▀▄▄█ ▄▄ █▄  ▀▄▄▀▀█▄ ▀▄▀▀▀▀ ▀██ ▄▄▀▀█▄█ █▀▀▀▀ ▄█  ██▄▀█
█  ▀█▀▀▄▄   ▄█▀▄▀▀ █▀▄███▄▄█▀▀▄ ▀█  █▄▀▄▄▀▀▀▀▀██▄█▄▄▀██▀▄ █
█▄ █▄ █▄▄▀█▀███ █▄█ ▄▄▀▄█ ▀▀█▄ ▀▀▄ █ ▄▄ ▀▄ ▀ ▄ ▄▄▀▄▀ █   ▄█
█▄▄▀ ▀ ▄▄ █ █▀ ██ ▄▄ ▄ █▄ ▄ █ ▀▄▀▀▄ █▄▀ ▄▄█ ▀█▀█▀▀█▀ ▀▀ █ █
█▀▄ ▀▀ ▄█▄▄▄▄▀█▀  ▄▄▄█▀▀▀▀█  ▀▀█▀▄█▀▀▄ ▄▄█▄▀▀ ▀ ▄▀ █▀  █▀ █
█▄▄ ▀█ ▄█  ▄▄█ ▄▄▀  ▀▀█▀▄ ▄▄███ ▄▄█ █▄▄▀█▀█  ▄█▄ ▄▀ █▄   ▄█
█▀ ▀█▄▀▄█▀ ▄ ▀█▄ ▀▀ ▀ █▀▄▀██▀  █▀█▀   ▀▀▀ ▀▀▀▀▀▀█▀█▄▀▀▄▄▀▄█
█ ▀ ▀▀▄▄█ ▀ █▀▄▄▄█▀█▄█▀▄▀▄   ▀▄▄▄█▀▄▄█▀▄ ▀▀▀ ▄  ▄█▄▄  ▀ ▀▄█
███████▄▄▀▀▄█▄██▀██▄▄ █  ▀█ ▄▄▄ █▄▄▄ ▄ ▀█  ▀▀ ▀▄▄ ▄▄▄ ▀▀█▄█
█ ▄▄▄▄▄ ██ ▄▄▄▀▀▀██▄█▀█ █▀▄ █▄█  ██▀▀█▄▄▀  ▄▀█    █▄█ ▀▀███
█ █   █ █ ██▀  ▀ █▀▄▄▄ █▄▄ ▄  ▄▄█ █ █▄▀██▀█ ▀▄█▀▀▄▄ ▄▄█ ▄▄█
█ █▄▄▄█ █▀▀ █ █▄ ▀ ▄▀  ▄ ██ ▀▄ █ ▀ ▀█ █▀█ █ █████▄█ ▀ ▀   █
█▄▄▄▄▄▄▄█▄▄█▄███▄▄▄▄█▄█▄▄▄██▄▄█▄█▄▄█▄▄█▄█▄▄▄███▄▄▄██▄▄█▄███

2025-08-29T20:08:59: 
2025-08-29T20:09:19: 🎯 QR Code detected! Displaying...
2025-08-29T20:09:19: 📱 Scan this QR code with your WhatsApp!
2025-08-29T20:09:19: 🔗 Or copy this link to scan:
2025-08-29T20:09:19: https://api.qrserver.com/v1/create-qr-code/?size=300x300&data=2%40DvK6%2B%2Bc9Fg2ZJw8tf79E9d%2BEDsi7I54NSn1sA9D1kud0Rhmb%2FBKRSiP7WLvPIVJd5LpCrMSf9izk6okj5x%2FjmmQcm%2FStV0Z7Q8I%3D%2C3KmEdNDUTVHnY2ubtvT3zX%2BuzBhbqa51WPKFQvD2IS8%3D%2Chu5n%2FYtrMQb4XhTzydM3oFC%2Fv4OIo3GzRVEP9v2y%2BQs%3D%2CuUf3JbBXMN4O8DeFmLiFaw9fOQs1G05RQn%2FziJUgFi4%3D
2025-08-29T20:09:19: 
2025-08-29T20:09:19: ▄▄▄▄▄▄▄▄▄▄▄▄▄▄▄▄▄▄▄▄▄▄▄▄▄▄▄▄▄▄▄▄▄▄▄▄▄▄▄▄▄▄▄▄▄▄▄▄▄▄▄▄▄▄▄▄▄▄▄
█ ▄▄▄▄▄ █▀▀▄▀ █▄▀▀▄▄ ▀ █ ▄ █  ▄▄ █▀██▄ ▀▀▄▄▄█ ▄▄ ██ ▄▄▄▄▄ █
█ █   █ █▀▄  ▀▄█▄▄ ▀▄█▄▄ ▀▀███ █▄▄▄▀▄▀█▄▄█▀▀▀▄ ▄ ██ █   █ █
█ █▄▄▄█ █▀ ▀█▀▄ ▄█ ▀▄ ▀▄▀ █ ▄▄▄ ▄█▀▀  ▄▀▀  ▄▀█▀▀▄██ █▄▄▄█ █
█▄▄▄▄▄▄▄█▄▀ ▀ █▄▀▄▀ ▀ ▀ █ █ █▄█ ▀▄█ ▀▄█ ▀ █ ▀ ▀ ▀▄█▄▄▄▄▄▄▄█
█▄▄▄▄▄█▄  █▀▄ ▄███   ▄█▀▄▀ ▄ ▄  ▀█▀██  █▀▀█ ▀▀██▀▀▄█ ▀▄▀ ▀█
█▄██▀▄▄▄  █▄ ▀▄  ▄▀ ▀▀▀ ▀▀██▀▀▀▄██▄█ ▄▀█▄▄ ▀ █▄▄▀▀ ▄▀▀▀▀▀▀█
█▀▄▄▄  ▄███▀██▄▄▄▄▀ █▄▀▄▀▀ ▄██▀█▄█▄█▀  █▀██▀ ▀▀▄▀▀██ ▀█  ▄█
██ ▄▄▀ ▄ █▄ ▄█ ▄▀█ ▄█▀ ▀  ▀▄▀██▄▄█ ▀ █▀███ █▄ █ ▀▀  ▀█▀  ▀█
█ ▄▀█  ▄▀▀ ▀▄ ▄█▄█▄ ▄▄▀██▀██▀    █▀█▀ ▀██▀   ▀█▄▄▀▀████  ▀█
█▄▄ ▀▄ ▄▄▄▀▀▄▀▀█▄▄  ██▀██▀▀▄█ ▀ ▄▄█ ▀▄▄▀▀ ▀▀  ▄  ▀█ ▀▄▀ ▄██
██ ▄▄▄▄▄▀▄▄▄ ▀▀█▄▀ ▄▄██▀▀▄ ▀█▀▀  ▀█▄▀ ▀█ █▀ ▄█▄█▄▀▄▄▀▀█▄  █
█▀▄▀ ▀ ▄▄██▀█▄█ ▄   ▄█▄▄▀█▀ ███▄██▄▀▀█▄▀█▀ ▀█▄▄▄█▄█ ▀▀▀ ▀██
█ █▀ ▄█▄▄▀ ▀▄▀▀▀▄█▄▄█▄ ▀ ▀████  ▄ ▄ ▀ ▀▄█▀   █▄▄▄▀ ██▀█ ▄▄█
██ ▀█ ▄▄▄ █▀▄▄▄█ ▄▄█ ▀▄█▄▄█ ▄▄▄   ▄▀█▀ ██   █▀ █  ▄▄▄ ▀ ▄██
█▄█▀█ █▄█ ▄▄▄   █▄▄▀ █▄█ ▀▀ █▄█ █▀▄▄▄ ▀█ ▀▄▀█▀▄▄▀ █▄█ █  ██
█ ▀▄▀▄▄▄  █  ██  ▄▄▀█ ▄ █▀▀ ▄▄▄▄▄▀█▀   ▄ ▀ █▄ ▀▀█▄▄  ▄ ▀ ██
█▄ ██▄▄▄▀▄ ▀ ██▄██ ▄ ███▀▀███▄▀  ▀▀█ ▄█▄▄█  ███▄█▀█▀▀▄▄████
█▄▀▄██▄▄▀▀▄▄▀█▀█▀▀██▄▀▀▀ ▄▄▄▀ ▀ ▀ ▄▄▄  ▄▀ ▄ ▀    █▄█▀  ▀ ██
███  ▀▄▄▀▄▀ ▀▀ █▀█▄ ▀▀██▄ ▄▄▀█▄  █▄▄ ▄▀███▀▀▀▀▄██▀▀▄▄▄▀ ▄▀█
█▄██▄▄ ▄█▄▄ █▀▀▄▀█▄▄▀ ▄ ▄ █▄▀█▀▄▀█ █▄▄ ▄  █  ▀█ ▀▀▄█▄▄▀ ▄▄█
█▀▄▀██ ▄██ ▀██ █▄▄▀▄▄▄██▄▀█▀▄█▄█▀█▀█▄▄ █ ▀▀▀▀▀█▄▀▀▀ █▄▀▀▀▀█
█▄▀██▄▄▄ █▀█▄▀▄   ▀ ▄▄▀ █ █▀▀▄▄ ▀▀▀█▄▄█▄▀ ▄▄█▀▀▀▀▄▄▀▀█▀ █▀█
█▀▀▄▄▄▄▄▄▄▀█ ▀▀█▄▄▀  ▄▀▄▄▀▄███ █ ▀█▄   ▄██   █▄▄▀ ▀▄██▄▀  █
█ ▀ ▀▀▄▄▄██▄ ▀▄█ ▀▄▄▄▄ ▀▄▄ ▄▄█▀▄▄▄▄ ▀██▄ ▀█  ▀ ▀ ▀ ▀█▀▀▀▀██
███████▄█▀██▄▄  ▄█  ▀▄██▀▀  ▄▄▄  ▀ ██▄▀██▀   █ ▄▀ ▄▄▄ ▀  ▀█
█ ▄▄▄▄▄ █▄▄▀▄▄ █ ██▄▄▄▀██▄█ █▄█ ▀▀▀▄▀█▄▀▄▀▀█ ▀█▄▄ █▄█ ▀▀███
█ █   █ █ ▀▀▀▄  ▄▀▄▄▄█▄▀▀▄ ▄   ▄█▀▀▄▀ ▀▄▄█  ▄▀▀██▄▄  ▄  ▄██
█ █▄▄▄█ █ ▄▀▄██▄▄ ▀▄▄█▄█▀█ ███▀█▄▄▄ █▀ ▄▀▀▄ ▀ ▀▄▄▄ █▀▀  ███
█▄▄▄▄▄▄▄█▄▄▄▄███▄█▄▄▄▄██▄▄▄█▄██▄▄▄▄▄▄▄▄▄██▄▄▄███▄▄▄████▄▄██

2025-08-29T20:09:19: 
2025-08-29T20:09:39: 🎯 QR Code detected! Displaying...
2025-08-29T20:09:39: 📱 Scan this QR code with your WhatsApp!
2025-08-29T20:09:39: 🔗 Or copy this link to scan:
2025-08-29T20:09:39: https://api.qrserver.com/v1/create-qr-code/?size=300x300&data=2%40YujMkeGhvp3AjwsO1qVfsgWeY5yqMWAfD4aH4kTW%2F8dOP%2BtXeZhjAmE3P6pWChIw1Ei%2BiEEgsrD6wfTNzj52c3gH0fwcKalZvjQ%3D%2C3KmEdNDUTVHnY2ubtvT3zX%2BuzBhbqa51WPKFQvD2IS8%3D%2Chu5n%2FYtrMQb4XhTzydM3oFC%2Fv4OIo3GzRVEP9v2y%2BQs%3D%2CuUf3JbBXMN4O8DeFmLiFaw9fOQs1G05RQn%2FziJUgFi4%3D
2025-08-29T20:09:39: 
2025-08-29T20:09:39: ▄▄▄▄▄▄▄▄▄▄▄▄▄▄▄▄▄▄▄▄▄▄▄▄▄▄▄▄▄▄▄▄▄▄▄▄▄▄▄▄▄▄▄▄▄▄▄▄▄▄▄▄▄▄▄▄▄▄▄
█ ▄▄▄▄▄ █▄██  ▀▀▀▄█▄█▄█▄▀ █ ▄▀█▄█ ▀▄▄█▀▄▀██▄ ▀ ▄ ██ ▄▄▄▄▄ █
█ █   █ ██ █ ██▀ ▀ ▀▄▀ ▀   ▀▀  █   ▄▀ ▄  ▀▀▀█ ▄▄ ██ █   █ █
█ █▄▄▄█ ██▄█▄▀▄▀ ▀█▀▄▀█ ▄ █ ▄▄▄ ▀▄███▀▄ ▀ █▄ ▀█▀▄██ █▄▄▄█ █
█▄▄▄▄▄▄▄█ ▀▄▀ ▀ █▄▀ █▄█ █ ▀ █▄█ █ ▀ ▀▄▀▄█ █ █▄█ ▀▄█▄▄▄▄▄▄▄█
█▄▄▀ ▄▀▄▀▀▄▀▀██▀▀   ▀ ▀▄▄▀▀ ▄    ▀█ █ ▀▀█▄█  █▀ ▀▀▀ ▀██▀▀▄█
█▄█▄█  ▄██ ▀█▀▄▀▄ ▄ ▀ █▄▄▀▀▄██▄▄█▄▄▀█▄▀▄  ▀▀ ▄▄ █▀ ███▄▀▀ █
█▀▀▀█▀▀▄███▄▄█▀▀ █   ▀██ ▀▄ █▄ █▀ ▀▄  █ █▄▀ █▄▄▄▀▀  ▀▄▄▄█▀█
██ █▄▄ ▄▀  █▄█▀ █ █ ▄█▄█    ▄▀█▄█▀▄▀▄██▀▀▄▄▀▀▄▀▀▀▀▀▄█▀▄ ▀██
█▄▀█▄▄█▄▀ ▄█▀ ▄▄ ▀▄▄▄███▄▀█▄█▄█▀ ▄█▀▀▄ ███▀▀▀▄  ▀▀▀▄▀▀ ▀▄ █
█   ▄██▄▀▀█ █▀▄ ▄ ▀ █ █▄▄▄▄▀▀▀▀ ██▀▀▀  ▄▀▄▀▀▀ ▀ ▀▀ ███  █ █
██▄  █ ▄   ▀▀▀ ▀ ▄ ▄█▀▀▄▀▄▀█▀▄▀ ▄▀▀▀   ▀▀▄▀ ▀█  ▄▀▀ █▄█▄▀██
█▀▄ ▄▄█▄ ▄█▀▄█ █ ▄█ ▄▄  ▄█▀▀▀▀ ▄██ ███▄ ▀██▀█▄   ▄████▄ ▀▄█
█  ▄▄▀▄▄▀▄█ ████ ▄█▄ ▀▄ ▀▀▄▄▀▄▀ ▀█ ▀  ▄▀▀ ▀ █  █▀▀█▀▀▄▄ ▀▀█
██▀█▀ ▄▄▄ █ ▀▀▄▄▄▀▄█▀█  ▄▄▀ ▄▄▄ ▀▄  █▀██▀█▄ ▄█▄ ▀ ▄▄▄ ▀ █▀█
█▄███ █▄█ █▀▀ █▄▀ ▀▀ ▄ ▀█▀▀ █▄█ █   ▀ ▄▄▄██ █ ▀ ▀ █▄█ ▀▄ ▄█
██▀▄ ▄▄▄▄▄▀▀▀█ █▄██▄ █▄█▄▀▄▄ ▄▄▄▀▄  ▀▄▀█▄ █ ██ ▄▀▄▄▄ ▄▀▀█ █
█▀▀▀ ▀▄▄██▄▄ █▄  ▀ ▄ ▀█▄  ▄▀█▀▀ ▀██ ▄▄▀ █  ▀▄█  █ ▄█  ██▄▀█
█▄███▀▀▄▄█  ▄█▀▄█  █  ██▄ ▄█▀▄▄ ██   ▀▀█▄█ ▀▀▀▄███▄▄▄▄█▀ ▄█
█ ▄█▄ █▄▄▀█▀█▀█ █▄█ ▄▄▀▄█ ▀▀█▄█ █  █▀ ▄ ▀  ▀█▄ ▄▄▀▄▀ █   ▄█
█▄▄▀ ▀ ▄▄ █▀█ █▄█ ▄▄ ▄ █▄ ▄ █    ▀▄ █▄▀ ▄▄█ ▀█▀█▀▀█▀ ▀▀ █ █
█▀▄ ▀ ▀▄█▄██▄ ▄▄  ▄▄▄█▀▀▀▀█  ▀▀█▀▄█▀▀▄ ▄▄█▄▀▀ ▀ ▄▀ ▄▀  █▀ █
█▄▄ ▀▄▀▄█ ▀▀▄▀  ▄▀  ▀▀█▀▄  ▄███ ▄▄▀▄█▄▄▀█▀▀  ▄█▄ ▀▀ █▄▀  ▄█
█▀ ▄▀▀█▄▄███ ▀ ▄ ▀▀ ▀ █▀▄▀▄▀▀  █▀█▄   ▀▀▀ ▀▀▀▀▀ █▄▄█  ▄█▀▄█
█ ▀ ▀▀▄▄██▀ █▀▄▄▄█  ▄█▄▄▀▄ ▄ ▀▄▄▄█▀▄▄▀▄█ █▄▀▄  ▄▄▄▄▄▀▀█ ▀▄█
███████▄█▀▀▄█▄██ ▄▀ ▄▀█▄▀▀█ ▄▄▄ █▄▄▄█ █ ▄▄▀▀▀▄ █  ▄▄▄   █▄█
█ ▄▄▄▄▄ ██ ▄▄▄▀▀▀▀█▄█▀█ ▄█▄ █▄█ ▄██▀ █▄▄ █▀▄ ▄▀▀  █▄█ ▀▀ ██
█ █   █ █ ██▄▀ ▀ █▀▄▄▄ █▄▄ ▄▄▄▄▄▄▄█ █ ▀████ ▄ █▀ ▄▄ ▄▄█ ▄▄█
█ █▄▄▄█ █▀▄▀██   ▀ ▄▀  ▄ ██    █▀  ▀▄▀█▀█ █ ▄████▄█ ▀▄▀   █
█▄▄▄▄▄▄▄█▄████▄█▄▄▄▄█▄█▄▄▄███▄█▄█▄▄█▄▄█▄█▄▄▄███▄▄▄███▄█▄███

2025-08-29T20:09:39: 
2025-08-29T20:09:59: 🎯 QR Code detected! Displaying...
2025-08-29T20:09:59: 📱 Scan this QR code with your WhatsApp!
2025-08-29T20:09:59: 🔗 Or copy this link to scan:
2025-08-29T20:09:59: https://api.qrserver.com/v1/create-qr-code/?size=300x300&data=2%40099YrXheZ%2BTDx3RXNt%2FicZ%2Fe%2FLdk18x1a1PZklIUY%2Bm%2Bm%2FCCJ%2B6WsMWl9aHtuRuZlC0qEXdlCIJtbOyLqMZe6gNPcQmC%2F34YDxw%3D%2C3KmEdNDUTVHnY2ubtvT3zX%2BuzBhbqa51WPKFQvD2IS8%3D%2Chu5n%2FYtrMQb4XhTzydM3oFC%2Fv4OIo3GzRVEP9v2y%2BQs%3D%2CuUf3JbBXMN4O8DeFmLiFaw9fOQs1G05RQn%2FziJUgFi4%3D
2025-08-29T20:09:59: 
2025-08-29T20:09:59: ▄▄▄▄▄▄▄▄▄▄▄▄▄▄▄▄▄▄▄▄▄▄▄▄▄▄▄▄▄▄▄▄▄▄▄▄▄▄▄▄▄▄▄▄▄▄▄▄▄▄▄▄▄▄▄▄▄▄▄
█ ▄▄▄▄▄ █▀▀▄▀ ▄███▄███ ▄█▄ █  ▄▄ ██▀█▄▄██▀▀▄ █▄▄ ██ ▄▄▄▄▄ █
█ █   █ █▀▄ ▄▀▄███ ▀▄▄▄▄▀▀▀███ █▀▄▄▀ ▀█▄▄▄▀▀▀█ ▄ ██ █   █ █
█ █▄▄▄█ █▀▄██▀▄ ▄█ ▀▄ ▀▄▀ █ ▄▄▄ ▄ ▀▀█▄▄▀█  ▄█▀▀▀▄██ █▄▄▄█ █
█▄▄▄▄▄▄▄█▄█▄▀ █▄▀▄▀ ▀ ▀ █ █ █▄█ ▀▄█ ▀▄█ ▀ █ ▀ ▀ ▀▄█▄▄▄▄▄▄▄█
█▄▄▄▄ ▀▄ ▄ █▄ ▄███   ▄█▀▄▀   ▄  ▀█▀██  █▀▀█ ▀▀██▀  █ █▄▀ ▀█
█▄██▀█▄▄██▄█ ▄▄  ▄▀ ▀▀▀ ▀▀▄█▀▀▀▄██ ▀ ▄▀█▄▄ █ █  █▀▀██ ▀▀▀▀█
█▀▄ █  ▄▄▄█▀██▄▄▄▄▀ █▄▀▄▀▀▀▄█▀▀█▄█ █▀ ▄█▀█▀▀ ▀█▄█▀█████  ▄█
█▀▀▀█▀ ▄▀█▄ ▄█ ▄▀█▀▀█▀▄   ▀▄ ▄▀▄▄██▄ ██▄▀▀ ▀▄ █▀██   ▄▀  ▀█
█▄█ ▄  ▄▀▀ ▀▄ ▄██▄▄▄▀▄▄▀▀ ██▀ ▀  █▀▄▄ ▄▄██▀▀▄▀█▄▄▀▀███▄▀ ▀█
█▄▀▀▀ ▄▄▄▄▀▀▄▀▀█ ▄   ▄▀█▄▀▀▄█ ▀ ▄ █  ▄█  ▀▀▀▀▄█  ▀█▄▀▄▀ ▀▀█
█▀ ▄▄█ ▄▀▄▄▄▀▀▀█▄▀ ▄▄██▀▀▄ ▀█▀▀ ▄▀█▄▀ ▀█ ▀▀ ▄▀▄█▄▀▀▄▀▀█▄▀▀█
█▀▄▀ ▄ ▄▄▀▄▀▄▀▀▀▄   ▄█▄▄▀█▀ ███▄█▄▄▀▀▄▄▀▄  ▀██▄▄█▄▄█▀▀▀ ▀██
█ █▀ ▀▀▄ ▄▄▀█▀▄▀▄█▄▄█▄ ▀ ▀█▀██  ▄ ▄ ▀ ▀▄█▀   █▄▄▀▀ ▄▀██ ▄▄█
██ ▀█ ▄▄▄ █▀▀▀█  ▄▄█ ▀▄█▄▄  ▄▄▄    ██▀ ▀█   █▀▄██ ▄▄▄ █ ▄██
█▄█▄▀ █▄█  ▀▄  ▀█▄▄▀ █▄█ ▀▀ █▄█ █▀██▄  ▄ ▀█ █▀▄█▄ █▄█ ▄▀ ██
█▀▄▀▄▄▄▄ ▄█  ██  ▄▀ █ ▀▀█▀ ▄▄▄▄▄▄▀▄ ▄ ▀▀▄█▀▀ ▄ ▀▄▄▄▄▄▄   ██
█ ▀▀▄▄▄▄▄▄ ▀ ██▄██▄  ███▀ ██ ▄▀  ▀▀█  ▄▄█▀ ▀ ██████▀███▄███
██▄█ █▄▄ █▄▄▀█▀█████ ▀▀▀▄▀▄▄▀▀▀ ▀▄▄▄▀█ ▄▄██  ▄ ▀▀█▄█▀▀ ▀▄██
███  ▀▄▄▀▄▀ ▄  █▀█▄ ▀▀██▄ ▄▄▀█▀▀▄█▄▄▀▄▀██▀▀▀ ▀▄██▀▀▄▄▄▀ ▄ █
█▄██▄▄ ▄█▄▄█  ▀█▀█▄▄▀ ▄ ▄ █▄▀█  ▀█ ███ ▄ ▀█ ▀▀█ ▀▀▄█▄▄▀ ▄▄█
█▀▄▀█▀█▄██▀▀██  ▄▄▀▄▄▄██▄▀█▀▄█▄█▀█▀█▄▄ █ ▀▀▀▀▀█▄▀▀█▄█▄█▀▀▀█
█▄▀███▄▄ ██▀█  ▄  ▀ ▄▄▀ █ ▀▀▀▄▄ ▀▀▀█▄▄▀ ▀  ▄█▀██▀█▄▀▀██ █▀█
█▀▀ ▀▀▀▄██ █ ▀▄ ▄▄▀  ▄▀▄▄▀█ ██ █ ▀▀█  ▀███ ▀ █▄█▀ ▀▄▄▄ ▀  █
█ ▀ ▀▀▄▄▄▀█▄ ▀▄█ ▀█▀▄▄█▀▄▄ █▄█▀▄▄▄█ ▀▀█▄ ▀▀█▄██  ▄▄█ ▀  ▀██
███████▄▄▀██▄▄  █▄ ▄▀██▀▀   ▄▄▄  ▀ █▄ ▄▄▀█▀▀ █▄██ ▄▄▄   ▄▀█
█ ▄▄▄▄▄ █▄▄▀▄▄ █▄██▄▄▄▀█ ██ █▄█ ▀█▀▄▄▄▄  ▀ ▄▀▀█▄█ █▄█ ▀▀▄▀█
█ █   █ █ ▀▀▀█  ▄▀▄▄▄█▄▀▀▄ ▄▄▄ ▄ █▀▄▄ ▀▄██  ██▀█▄▄▄ ▄   █▄█
█ █▄▄▄█ █ ▀▀█ ▄█▄ ▀▄▄█▄█▀█ ███▀███▄ ▄  ▄  ▄ ▀ ▀▄▄▄ █▄█  ███
█▄▄▄▄▄▄▄█▄████▄█▄█▄▄▄▄██▄▄▄████▄▄▄▄▄▄▄▄▄██▄▄▄███▄▄▄█▄▄█▄▄██

2025-08-29T20:09:59: 
2025-08-29T20:10:19: 🎯 QR Code detected! Displaying...
2025-08-29T20:10:19: 📱 Scan this QR code with your WhatsApp!
2025-08-29T20:10:19: 🔗 Or copy this link to scan:
2025-08-29T20:10:19: https://api.qrserver.com/v1/create-qr-code/?size=300x300&data=2%40YtrWrELA9ImWelRuJWlS%2BbWuRTwHhzkZIl%2B%2B%2BxGckZ%2BoE9FC3dXmWc9iv860Vz%2FgfwK%2B8KgCTaNY2vfYuytqHKOWU9B946yfw64%3D%2C3KmEdNDUTVHnY2ubtvT3zX%2BuzBhbqa51WPKFQvD2IS8%3D%2Chu5n%2FYtrMQb4XhTzydM3oFC%2Fv4OIo3GzRVEP9v2y%2BQs%3D%2CuUf3JbBXMN4O8DeFmLiFaw9fOQs1G05RQn%2FziJUgFi4%3D
2025-08-29T20:10:19: 
2025-08-29T20:10:19: ▄▄▄▄▄▄▄▄▄▄▄▄▄▄▄▄▄▄▄▄▄▄▄▄▄▄▄▄▄▄▄▄▄▄▄▄▄▄▄▄▄▄▄▄▄▄▄▄▄▄▄▄▄▄▄▄▄▄▄
█ ▄▄▄▄▄ █▀▀▄▀ █▄█▀▄█ █ ▄ ▄ █  ▄▄ █▄▀▀▀▀▀ ▄▄ ▄█▄▄ ██ ▄▄▄▄▄ █
█ █   █ █▀▄  █▄██▄ ▀█▄▄▄▀ ▀███ █ ▄▄▀▀▀█▄█▄▀▀▀█ ▄ ██ █   █ █
█ █▄▄▄█ █▀▄▀  ▄ ▄█ ▀▄ ▀▄▀ █ ▄▄▄ ▄ ▀▀██▄▀█▄ ▄ █▀▀▄██ █▄▄▄█ █
█▄▄▄▄▄▄▄█▄▀▄▀ █▄▀▄▀ ▀ ▀ █ █ █▄█ ▀▄█ ▀▄█ ▀ █ ▀ ▀ ▀▄█▄▄▄▄▄▄▄█
█▄▄▄▄ ▀▄▄ ▄██▄▄███   ▄█▀▄▀▄  ▄  ▀█▀██  █▀▀█ ▀▀██ ▀ █▄▀▄▀ ▀█
█▄██▀██▄█▀ ▀▀▄▄  ▄▀ ▀▀▀ ▀▀ ▄▀▀▀▄██ ▀ ▄▀█▄▄▄█ █  █▀ █▄▀▀▀▀▀█
█▀▄▄   ▄█ █▄██▄▄▄▄▀ █▄▀▄▀▀▀▄ ▀▀█▄██▄▀  █▀█▀▀ ▀██▀ ███▀█▄ ▄█
██▄▄▄▀ ▄ █▄ ▄█ ▄▀█▄▄█▀▀█  ▀▄ ▄█▄▄███ █▄▀▀█▄▄  ▄▄▄▄  ▀█▄▀ ▀█
██▄ ▀  ▄▀▀ ▀▄ ▄█ ▄▀▄▀▄██▄▀██▀ ▀  █ █▀▄▄███▀ ▄█▄▄▄▀▀████▀▄██
█▀█ ▄▄ ▄▄▄▀▀▄▀▀█    ▄▀▀█▄▀▀▄█ ▀ ▄ █  ▄▄ ▄▄▀  ▀▄  ▀█▄▀▄▀  ▀█
█ ▀▄▄  ▄▀▄▄▄▀▄▀█▄▀ ▄▄██▀▀▄ ▀█▀▀ ▀▀█▄▄ ▀█▀▀▀ ▄▀▄█▄▀▀▄▀▀█▄ ▀█
█▀▄▀ ▄█▄ ▀▀█ █▄█▄   ▄█▄▄▀█▀ ███▄█▄▄▀▀█▄▀▄▀ ▀██▄▄█▄▀█▀█▀ ▀██
█ █▀ ██▄   ▀█▄█ ▄█▄▄█▄ ▀ ▀▀▀██  ▄ ▄ ▀ ▀▄█▀   █▄▄▄▀▀██▀█ ▄▄█
██ ▀█ ▄▄▄  ▀█▀▄  ▄▄█ ▀▄█▄▄  ▄▄▄    ▀█▀▄██   █▀▄▀▄ ▄▄▄ ▀ ▄██
█▄█ ▄ █▄█ █▀▄ ▀▄█▄▄▀ █▄█ ▀▀ █▄█ █▀▄▄▄ ▀▄ ▀ ▀█▀██▀ █▄█ ▄▄ ██
█▄█    ▄  █  ██  ▄█▀█  ▄█▀▀▄▄▄▄▄▄▀▄▀ ▄ █▄▀██  ██  ▄ ▄▄▄▀ ██
█▄▄ █▄▄▄▄▄ ▀ ██▄█▄▀▄▄▄▀▀▀ ████▀  ▀▀█▄▄██▄█ ▀ █▄▄█▀█▀██▄█▀▀█
█▀█ ▄█▄▄ █▄▄▀█▀█▄▄██▄▄▀▀▀▀▄▄▀ ▀ █ ▄▄▄▄ ▄▀▀█ ▀▄▀▀▀█▄█ ▄ ▀▄▀█
█    ▀▄▄▀▄▀  ▄ █▀█▄ ▀▀██▄ ▄▄▀█ ▄▀▀▄▄▄ ▀██▀▀▀▄█▄██▀▀▄▄▄▀ ▄▀█
█▄██▄▄ ▄█▄  █▀██▀█▄▄▀ ▄ ▄ █▄▀█▄▄▀▄ ███ ▄  █   █ ▀▀▄█▄▄▀ ▄▄█
█▀▄▀█  ▄██████ ▀▄▄▀▄▄▄██▄▀█▀▄█▄█▀█▀█▄▄ █ ▀▀▀▀▀█▄▀▀ ██▄██▀▀█
█▄▀██▄▄▄ █ ▄▀▄▀▀  ▀ ▄▄▀ █ █▀▀▄▄ ▀▀▀▀▄▄▀▄▀  ▄█▀████▄█▀█  █▀█
█▀▀▀▄▀█▄  ▄  ▀██▄▄▀  ▄▀▄▄▀█ ██ █ ▀██  ▀███▀  ██▄▀▄▀█▄▄▄█  █
█ ▀ ▀▀▄▄█ █▄ ▀▄█ ▀▄▄▄▄█▄▄▄ ▀▄█▀▄▄▄▄ ██ ▄▄█ ▄ ▀  ▄▄▄█▀ ▀ ▀██
███████▄▄▀██▄▄  ██▀▄▀▄██▀   ▄▄▄  ▀ █  ▀▄█▀ ▀ ████ ▄▄▄ ▀ ▄▀█
█ ▄▄▄▄▄ █▄▄▀▄▄ █ ██▄ ▄▀█▄▄█ █▄█ █▀▀▄█▀▄ ▀▀ ▄▄▀█▄▀ █▄█ ▀▀ ▀█
█ █   █ █ ▀▀██  ▄▀▄▄▄█▄▀▀▄ ▄   ▄██▀▄ ▄▀▄▄▀   █▀█▄▄▄ ▄   ▄██
█ █▄▄▄█ █   ▄██▄▄ ▀▄▄█▄█▀█ ██▀▀█▄▄▄ ▄  ▄ ▀▄  ▀▀▄▄▄ █▀█  ███
█▄▄▄▄▄▄▄█▄████▄▄▄█▄▄▄▄██▄▄▄█▄██▄▄▄▄▄▄▄▄▄██▄▄▄███▄▄▄████▄▄██

2025-08-29T20:10:19: 
2025-08-29T20:10:39: {"level":30,"time":"2025-08-29T19:10:39.741Z","pid":21876,"hostname":"LAPTOP-R3IJ5HFS","class":"baileys","trace":"Error: QR refs attempts ended\n    at Timeout.genPairQR [as _onTimeout] (C:\\Users\\55519\\Desktop\\DIGITAL MARKETING\\SAAS AND APP DEVELOPMENT\\Caio Website Personal Brand\\caio_personal_brand_current_one\\node_modules\\@whiskeysockets\\baileys\\lib\\Socket\\socket.js:485:21)\n    at listOnTimeout (node:internal/timers:588:17)\n    at process.processTimers (node:internal/timers:523:7)","msg":"connection errored"}
2025-08-29T20:10:39: 🔄 Scheduling reconnect attempt 1/10 in 5s...
2025-08-29T20:10:44: 🚀 Starting WhatsApp service...
2025-08-29T20:10:45: 📱 WhatsApp service started. Waiting for connection...
2025-08-29T20:10:45: {"level":30,"time":"2025-08-29T19:10:45.474Z","pid":21876,"hostname":"LAPTOP-R3IJ5HFS","class":"baileys","browser":["Chrome (Linux)","",""],"helloMsg":{"clientHello":{"ephemeral":"zCEnuPkXm+u6tIXL48ATiPRFITu5PtTmXmcqsMwxdlY="}},"msg":"connected to WA"}
2025-08-29T20:10:45: {"level":30,"time":"2025-08-29T19:10:45.584Z","pid":21876,"hostname":"LAPTOP-R3IJ5HFS","class":"baileys","node":{"passive":false,"userAgent":{"platform":"WEB","appVersion":{"primary":2,"secondary":3000,"tertiary":1023223821},"mcc":"000","mnc":"000","osVersion":"0.1","device":"Desktop","osBuildNumber":"0.1","releaseChannel":"RELEASE","localeLanguageIso6391":"en","localeCountryIso31661Alpha2":"US"},"webInfo":{"webSubPlatform":"WEB_BROWSER"},"connectType":"WIFI_UNKNOWN","connectReason":"USER_ACTIVATED","devicePairingData":{"eRegid":"AAAA6g==","eKeytype":"BQ==","eIdent":"XOw4mNXVqkU1buSe2c52whqHG9J2Pz9iJa5dU7zY4Q8=","eSkeyId":"AAAB","eSkeyVal":"/pIRb31MzC9nSrMBz2ncYXTMZCpd+KZLcxmBMn33bXQ=","eSkeySig":"IueBkC6E7eyDygyQuVaqBSGJNNUnB0OpGYxJBqykvds9IgbnPZfDa1GhxB8x0LiPP73iNomip07sStshE4qwhw==","buildHash":"c9lQeUMlTdrMrIi/+YcPiA==","deviceProps":"Cg5DaHJvbWUgKExpbnV4KRgHIAA="},"pull":false},"msg":"not logged in, attempting registration..."}
2025-08-29T20:10:45: 🎯 QR Code detected! Displaying...
2025-08-29T20:10:45: 📱 Scan this QR code with your WhatsApp!
2025-08-29T20:10:45: 🔗 Or copy this link to scan:
2025-08-29T20:10:45: https://api.qrserver.com/v1/create-qr-code/?size=300x300&data=2%4011PIh6viGu2zRSvszqBsE6GW8CvALSfypBPPbGM7qG4FiYZPj%2FsLq6f%2BjAdXn%2F5exGgPcsBktzI4uiF%2FFO%2BnnefRthaYZKJfdA4%3D%2CyYF7y%2BWhjmie38Rx%2BJtMU14Qikoqp42uu91CkltEDkA%3D%2CXOw4mNXVqkU1buSe2c52whqHG9J2Pz9iJa5dU7zY4Q8%3D%2CDVtDBu0sb27SdGQR5fotndYMeBAH6sSzI9ZSsULGv30%3D
2025-08-29T20:10:45: 
2025-08-29T20:10:45: ▄▄▄▄▄▄▄▄▄▄▄▄▄▄▄▄▄▄▄▄▄▄▄▄▄▄▄▄▄▄▄▄▄▄▄▄▄▄▄▄▄▄▄▄▄▄▄▄▄▄▄▄▄▄▄▄▄▄▄
█ ▄▄▄▄▄ █▄██▀▄▄▀▀▄ ▀█▄▄▀▄▄▀ █ ▀▄█▀  █ █ █▄█▄▄█ ▄ ██ ▄▄▄▄▄ █
█ █   █ ██▀ ▀ ▄▀▀ ▀ ▄ ▄ ▀▀ ▀ ▀██ ▀▄▄▀▀▄█▀ ▄█▀ ▄▄ ██ █   █ █
█ █▄▄▄█ ██▀▄█▀▄█ ▀█ ▄▀▄▄▄ █ ▄▄▄ ██▀█▀▀  ▀ █ ▄██▀▄██ █▄▄▄█ █
█▄▄▄▄▄▄▄█ ▀▄█▄█▄█▄█ █▄█ █ ▀ █▄█ █ ▀ ▀▄▀ ▀ █ █▄█ ▀▄█▄▄▄▄▄▄▄█
█▄▄█▄ ▀▄██ ▀▀ ██▀▀   ▀▀  ▀▀ ▄▄▄  ▀█ █ ▀ ▀▄ ▀██▀ ▀▀▀ ▀██▀█▄█
█ ▀ ███▄▄ ▄▄ █▄▀▄▀▄ ▀ █▄█▀▀▄ ▄███▄ ▀▄▄ ▄▄█▀▄▄▄ ▀█  █▄▄▄▀  █
█▄█ ██ ▄█▄█▄▄ ▀▀██  ▀▀██▀▀▄▄   ██  █  ▀▀▀▄ ▀█ █▄▀▀▄ ▀▄  ▄▄█
████  ▄▄▀ ██▀ ▄█▄ ███▀▀██▀▀▀█ ▀  ▄▀▀▄ █▄▄▄ ██▄██ ▀ ▀▄█ ▀ ▀█
█▀█ █  ▄ █  ▀▄▀ █ ▀ ██▀█▄▀█▀█▄█▀█ ▄▀▀  ▄█▀▄▀  ▀▀█ ▀█▀▀▀▄▄ █
█ ▀█▀▀▄▄ ▀▄▄▀▄▄ ▀▀  ▄▀ ▀▄ ▄▀█▀▄▄▀▄▀█▀ █ ▄█▄█▄█     █▀ █ █▄█
█ ▄▄▄▀█▄▄▀▄▄▀█ ▀ ▄▄▄█▀█ ▀▄ ▄▀ ▄ █▀▀▀▄ ▀▀█▄▀ ██  ▄▀▄▀█  ▀▀██
██ ▀ ▀█▄██ █ ▄   ▄▀▄▄▄  ▄█▀▀▄▄ ▀█▄ ▄██ ▄▀▀▀   ▀█▀  ██▄▄ ▀▄█
███ ██▄▄▄▀█ ▀  ███▀▄ ▀  █▀▄ █▄ ▀▀█ ▀ ▄█ █ ▀▀  ▀▄▀▀▄ █ ▄ █▀█
█████ ▄▄▄ ██▄█▄ ▀ ▄█▀█    █ ▄▄▄ ▀▄▄▄▀▄▄█ █▄▀▄▄▄▀█ ▄▄▄ █ ▀██
█ ▄▀█ █▄█ █▀▄▄█ ▀ ▀▀▄█ ▀█ ▀ █▄█ ▀ ▀▀▄▄▀▄ ▀█ ▄▄  ▀ █▄█ ▀▀  █
██ █▀▄▄▄▄▄█▀  █▄█▄  █   ▄▄█ ▄   ▀ ▀▀▄▄ ▄█   ▀▄▀█▄▄▄▄▄▄  █ █
██▀▀▀█▄▄▀ ▄    ▄▄▀▄▄  █   ▄█  ▀ ▀▀█ ▄▄  █    █▄▀█▀▀▀  █▀█▀█
█▄▄▄▀▄▄▄ █▀▀█▄   ▄▄▀▀█▄▄ █▄██▀▄ ▀█▄▄▀ █▄▀█▄▀ ▀▄▄█▄▄▄▄▀█ ▄▄█
██▄▄▀▄▄▄▄   █ ▀ █▄█▄▄▄▀ █  ▄█▄▀▀▀  ▄▀ █▀ ▄ ▀█▄ ▄ ▄████   ██
█ ▀▄  ▀▄ █ ▄ ▄▀▄█ ▄  ▄█ ▄ ███ ▀▄ ▀█▀▀▄ ▄▀ ▄█▄▀  ▄▄▀█▄▀ ▀█ █
█▄▀ █ ▄▄ ▀▄██▄▄▀▀ ▀ ▄█▀▀█ █ █ ▄█▀▄█▀ ▄▀▄▀▀▄▀ ▄▀▀▄▀▄   ▀ ▀ █
█▀█ ▀█▄▄▀▄ ▄▄▀▀▀▄█   ▄█▀  ▄▄▄▀▀   █▄█▄   █▄ ▄▄▄ ▀▀█▄█▀█  ▄█
█   ▀  ▄████▄▀  ▀▀▀ ▀▀█▀▄▀▄█ ▀█ █▀  ▄▄▀ ▀▄▀▀ █ ▀█▀▄▄  ▄▀ ██
█ ▀ ▀▀▄▄█  ▄█ █ ▀▄▀   █ ▀▀█▀▀ █▄▀█ █ ▄▄▀ ▄█▀▄▄▀██▄▄▄█ █▀▄ █
███████▄█    █▀█ █▀ ▀▀▀ ▀ ▀ ▄▄▄ █  ▄█▄█▀█  ▀▀▄▀█▄ ▄▄▄ █▀▄▄█
█ ▄▄▄▄▄ ██▀ ██▀█▄▄▀██▀█ ▄▄█ █▄█   █▀█▀ ▀▄ ▄ ▀▀ ▄  █▄█  ▀▀▀█
█ █   █ █ ▄  ▀▄█ █▀▄▄▄█▀▄▄▀  ▄▄▄▄ ▀▀▀▄▄▄▀██ ▄ ▀  ▄ ▄   ▀▄▄█
█ █▄▄▄█ █▀  ▄ ▄█ ▀█ ▀  ▄ ██ ▀  █    ▀▄█▀  ▄█  ███ ▄ ▀▄▀   █
█▄▄▄▄▄▄▄█▄█▄█▄█▄▄▄▄▄█▄▄▄█████▄█▄█▄▄█▄▄█▄▄▄▄▄██▄█▄▄▄▄▄▄▄▄███

2025-08-29T20:10:45: 
2025-08-29T20:12:28: 🚀 Starting WhatsApp service...
2025-08-29T20:12:28: 📱 WhatsApp service started. Waiting for connection...
2025-08-29T20:12:28: (node:17372) Warning: Setting the NODE_TLS_REJECT_UNAUTHORIZED environment variable to '0' makes TLS connections and HTTPS requests insecure by disabling certificate verification.
(Use `node --trace-warnings ...` to show where the warning was created)
2025-08-29T20:12:29: {"level":30,"time":"2025-08-29T19:12:29.101Z","pid":17372,"hostname":"LAPTOP-R3IJ5HFS","class":"baileys","browser":["Chrome (Linux)","",""],"helloMsg":{"clientHello":{"ephemeral":"yTJTGq2vrhyKf8272CkmiIwU1w0Iby7clnmSpA77EFU="}},"msg":"connected to WA"}
2025-08-29T20:12:29: {"level":30,"time":"2025-08-29T19:12:29.227Z","pid":17372,"hostname":"LAPTOP-R3IJ5HFS","class":"baileys","node":{"passive":false,"userAgent":{"platform":"WEB","appVersion":{"primary":2,"secondary":3000,"tertiary":1023223821},"mcc":"000","mnc":"000","osVersion":"0.1","device":"Desktop","osBuildNumber":"0.1","releaseChannel":"RELEASE","localeLanguageIso6391":"en","localeCountryIso31661Alpha2":"US"},"webInfo":{"webSubPlatform":"WEB_BROWSER"},"connectType":"WIFI_UNKNOWN","connectReason":"USER_ACTIVATED","devicePairingData":{"eRegid":"AAAAdA==","eKeytype":"BQ==","eIdent":"dumoEL+GXY3VfU//jd+IhaG9g/RH/vomZPjkaETrET8=","eSkeyId":"AAAB","eSkeyVal":"/5eW46mVtB6tThOitoIZmF14A3Mn3R0mFeON2o4N2iw=","eSkeySig":"lODkRHYl4QfyZHqNHwnoDp4UAQBVLz5U62jHkCze8+Oo27Os1LfDmGoVjSCDqo0FxRJmcDfLInjt/hp78WR+iA==","buildHash":"c9lQeUMlTdrMrIi/+YcPiA==","deviceProps":"Cg5DaHJvbWUgKExpbnV4KRgHIAA="},"pull":false},"msg":"not logged in, attempting registration..."}
2025-08-29T20:12:29: 🎯 QR Code detected! Displaying...
2025-08-29T20:12:29: 📱 Scan this QR code with your WhatsApp!
2025-08-29T20:12:29: 🔗 Or copy this link to scan:
2025-08-29T20:12:29: https://api.qrserver.com/v1/create-qr-code/?size=300x300&data=2%40HGGuDcw9B%2F%2FB5Vw41pWXS9Kvj1yWv5C2hDpb7624WGI9Y6NsqjNiv%2F4MP%2BpZsoLfdot6o%2BllGc7kpmpRimYMoyq7xVdFX8X6ITo%3D%2CSdxzI%2BEfp%2BEoPPdrAYkAKOiMCQaj1aJ6%2FU%2Bhzx52HVI%3D%2CdumoEL%2BGXY3VfU%2F%2Fjd%2BIhaG9g%2FRH%2FvomZPjkaETrET8%3D%2CBJwpwXFC9yMAQlrkALh3jPjl1gpaVRTuex34KYvsJyA%3D
2025-08-29T20:12:29: 
2025-08-29T20:12:29: ▄▄▄▄▄▄▄▄▄▄▄▄▄▄▄▄▄▄▄▄▄▄▄▄▄▄▄▄▄▄▄▄▄▄▄▄▄▄▄▄▄▄▄▄▄▄▄▄▄▄▄▄▄▄▄▄▄▄▄
█ ▄▄▄▄▄ █▄▀█▀ █ ██   ▀▄▄▄▄ ▀▀▀ ▄█▄█▀█▄▄▀ █   █ ▄ ██ ▄▄▄▄▄ █
█ █   █ █  █  ▀█▄█ ▀█▄██▀▀ █▀████▄██▀▀█▀▄█▄ █▄▀▄ ██ █   █ █
█ █▄▄▄█ █▄▄▀▄▀▀▄▀▀▄█ ▀▀▀ █▀ ▄▄▄ ▄█▄█▀█▄▄▄▄▄▀█▄▄▀▄██ █▄▄▄█ █
█▄▄▄▄▄▄▄█▄█▄▀▄▀▄█▄▀ ▀▄█▄▀▄█ █▄█ ▀ ▀ █ █▄█▄▀▄▀ █ █ █▄▄▄▄▄▄▄█
█ ▄  █▀▄▀  ▀ ▀ ▀█▄▄▀ █▄  ▀█  ▄   █ ▄▀▀▀▄ ▄▀ █▀██▀  █▀▄▄ ▀▄█
█▄█▄▀█▄▄▀▄█▀█  ▀▀  ██ ▄▄▀█ ▄█▀ ▀█▄█▀▄█▄▄▄███ ▄▀▄▄██▄▄  ▄▄▄█
█▄█▄  █▄▄▄█▄▀█▄  ▄█▄▀ █▄▄█▄▄▀▀█▀ ██▄▄ ▀ █▀▄▄ ▀█▄▀█▄▀▀██▄▀▀█
█▀▄▄▀█▄▄▄ █ ██ ▄ ▄█▀▀ ▀▀▀▀▀▄ ▄▀▀▀ ▄▀▀  ▄   ▄███▀█ ▀  ▄█▀▀▀█
█  ▀▀█▄▄█ ▄   ▄ ▀▀▄▀█▄▄▀▀▄▀ ▄▄▄▄ ▄▄ ▀███▄█▀▄▄▄ ▀ ▄█▄ ▀▀▄▄▀█
█▄ ▀▄ ▀▄ ███ ▀▀▀▀ ▄█▀▀ █ █▀ █  ▀▀▄█ █▀ ▀██ ▀▀▄▀ ▀▄▀  ▀ ▄ ██
███▄ ▀▀▄▀▀▀▀██ ██ ▄▀██▄▄▀█▀▀▄ ▄▀▄▀█▄████▄▄   ▀█▄▄  █▀▄█ ▀ █
█ ██ ▄▀▄▄ ▀▄█ ▀ ▀▄▄  ▄██  █▀ ▄▄ ▀▄▀▄██▀▀▀▄ █▄▄▀▄█▀███▄▀██▄█
██▄██▄▄▄▀▀█▄▄ ▄  █▄ █ ███▄███▀▀▄▄▄  ▄▄ ▀ ▀█▄ ▀▄█▄█  ██▀█▄ █
█▀█▀  ▄▄▄ ███ █▀▀ ▄▄▀▀█▄▄▀  ▄▄▄ █ ▀▄█▄█ █▄▄ ▄█▄▀  ▄▄▄ ▀▀▀██
█   █ █▄█ ▀█▀▀ ▀▄ █▄█▄▀▀ ▄█ █▄█ █ ▀ ▄█▀█ █ █▄     █▄█  █ ▀█
█ ▄ █▄▄▄▄ ▀ ██▄ ▄ █▀▄▄█ ▀▄█▄ ▄   █   ▄▄▄ █    ▄█▀ ▄▄  █████
█▀ ▄ ▄▄▄ █▀▄ ▄ ███ ██▄    ▄ █▄▀▀██ ▄▄█▄█ ▄ ▀▀██▄█ ▄▀▄██▄█▀█
█ ▀█ ▄▄▄▄▄▄▀ █  ▄  ▀▄▀▀    █   █  █ ▀▀▄▀▀▄▀▄▄▀ ▀█  ▄  ▀▄ ▄█
██▀▀ ▄▀▄  ███ ▀▄██▄▄▀██▀ ▄█▀██▀ ▄▀▀█▄ ▄  ▀▄█▄█ ██▄█  ██▀▄██
█▄█▀██▄▄█▀█▀▀ █▄ ▄ █  ▄▄▄▀█▄ ▄▀█ █▀▄ █ ▄█  ▀█▀ █▄█ ▀ ▀▀▀█▄█
█▄▄█▄▄█▄▄█▀▀▄  ▄ ▀▀▀ █ ▀ ▄▀ ▀   █▄▄▀█▀███▀▀█ ▄ ▀ ▀█   █ ▀▄█
█ ▄▀▀▄▄▄ ▀▄▄█▀▀█▀▄█▄███  ▀▀█ ▄ ▄███▀▀▀▄   ████▄▄█  █▄ █▄ ▀█
██▀█▄██▄  █▄█▀▀███▀▀ █ █ ▀▄▀██ ▄▀██▄▄█▀██▄  ▀█▀█▀▄ ▀██▀█  █
█ ▀ ▀▀▄▄ ▄█ █▀▀ ▄▀▄█ ▄▀ ▄█▄  ▀▀▀▀▀▀█   ▀▀▄██ ▀▄  ▄█ ▄▄█▄▀ █
███████▄▄ ▀ ▄ ▄▀▀▄▄▄█ ▀▀█▄  ▄▄▄  █ █▀▄▀▀▀▀ ▄ ▀ ▄█ ▄▄▄ ▀▀█▄█
█ ▄▄▄▄▄ ██ ▄█ █▄▀▀▀▀ ▄█▀▀ █ █▄█  ▀▄▄▀ ▀▀▄▄▄▄ ▄██  █▄█ ▀▀█▀█
█ █   █ █▀██▀██ ▀██▀ ▄▄▀ ▀▄▄     ▄▄ ▀█▄█▄▀ █▄▄ ▀▄   ▄ █▄ ▄█
█ █▄▄▄█ █ ▀█ ▀▄▄  ▀▄▄▀███▀█▄███▀▄▀▀ ▀██   ▄▄ █ ▄▄ ▀▀▀▀███▀█
█▄▄▄▄▄▄▄█▄█▄█▄█▄▄█▄██▄█▄█▄██▄▄███▄██▄██▄▄▄▄███▄█████▄▄█▄███

2025-08-29T20:12:29: 
2025-08-29T20:13:29: 🎯 QR Code detected! Displaying...
2025-08-29T20:13:29: 📱 Scan this QR code with your WhatsApp!
2025-08-29T20:13:29: 🔗 Or copy this link to scan:
2025-08-29T20:13:29: https://api.qrserver.com/v1/create-qr-code/?size=300x300&data=2%40dx2d7HUzc4t63Ah1uMXrgIK3HDSnvoSJwVqsuVrz0U9S1o2HOTX%2BvFDCPq1kvkloZ0JJu1OhE6cvi8%2FlNUX0BKYlXmrNsTTdEgE%3D%2CSdxzI%2BEfp%2BEoPPdrAYkAKOiMCQaj1aJ6%2FU%2Bhzx52HVI%3D%2CdumoEL%2BGXY3VfU%2F%2Fjd%2BIhaG9g%2FRH%2FvomZPjkaETrET8%3D%2CBJwpwXFC9yMAQlrkALh3jPjl1gpaVRTuex34KYvsJyA%3D
2025-08-29T20:13:29: 
2025-08-29T20:13:29: ▄▄▄▄▄▄▄▄▄▄▄▄▄▄▄▄▄▄▄▄▄▄▄▄▄▄▄▄▄▄▄▄▄▄▄▄▄▄▄▄▄▄▄▄▄▄▄▄▄▄▄▄▄▄▄▄▄▄▄
█ ▄▄▄▄▄ █▀███▄█▄▀█▄▄ ▀▀█ ▄ ██▀▄ █ ▀█ ▀▄█ ▄▄ ██▄▄ ██ ▄▄▄▄▄ █
█ █   █ █▀▀▄ ▀ ██▄  ██▄▄ ▀▀█ ▄█▄ █▄▄  ▄▀▀▄▄▀ ▄ ▄ ██ █   █ █
█ █▄▄▄█ █▀▀█ ▀██▄██ ▄ ▄█▀ █ ▄▄▄  █▀▀ █ █▀ █▄▄█▀▀▄██ █▄▄▄█ █
█▄▄▄▄▄▄▄█▄▀▄▀▄▀ ▀▄█▄▀ ▀▄█ █ █▄█ ▀▄█ ▀▄█ ▀▄█ ▀▄▀ ▀▄█▄▄▄▄▄▄▄█
█ ▄  ▄▀▄  █▄██▀▀▄█▄ ▀██▀  ▄  ▄  ▀█▀█▀  ▄▀█▀▀▄▀▄▄▄▀ █ █▄▀ ██
█▀▀█▄▀▄▄█▄▄ ▀█▄ ▄▄▀ ▀▀▀    █▄▀▀▄▀█ ██ ▄█▀▀  ▄█▄▄▄▄▀█▄ ▀▀ ██
█ █▀▀ ▀▄▀▀███▀▄▄▄▄▀ ▀▄▀▄ ▀▄▀▄█▀█ ▀█▄ ▄ ▄▀▀   █▄█▄▀▄█ ██▄▀██
█ █▀█▄▄▄▄▀▄▀█▄▀▄▀██   ▀█▀  ▄▀█▀   ▄███▀▀█▀█  ▀▀ ▄▀  ▀█▀▀ ▀█
██▀▀▀▀█▄▀▀▀▄▀█ ▀▄▄ ▄▀███▀ █▀▀ ▀▀▄█▀█  ▀▄██▀▀██ █▀▀▀███▀ ▄▄█
█▀█ ▄▄█▄ ▀▀█▄█▀█▀  ▀▀█▄██▄▀▄▀ ▄█▀ ▀ ▄▄ ▄▀▄█▄▀ ▄ █ ▀▄▄▀▄ ▄██
█▄▄▄▀ █▄ ▀  ▀▄▀█▄▀▄ ▄███▀▄ ▀█▀▄  ▀▄█▄▄▄███ ▀██▄█▄▀ ▄ ██▀▀▀█
██▀▄█▀▀▄ ▀ ▀▀ ▀█▄ ██▄█ ▀▀█▀ █ ████▄ ▄ █ ▄ ▀ ▀▄▄ ▄▄▀█    ▀██
█▀▄▀▀█▄▄▄▄ ▀ ▄▄█▄█ ▄█▄▀█▀ ██▀▀█ ▄ ▄    █▄▀▀  █ █▀▀▄██▀█▀▄▄█
█ ▄▀▀ ▄▄▄ █ ▄ ▄▀ ▀▄█ ▀▄█▄   ▄▄▄ ▄  ▀██▄ ▄█ ████▄▀ ▄▄▄ ▀  ██
██▄ █ █▄█ ▄▄ ▄█▄▀▄▄▀▀█▄█▀▀█ █▄█ ▀▀▄▄█ ▀██▀   ▀ █▄ █▄█ ██▄ █
██▀▀  ▄▄ ▄█ ▀▀▄▄  ▀ ▄  ▄█ ▄ ▄▄▄▄ ▀█ ▄ ██ ▀▄▄ ▄█ ▀▄  ▄ ▀▀█▀█
█▀▄▀▀█▄▄   █ █▀█▄▄▀▄▀█ ▀▀ █ ██▀ ▄█▀█▄  ▄▀█ ▀ ██▄▀ █▀▄▄▄█ ▀█
█▀ ▄  █▄▄▀▀█▀ ▄▀▄▄▀▄▀▄▄▄█▀▄▄ █▀  ▀ ▄ ▄ ▀ ▄  ▄▀▄▄▄█▄█ ▄ ▀█▀█
█▄██▄▄█▄ ▄▀█ ▄▀ ▀█  ▀▀▀▀▄ ██▀██▄ ███▄▄▄▄█▀ ▀ █▄█▀ █▄▄█▀██ █
██▄▀▄▄▄▄▄▀▀▀▀█▄ ▀█ ▄▀ ██▄ ▄▄▀█ ▄▀█ █ █▀▄█▀  █▀▀▄▄▄▀▀▀ ▀ ▄▄█
█▀ ▄▀▄ ▄ ▄ ▄▄██▄██ ▄▄▄██▀▀█▀▄▄▀█▀█▀█▄▄▀▄ █  ▄███▀▄█▄█▄ ▀███
█▄▄███ ▄ ███▀▄▀ █▄▀ █▀▀ ▄██▀▄▄▄ █▀████ ▄▄ ███▀▄▄▀█ █  ▀  ██
█▄ ▄█▀▀▄▀▀ ██ ▀▀▄▄▀ ▀█▀▄  █▀▄▄ █ ██▄▄▄▀█▄█▀  █ ▄▀▀▄▀▄█ ▀▀ █
█ ▀ ▀▀▄▄▄▄ ▄▄▄█▀▀█▀ ▄█▄ █  ▄██ ▄█ █▀██ █▄▄▄█ ▄█ ▀█▄▀▀█▄ █▀█
███████▄█ █  ▄▄██▄▄▄▀██▀▄▀  ▄▄▄  ▀▄█▄ ▀█▀█  ▄▀▄█▀ ▄▄▄ ▄█▀▄█
█ ▄▄▄▄▄ █▄▀██▀▄▄▀ ▀ ▀▄▄  █▄ █▄█ ▀▀██▄▄ ▀▀ ██▄▄▄█▀ █▄█ ▀  ▀█
█ █   █ █  ▀▀▄▀▀▄▀▄▄▄█▀█▀▄ ▄▄  ▄▄▀▀▄ ▄ ▄▀▀▀  ▀███▄▄ ▄ ▄▀▄▄█
█ █▄▄▄█ █ ▄▀ ▀ ▄▄ █ ▄█▀█▀██  ▀▀█▄██ █ █▄▄▀  ▀▀▄▄ ▄▀█ █▀▀███
█▄▄▄▄▄▄▄█▄▄██████▄▄▄▄▄▄███▄█▄▄█▄▄▄▄▄▄▄▄▄██▄▄▄██▄█▄▄█▄▄██▄██

2025-08-29T20:13:29: 
2025-08-29T20:13:49: 🎯 QR Code detected! Displaying...
2025-08-29T20:13:49: 📱 Scan this QR code with your WhatsApp!
2025-08-29T20:13:49: 🔗 Or copy this link to scan:
2025-08-29T20:13:49: https://api.qrserver.com/v1/create-qr-code/?size=300x300&data=2%40nI4t6o6IMFxBjkjR%2B%2FVNrIQ44%2B5fcjqjELPlkBDlkVpgpyrRhvlrrl9DQ9O%2BHAfPZmUSXfU4eNBcJAUiYIXB78msCImq3COPLnU%3D%2CSdxzI%2BEfp%2BEoPPdrAYkAKOiMCQaj1aJ6%2FU%2Bhzx52HVI%3D%2CdumoEL%2BGXY3VfU%2F%2Fjd%2BIhaG9g%2FRH%2FvomZPjkaETrET8%3D%2CBJwpwXFC9yMAQlrkALh3jPjl1gpaVRTuex34KYvsJyA%3D
2025-08-29T20:13:49: 
2025-08-29T20:13:49: ▄▄▄▄▄▄▄▄▄▄▄▄▄▄▄▄▄▄▄▄▄▄▄▄▄▄▄▄▄▄▄▄▄▄▄▄▄▄▄▄▄▄▄▄▄▄▄▄▄▄▄▄▄▄▄▄▄▄▄
█ ▄▄▄▄▄ █▀███▄▄█▀▀▄▄▄█▀▄▄  ██▀▄ █ ██▀█ ▀█▀▀▄█▄▄▄ ██ ▄▄▄▄▄ █
█ █   █ █▀▀▄ ▀ ███  ▄█▄▄▀▀▀█ ▄█▄▀█▄▄ ▀▄▀▀▄▄▀█▄ ▄ ██ █   █ █
█ █▄▄▄█ █▀▀▀█ ██▄██ ▄ ▄█▀ █ ▄▄▄ ▄ ▀▀██ █▀██▄█▄▀▀▄██ █▄▄▄█ █
█▄▄▄▄▄▄▄█▄█ ▀▄▀ ▀▄█▄▀ ▀▄█ █ █▄█ ▀▄█ ▀▄█ ▀▄█ ▀▄▀ ▀▄█▄▄▄▄▄▄▄█
█ ▄  ▄▀▄   ▀ ▀▀▀▄█▄ ▀██▀  ▄▄ ▄  ▀█▀█▀  ▄▀█▀▀▄▀▄▄▀  █ █▄▀ ██
█▀▀█▄ ▄▄ ▄█ ▀▄▄ ▄▄▀ ▀▀▀   ▀█▄▀▀▄▀█ ██  █▀▀▄▄▄█▄▄██▀▄█▀▀▀ ██
█ █ █ ▀▄▄▀ ██▀▄▄▄▄▀ ▀▄▀▄ ▀█ ▀▀▀█ ▀██ ▄██▀▀▄▀ █▄▄▀ ▄█ █▀ ▀██
█ ▀▀ ▄▄▄█ ▄▀█▄▀▄▀█▀   ▀▀▀  ▄▀██   ▄▄██▄▄▀▀▀▀▄█▀▄ ▄  ▀█   ▀█
███▀ ▀█▄▀▀▀▄▀█ ▀▄▄▀▄▀█▀▀▀▀█▀▀ ▀▀▄█▀█▄ ▄███▄▀▄███▀▀▀███   ▄█
██ █▄ ▀▄ ▀▀█▄█▀█▀█ ▀▄▀▄██▀▀▄▀ █▄█ ▀ ▄█ ▄▄▄▄█▀▄█▀█ ▀▄▄▀▄  ██
█▀▀▄▀ █▄ ▀  ▀▀▀█▄▀▄ ▄███▀▄ ▀█▀▄ ▄█▄█ ▄▄███ ▀▄▀▄█▄▀▀▄ ██▀  █
██▀▄█▄ ▄ ▀█ ▀▄ █▄ ██▄█ ▀▀█▀ █ ██▄▄▄ █ █ ▄ ▀ ▀▄▄ ▄▄▀▄▄   ▀██
█▀▄▀▀▀▄▄▄ ▄▀▄█▄ ▄█ ▄█▄▀█▀ ▀█▀▀█ ▄ ▄    █▄▀▀  █ █▀  █▄██▀▄▄█
█ ▄▀▀ ▄▄▄ ▀▄▄ █▀ ▀▄█ ▀▄█▄   ▄▄▄ ▄  ▀██ ▄▄█ ███▀   ▄▄▄ ▀  ██
██▄█▀ █▄█ █▄ ▄█▀▀▄▄▀▀█▄█▀▀▀ █▄█ ▀▀▄▄█ ███▀ ▀ ▀▄██ █▄█ █▀▄ █
█▀▀█▀▄▄▄  █ ▀▀▄▄  ▀▀▄ ▀▄█ ▄ ▄▄▄▄ ▀▄▀▄ █▄ █▄▄ ▄▄██▄▄▄▄▄ ▀█▀█
█▄ ▄▄█▄▄▄▄ █ █▀█▄█▄ ▄▄█▀  █ ██▀ ▄█▀█▄  ▄█▀▀  ████▀█▀█▄▄▄▄▀█
█  █▀ █▄█▄▀█▀ ▄▀ ▀▀▄▀▀▄▄█▀▄▄▀ ▀ ▄▀ ▄█▄▀▀ █▀▀█ ▄▄▄█▄█▄█ ▀▄▀█
█▄▄█▄▄█▄ ▄▀█▄▄▀ ▀█  ▀▀▀▀▄ ██▀█▄ ▄███▄▄▄▄▀▀ ▀ ▀▄█▀ █▄▄█▀██ █
██▄▀▄▄▄▄▄▀▄  █ █▀█ ▄▀ ██▄ ▄▄▀█▄▄▀█ █ ▄▀▄▄▀  █ ▀▄▄▄▀▀▀ ▀ ▄▄█
█▀ ▄▀█▀▄ ▄▄██▄ ███ ▄▄▄██▀▀█▀▄▄▀█▀█▀█▄▄▀▄ █  ▄███▀▄  █▄ ████
█▄▄██▄ ▄ █▄▀▀ ▄▄█▄▀ █▀▀ ▄██▀▄▄▄ █▀████▄ ▄ ▀▀█▀ ▄▀▄▀▀  ▀▀ ██
█▄   █▄▄ ▄ ▄█ ▄▀▄▄▀ ▀█▀▄  ██▄▄ █ ███▄▄▄▄▄█▀▀ █▄▄▀ ▄ ███▄▀ █
█ ▀ ▀▀▄▄▀  ▄▄▄█▀▀█ █▄█ ▀█   ██ ▄█ ▄▀▀▀▄▄ ▄▀▄▄▄  █▄▄█▄▄▀ █▀█
███████▄█ █  ▄▄█▄██▄▀▄█▀ ▀  ▄▄▄  ▀▄█ ▄ ▄█▀   ████ ▄▄▄ ██▀▄█
█ ▄▄▄▄▄ █▄▀██▀▄▄▀ ▀ █▄▄ ▄▄▄ █▄█ ▀███▄█▀▀▄▀▄██ ██  █▄█ ▀ ▄██
█ █   █ █  ▀██▀▀▄▀▄▄▄█▀█▀▄ ▄   ▄▄█▀▄   ▄▀▀▀ ▄▀███▄▄ ▄ ▄▀███
█ █▄▄▄█ █ █ █ ▀▄▄ █ ▄█▀█▀██ ▀█▀█▄▄█ ▄ █▄█   ▀ ▄▄ ▄▀█▄█▀▀███
█▄▄▄▄▄▄▄█▄▄▄▄████▄▄▄▄▄▄███▄██▄█▄▄▄▄▄▄▄▄▄██▄▄▄██▄█▄▄█▄▄██▄██

2025-08-29T20:13:49: 
2025-08-29T20:14:09: 🎯 QR Code detected! Displaying...
2025-08-29T20:14:09: 📱 Scan this QR code with your WhatsApp!
2025-08-29T20:14:09: 🔗 Or copy this link to scan:
2025-08-29T20:14:09: https://api.qrserver.com/v1/create-qr-code/?size=300x300&data=2%40r17%2B26UF8T97RirTbZXo9R1KxIhYLslCgDQX3S4461HMeAagpqU8pgkfZQY3AD%2F1Ml0LzQhPkV7P99TAKPOIpu3F%2FoiYkt8%2BDOg%3D%2CSdxzI%2BEfp%2BEoPPdrAYkAKOiMCQaj1aJ6%2FU%2Bhzx52HVI%3D%2CdumoEL%2BGXY3VfU%2F%2Fjd%2BIhaG9g%2FRH%2FvomZPjkaETrET8%3D%2CBJwpwXFC9yMAQlrkALh3jPjl1gpaVRTuex34KYvsJyA%3D
2025-08-29T20:14:09: 
2025-08-29T20:14:09: ▄▄▄▄▄▄▄▄▄▄▄▄▄▄▄▄▄▄▄▄▄▄▄▄▄▄▄▄▄▄▄▄▄▄▄▄▄▄▄▄▄▄▄▄▄▄▄▄▄▄▄▄▄▄▄▄▄▄▄
█ ▄▄▄▄▄ █▀▄ ▀ ▄██▄  ▄  ▀ ▄ ▄▄▄ ▄█▀ ▄▄▀ ▄ ▄▄ ▄ █▄ ██ ▄▄▄▄▄ █
█ █   █ █▄ ███▄█▄██▄ ███▄▄██▀█  ▄███▄█ ▀█▄▀██▄▀▄ ██ █   █ █
█ █▄▄▄█ █ ▄▀▀▀  ███▄▀███▀▄  ▄▄▄ ▀▀ ▀▄██  ██ ▄  ▀▄██ █▄▄▄█ █
█▄▄▄▄▄▄▄█ ▀ █ ▀ ▀ ▀ ▀ ▀ ▀▄█ █▄█ ▀▄█▄█ █ ▀ ▀▄▀▄▀▄█ █▄▄▄▄▄▄▄█
█▄ ▀ ▀▀▄ ▀█ ▄▄█▀█▄▀▄██▄ █▄   ▄▄▄██ ▄▄▄▄▄ ▄▄█ ▀██▀██▄ ▄▀▄▄██
██▄ █ ▄▄█ █▄ █▀██▄▀▄▄▄   ▄▄ ▀█▀ ▄ █▀█▄▀▄ ▀▄▄▀ █▄▄ ▄▀█▀▀██ █
█▄█▀███▄ ▄█ ▀█▄██▀█▄▀█ ▀▄██ ▄ █▀  █ ▄  █ ▄██ ▄▀ ▄▄▄▄█▄▀▄▀▄█
█ ██▀█▀▄▀▀█   █▄ ▄ ▀▄ █▄▄▄▄▄▀▄ ▄▄ █▄ █    ▀▄ █ ▀  ▄ ▀█▄▄▄▀█
█▄▄▄▄▀█▄▄▄ ▄▀▀█▄▀▄ ▄▄▀▄█ █ ▄  ▄█▀  ▄▄▄█ ▄▀▀▄█▄▄█▀█▄ ▄█▀▄███
█▄▀▀██▀▄     ▀▀▄█ ▄█▄▀█ ▄█▀█ █ ▀▀▀ █▄ ▀█▄█ ▀ █▄▄▀▄███▄ ▄█▄█
█▄ ▄   ▄▄▀▀▀ ████ ▀▄ █▄▄▄ ▄▀▄ ▀▄▀██▄▀▄ █▀ ██ ▀█▄▀█▀▄▀▄ █▄ █
█▀▄▀▄██▄▀▄  ▀████ █▀▀ ▀▀▀▀▄█▄ █▀ ▀█ ▄█ ██▀▀▄▄ █ ▄ ▀██▄ ▄▄ █
██▄  ▄▀▄█ ▀ █▄▄▄█ ▄ ██  █▄▀  ▄▀▄▄▀██▄▄ ▄█▄█▄ ▄▀  █ █  ▀█▄██
█▄ ▀  ▄▄▄ ▄▄  ▄▀▀ ▀▀▄▀█▄▀▄█ ▄▄▄   ▀▄ ▀  █▄▀▀▀█ ▀  ▄▄▄ ▄▄▄██
█▀▀▀▄ █▄█ ▀▀  █▀ ▄▄█▄ ██▀█▄ █▄█ ▄▄▄▄█▄▄ ▄▀▀██▄ ██ █▄█  ▀▀██
█▀▄█  ▄▄▄ ▄███▄█▀██▄▄▀▄ ▀▄▄▄▄     ██ ▄█ ▀▄▄▄▄█▄▀▄▄ ▄ ▄█▄█ █
█ ███▄▀▄ ▀▀▄█▀███▄█▄█▄█ ▄█▀  █▄▄ █ ▄█ ▄▄▄ ▀▄ ██▄▄ ▀▀▀█▀▀ ▀█
█▀█▄▀ █▄ █ █▀▄▀▄ █▀ █▀█▄▄▄▀▀█▄▀▄█ ▀▄████▄▄ █▄▄███▀▀ ▄▄ ██ █
█▀▄▄█▀▀▄ █  █▀▀▀  ▄▄▀  ▄ ▄█▄   ▄ ▄▄ ▄▄▄█▄ ▄█ ▄█ █▄███ █▀▄▀█
█▀ ▀██▀▄ ▀ ▄▄▀█▄ ▄█ █ ▄▄▀▄ ▄ ▄▄ ██▀▄▄▀█▄█▀█▄▀  █▀ █▀ ▀▄▄ ▄█
███▀ ▄█▄█▀█▄▀   ▄█  ▀▀▄█▀█ ▄█▄▀▀▄  █▄ ▄▀▀█ ▄▀ ▄█▀ ▀▄▄▄▄█  █
█ ▄▄▄  ▄ ▄███ ▄█▄▀█▄█  █ ▀█ █▀ ▄█ ▄ ▀▀▄▀██▀▀█ █▀▀▀ ▄▀█▀█ ▄█
█ ▄█ █ ▄▄▀▀▄ ▄▄▄██▄▄██ ██▄▀ ███▀▄█▄█▀ ▄██▄▄▄▄█▄█▄▀ ▀██▀▀█ █
█ ▀ ▀▀▄▄▄▄▀▄▄  ▄ █▀█▀ ▀▄█▄▄▀▄█   ██▀█▀▄▀▀ ███▀ ██ ▄▄ █▀█ ▄█
███████▄▄▀▄█▄ ▄▄█ █ ▀█▄▄██  ▄▄▄   █ ▀▄█▄▀▄▄█  ▄ █ ▄▄▄   ███
█ ▄▄▄▄▄ █▄ ▄ █ ▄ █▄▄▀██▀▀▄  █▄█ ██▄▄▄█▄ ▄   ▀ █▄▄ █▄█ ▄▄▄██
█ █   █ █▀▀▀ ▀▄▄█▀▄ ▀  █▀ █ ▄   ▀  ▄▄▄█▀█▀▀▄▀▄▄██  ▄▄ ▄█  █
█ █▄▄▄█ █▀▄ ▄▄ ▀██▀▄▄▄  █▀█▀▀ █▀▄▄▄█▀███▄█▄▄▀ █▀▄ ▀▄█ ███▄█
█▄▄▄▄▄▄▄█▄▄▄▄█▄▄▄██▄▄▄█▄▄█▄█▄▄▄▄▄▄███▄▄▄▄▄█▄▄█▄█▄▄▄██▄▄█▄██

2025-08-29T20:14:09: 
2025-08-29T20:14:29: 🎯 QR Code detected! Displaying...
2025-08-29T20:14:29: 📱 Scan this QR code with your WhatsApp!
2025-08-29T20:14:29: 🔗 Or copy this link to scan:
2025-08-29T20:14:29: https://api.qrserver.com/v1/create-qr-code/?size=300x300&data=2%40G2iLSPZwPWsEQPASdviGkWFCAlgU3SuRilRTof2MqabtFwFOM10f96vMnh6ViIaI%2Fq1N5cuUfyyhUWDMzy%2BgXVN%2B8onSHAf%2Fb9I%3D%2CSdxzI%2BEfp%2BEoPPdrAYkAKOiMCQaj1aJ6%2FU%2Bhzx52HVI%3D%2CdumoEL%2BGXY3VfU%2F%2Fjd%2BIhaG9g%2FRH%2FvomZPjkaETrET8%3D%2CBJwpwXFC9yMAQlrkALh3jPjl1gpaVRTuex34KYvsJyA%3D
2025-08-29T20:14:29: 
2025-08-29T20:14:29: ▄▄▄▄▄▄▄▄▄▄▄▄▄▄▄▄▄▄▄▄▄▄▄▄▄▄▄▄▄▄▄▄▄▄▄▄▄▄▄▄▄▄▄▄▄▄▄▄▄▄▄▄▄▄▄▄▄▄▄
█ ▄▄▄▄▄ █▄▀█▀ █▀▀█▀▀ ▀█▄█▄ ▀▀▀ ▄█▄██   ▀  ▄▄   ▄ ██ ▄▄▄▄▄ █
█ █   █ █  █ ▄▀██▄ ▀█▄██   █▀███ ▄██  █▀█▄▄  ▄▀▄ ██ █   █ █
█ █▄▄▄█ █▄ ▀ █▀▄▀▀▄█ ▀▀▀ █▀ ▄▄▄ ▄▀▄██▄▄▄▀ ▄▀ █▄▀▄██ █▄▄▄█ █
█▄▄▄▄▄▄▄█▄█▄█▄▀▄█▄▀ ▀▄█▄▀▄█ █▄█ ▀ ▀ █ █▄█▄▀▄▀ █ █ █▄▄▄▄▄▄▄█
█ ▄  █▀▄█▄ ▀██ ▀█▄▄▀ █▄  ▀█▄ ▄   █ ▄▀▀▀▄ ▄▀ █▀██ ▀ ██▄▄ ▀▄█
█▄█▄▀█▄▄▄█▄█▀  ▀▀  ██ ▄▄▀█████ ▀█▄▀▀▄█ ▄▄█▀█ ▄▀ ▀███ ▀ ▄▄▄█
█▄█ █ █▄▄█ ▀▀█▄  ▄█▄▀ █▄▄█▄▄▀██▀ █▀█▄   █▀█▄ ▀▀▄▄▄▄▀██▀▄▀▀█
██ ▀▄█▄▄▄ █ ██ ▄ ▄▄▄▀ █▄▀▀▀▄▀▄▀▀▀   ▀▄▄█  ▄▄█▀▄██▀▀  █ ▀▀▀█
█▄█ ▄█▄▄█ ▄   ▄ ▀ █▀█▄▀█ █▀ ▄▄▄▄ ▄▄▀▄▀▄█ █ █▄    ▄█▄ ▀ █▄▀█
█▀█▀▀ █▄ ███ ▀▀▀█▀▄█▀  █▄▀▀ █  ▀█▄█ █▄▀▀█▄  ▀  ▀▀▄█  ▀ ▄▀▀█
█▀▀▄  ▀▄▀▀▀▀ █ ██ ▄▀██▄▄▀█▀▀▄ ▄▀███▄ ███▄   ▀██▄▄ ▀▄▀▄█  ▀█
█ ██   ▄▄▄ ▀   █▀▄▄  ▄██  █▀ ▄▄  ▄▀▄▄█▀▀ █ ██▄▀▄█▀▄▄▀ ▀██▄█
██▄██▄▀▄█ █▀ ██▄ █▄ █ ███▄▀▀█▀▀▄▄▄  ▄▄ ▀ ▀█▄ ▀▄█▄▄▀ ▀█▀█▄ █
█▀█▀  ▄▄▄ ▄█▀▄ █▀ ▄▄▀▀█▄▄▀▄ ▄▄▄ █ ▀▄█▄█▄█▄  ▄█ ██ ▄▄▄ ▀▀▀██
█  ▀▄ █▄█ █▄▀▀ ▄▄ █▄█▄▀▀ ▄█ █▄█ █ ▀ ▄█▄▄ █ ▄▄     █▄█  ▀ ▀█
█ ▄▄█ ▄▄  ▀ ██▄ ▄ ▀█▄▄▄█▀▄█  ▄   █    █▄▄▀██▄▄ █   ▄ ▄▀████
█ █▀█▄▄▄ █▀▄ ▄ ██▄▀█▀▄  ▀▀▄ ██▀▀██ ▄ █ █ ▄▀  ██▄▀▄▄▀█▄▄▄▀▀█
█▄██▄▄▄▄▀█▄▀ █  ▄█ ▀██▀  ▄ █▄▀ █▄▄█ ▀ █ ▀  █▀█▀▀▄  ▄▄█▀▄▄ █
█▀▀▀ ▄▀▄  ██▄█▀▄██▄▄▀██▀ ▄█▀██▀ ▄█▀██▄▄ ▀▀▄█▄▀ ██▄█  ██▀▄▄█
█▄█▀██▄▄█▀▄█  ██ ▄ █  ▄▄▄▀█▄ ▄▄▀ █▀▄ █ ▄█▀ ▀▄▀ █▄█ ▀ ▀▀▀█▄█
█▄▄█▄▀█▄▄█▀▀▀█▄█ ▀▀▀ █ ▀ ▄▀ ▀   █▄▄▀█▀███▀▀█ ▄ ▀ ▀▀▄  ▀▄▀▄█
█ ▄▀▀▄▀▄ ▀▀ ▀██ ▀▄█▄███  ▀██ ▄ ▄███▀▀▀ ▄  ▀▀██ ▄█  ▀▄  █ ▀█
██▀  █ ▄   ▀█▀ ███▀▀ █ █ ▀█▄██ ▄▀█▄▄▄█ ██▄ ▀▀█▄▄█  ▄▄█    █
█ ▀ ▀▀▄▄▀▀█ █▀▀ ▄▀█▀ ▄▄█▄█▄▀ ▀▀▀▀▀▀▄▄ ▀█▀▄ ▀▄▀ █▀ ▄ ▄ ▀█▀ █
███████▄█▀▀ ▄ ▄▀ ▄▄▄▄  ▀█▄  ▄▄▄  █ █▀  ▀ ▀▀█▄█▀█▀ ▄▄▄ ▀▀█▄█
█ ▄▄▄▄▄ ██ ▄█ █▄██▀▀█▀█▀  █ █▄█  █▄▄ ▀  ▀▀█▄ ▄▄█▄ █▄█ ▀▀ ██
█ █   █ █▀██ ▀█ ▀██▀ ▄▄▀ ▀▄▄ ▄   ▄▄ ▀▀▄█ █ █▄▄ ▀█   ▄▄█▄▀██
█ █▄▄▄█ █ ▄█▀▄█▀  ▀▄▄▀███▀█▄▀██▀▄ ▀  ▄█ ▀▀▄▄▀█ ▄▄ ▀▀█▀███▀█
█▄▄▄▄▄▄▄█▄▄▄█▄██▄█▄██▄█▄█▄██▄████▄██▄██▄▄▄▄███▄██████▄█▄███

2025-08-29T20:14:29: 
2025-08-29T20:14:49: 🎯 QR Code detected! Displaying...
2025-08-29T20:14:49: 📱 Scan this QR code with your WhatsApp!
2025-08-29T20:14:49: 🔗 Or copy this link to scan:
2025-08-29T20:14:49: https://api.qrserver.com/v1/create-qr-code/?size=300x300&data=2%40T4pky9F3RC60mfJUIC%2FAZXijSiUHaebON5tEkDaunzVCfJmExWNJJp%2F7J37YcUiStQei%2Fga%2FUe6VQFySmPqGK5jmS4D%2F88AVYVs%3D%2CSdxzI%2BEfp%2BEoPPdrAYkAKOiMCQaj1aJ6%2FU%2Bhzx52HVI%3D%2CdumoEL%2BGXY3VfU%2F%2Fjd%2BIhaG9g%2FRH%2FvomZPjkaETrET8%3D%2CBJwpwXFC9yMAQlrkALh3jPjl1gpaVRTuex34KYvsJyA%3D
2025-08-29T20:14:49: 
2025-08-29T20:14:49: ▄▄▄▄▄▄▄▄▄▄▄▄▄▄▄▄▄▄▄▄▄▄▄▄▄▄▄▄▄▄▄▄▄▄▄▄▄▄▄▄▄▄▄▄▄▄▄▄▄▄▄▄▄▄▄▄▄▄▄
█ ▄▄▄▄▄ █▄▀█▀ ▄▀▀█▀  ███ ▄ ▀▀▀ ▄█▄▀▀████ █ ▄   ▄ ██ ▄▄▄▄▄ █
█ █   █ █  █ ▄▀███ ▀████▀  █▀███ ███▀ █▀██▄  █▀▄ ██ █   █ █
█ █▄▄▄█ █▄▄██▄▀▄▀▀▄█ ▀▀▀ █▀ ▄▄▄  ▀▄█▀█▄▄▄█▄▀▄▄▄▀▄██ █▄▄▄█ █
█▄▄▄▄▄▄▄█▄█▄▀ ▀▄█▄▀ ▀▄█▄▀▄█ █▄█ ▀ ▀ █ █▄█▄▀▄▀ █ █ █▄▄▄▄▄▄▄█
█ ▄  ▀▀▄▀▄█▄▀▀ ▀█▄▄▀ █▄  ▀▀▄ ▄   █ ▄▀▀▀▄ ▄▀ █▀██▀▀ ██ ▄ ▀▄█
█▄█▄▀█▄▄▀   █  ▀▀  ██ ▄▄▀███▀▀ ▀█▄█▀▄█  ▄██▀ ▄█ ██▄▄ ▄ ▄▄▄█
█▄█▄  █▄▀▀▀▄▀█▄  ▄█▄▀ █▄▄████▀█▀ █ ▄▄ ▀ █▀▄▄ ▀█▄█▄▄▀▀▀█▄▀▀█
█▀█▀ █▄▄▄ █ ██ ▄ ▄█▄▀ ▄ ▀▀▀▄▀█▀▀▀ ▀▄▀ ▀▀ ▄████▄██ ▀ ▀█ ▀▀▀█
█▄▄ ██▄▄█ ▄   ▄ ▀  ▀ █▄▀▀▄▀ ▄▄ █ ▄▄ ▀█ █▄▀█▄▄▄▀  ▄█▄ ▀ ▄ ▀█
█▀  █ █▄ ███ ▀▀▀▀█▄█ ▄ █▄▄▀ █ ▀▀█▄█ ▀▀  █▀ ▀▀▀▀ ▀▄█▄ ▀ ▄ ▀█
██▀▄   ▄▀▀▀▀ ▄ ██ ▄▀██▄▄▀█▀▀▄ ▄▀▀██▄ ▀██ ▄  █▀█▄▄ ██▀▄█  ▀█
█ ██ █ ▄▄▄▄▄█▀█ ▀▄▄  ▄██  █▀ ▄▄  ▄▀▄▄█▀▀▀▄ ███▀▄█▀▄██▄▀██▄█
██▄███▀▄██ ▀▀  ▄ █▄ █ ███▄█▀█▀▀▄▄▄  ▄▄ ▀ ▀█▄ ▀▄█▄▄ ▀ █▀█▄ █
█▀█▀  ▄▄▄ ▀ ▄██ ▀ ▄▄▀▀█▄▄▀▀ ▄▄▄ █ █ █▄█▄█▄▄ ▄█▄█▀ ▄▄▄ ▀▀▀██
█   ▀ █▄█  █▀▀▄▀▄ █▄█▄▀▀ ▄█ █▄█ █   ▄█▄█ ██▄▄ █ █ █▄█ █▀ ▀█
█  ▄▄ ▄▄  ▀ ██▄ ▄ █ ▄▄█ ▀▄▄  ▄   █ ▀▄▄█▄ ▀██ ▄█   ▄▄▄▄ ▄███
█ █▄▄▄▄▄▄█▀▄ ▄ █▄▄▀█▄▄ ▄▀▀▄ ▄█▀▀██ ▄▄█▄██  ▀██▄▄▀ ▄▀███▄▀██
█▄▄▄ ▄▄▄▀▄▄▀ █  ▄  ▀▀▄▀ ▀▀ █▀▄ █ ▄█ █▀▄▀▀▀ ▄▀▄ ▀▄  ▄█▀▀▄ ▄█
█▄ ▀ ▄▀▄  ██▀▄▀▄██▄▄▀██▀ ▄█▀███▄▄▀▀█ ▄▄ █▀▄█▄█ ██▄█  ██▀▄██
█▄█▀██▄▄█▀ ▄▄▄▀█ ▄ █  ▄▄▄▀█▄ ▄ █▀█▀▄▀▄ ▄█▀ ▀█▀ █▄█ ▀ ▀▀▀█▄█
█▄▄█▄▄ ▄▄█ ▄  █  ▀▀▀ █ ▀ ▄▀ ▀   █▄▄▀█▀███▀▀█ ▄ ▀ ▀██  ▀▄▀▄█
█ ▄▀▀▀▄▄ ▀ █▄▀▀█▀▄█▄███  ▀██ ▄ ▄██▀▀▀▀▄▄  █▀██▄▄▀▀▄▀▄ ▀▄ ▀█
██▀▀███▄█▀ ▀█▀█ ██▀▀ █ █ ▀█▄██ ▄▀█▀█▄█▀██▄  ▀██▄▀█▀███ ▄  █
█ ▀ ▀▀▄▄▄▄█ █▀▀ ▄▀▀▀ ▄█▄▄███ ▀▀▀▀▀ ▄ ▄  ▀ ▄▀▄██  ▄█   ▀▄▀ █
███████▄▄ ▀ ▄ ▄▀ ▄▄▄  ████  ▄▄▄  █ █▄▄▀▀▀███ ▀▀▄▀ ▄▄▄ ▀▀▀▄█
█ ▄▄▄▄▄ ██ ▄█ █▄  ▀▀▄ █▀█▄█ █▄█  ▀▄▄█▀ ▀▄██▄█ ██  █▄█ ▀▀▀▀█
█ █   █ █▀██▄ █ ▀██▀ ▄▄▀ ▀▄▄▄▄  ▄▄▄ ▀█▄█ ▀ █▄▄ ▀▄    ▄█▄▀▄█
█ █▄▄▄█ █ ▀▀█ ▄   ▀▄▄▀███▀█▄▀██▀▄▀▀  ▄█  ▀▄▄ ▄ ▄▄ ▀▀█████▀█
█▄▄▄▄▄▄▄█▄██▄██▄▄█▄██▄█▄█▄██▄▄███▄██▄██▄▄▄▄███▄█████▄▄█▄███

2025-08-29T20:14:49: 
2025-08-29T20:15:09: {"level":30,"time":"2025-08-29T19:15:09.935Z","pid":17372,"hostname":"LAPTOP-R3IJ5HFS","class":"baileys","trace":"Error: QR refs attempts ended\n    at Timeout.genPairQR [as _onTimeout] (C:\\Users\\55519\\Desktop\\DIGITAL MARKETING\\SAAS AND APP DEVELOPMENT\\Caio Website Personal Brand\\caio_personal_brand_current_one\\node_modules\\@whiskeysockets\\baileys\\lib\\Socket\\socket.js:485:21)\n    at listOnTimeout (node:internal/timers:588:17)\n    at process.processTimers (node:internal/timers:523:7)","msg":"connection errored"}
2025-08-29T20:15:09: 🔄 Scheduling reconnect attempt 1/10 in 5s...
2025-08-29T20:15:14: 🚀 Starting WhatsApp service...
2025-08-29T20:15:15: 📱 WhatsApp service started. Waiting for connection...
2025-08-29T20:15:15: {"level":30,"time":"2025-08-29T19:15:15.274Z","pid":17372,"hostname":"LAPTOP-R3IJ5HFS","class":"baileys","browser":["Chrome (Linux)","",""],"helloMsg":{"clientHello":{"ephemeral":"sIpvPC0lDyiVrR67a8EDUxE9MKNtywF0nscoFBaRZjg="}},"msg":"connected to WA"}
2025-08-29T20:15:15: {"level":30,"time":"2025-08-29T19:15:15.460Z","pid":17372,"hostname":"LAPTOP-R3IJ5HFS","class":"baileys","node":{"passive":false,"userAgent":{"platform":"WEB","appVersion":{"primary":2,"secondary":3000,"tertiary":1023223821},"mcc":"000","mnc":"000","osVersion":"0.1","device":"Desktop","osBuildNumber":"0.1","releaseChannel":"RELEASE","localeLanguageIso6391":"en","localeCountryIso31661Alpha2":"US"},"webInfo":{"webSubPlatform":"WEB_BROWSER"},"connectType":"WIFI_UNKNOWN","connectReason":"USER_ACTIVATED","devicePairingData":{"eRegid":"AAAAjw==","eKeytype":"BQ==","eIdent":"ZMIj5C9ZS7gDncd06Mc/OQ+0uLx5zogPF64TOEfNvl8=","eSkeyId":"AAAB","eSkeyVal":"FcOweK8X9PfiFp1DrFgmeBTEh+HjCyLeY0RJ1Vp4yEQ=","eSkeySig":"WHbgaBwydkv4+DIBuE2R0RPQ9UVQEmztpwGUUMG5RVXN0CxMD8Fnub4SqAnbsqHn7d3xo1EaLwtzOyE3OYNnCw==","buildHash":"c9lQeUMlTdrMrIi/+YcPiA==","deviceProps":"Cg5DaHJvbWUgKExpbnV4KRgHIAA="},"pull":false},"msg":"not logged in, attempting registration..."}
2025-08-29T20:15:15: 🎯 QR Code detected! Displaying...
2025-08-29T20:15:15: 📱 Scan this QR code with your WhatsApp!
2025-08-29T20:15:15: 🔗 Or copy this link to scan:
2025-08-29T20:15:15: https://api.qrserver.com/v1/create-qr-code/?size=300x300&data=2%40LxFObwWD4IUTi6eePbu0lCAOehqPiH%2BwawuAycrLTCPV%2FFR08Hm0dYD8QiM8%2BRfClkB8mq7cyeNWWMbOGITK0veF5Ci0MXLkTnk%3D%2C0f6h0QOo6NpHQJ40FsgzrFAhoTX51jdow5HnlaZLdFE%3D%2CZMIj5C9ZS7gDncd06Mc%2FOQ%2B0uLx5zogPF64TOEfNvl8%3D%2Cgd%2BQh45gfGB2fUDM%2FOVRx4Euohxfg3oYjrB9IIjfzY0%3D
2025-08-29T20:15:15: 
2025-08-29T20:15:15: ▄▄▄▄▄▄▄▄▄▄▄▄▄▄▄▄▄▄▄▄▄▄▄▄▄▄▄▄▄▄▄▄▄▄▄▄▄▄▄▄▄▄▄▄▄▄▄▄▄▄▄▄▄▄▄▄▄▄▄
█ ▄▄▄▄▄ █▀  ▄▄█▀▀▀▄ ▄█ █▄ ▄█ █▀▄█▀▀▀▀█▀▀▀▀▀▄▄ ▄▄ ██ ▄▄▄▄▄ █
█ █   █ █▀▄▀▄█▀▄██  █▄▄█▀▀▀█▄██▀▀▄█ █▀▄ ▄█▀▄ █ ▄ ██ █   █ █
█ █▄▄▄█ █▀  ▀ ▀▄▄█▀▀▄ ▄█▀ █ ▄▄▄ ▄▀▀██▄▄▀▀█▀▄ █▀▀▄██ █▄▄▄█ █
█▄▄▄▄▄▄▄█▄█▄▀▄▀ ▀▄▀▄▀ ▀ █ █ █▄█ ▀▄█ ▀▄█ ▀▄█ ▀ █▄▀▄█▄▄▄▄▄▄▄█
█  ▄  ▀▄ ▄▄▄█▄▄▀▄▄▄▄▀▄▀█▀▀▄▄  ▄ ▀█▀██  ███ ▀▀▀██▀  █▄▀▄▀▄▀█
██▄█  ▀▄█ █ ▀▀▄ ██▀ ▀▀▀   ▀███ █▀▀ ▀█▄▀▀  █▀▄█▀  ▀▄  ▀▀▀▄▀█
███ █▄ ▄▀█ ▄▄▄▄▄▄▄▀ ▀█▀▄▄▀ ▀█▀▀█▄██▄▀▄ ▄▀█▀  ███▀ ▀▄█▀█ ▀▀█
█▄▄▄▀▄█▄▀▀ ▄█▄▄▀▀█▀ ▀▄ ▄▀ ▀▄ ██ ▄ ▀ █▄█▄▀▀█▀▄██▀▀ ▀▀▀▄█▀▀▀█
█▄█▄█▄ ▄▀█▄▀▀ ▄█▄▄▄▄▄▄▀▀▄▀ ▄▀  ▀▄▀▀▄▄ ▀██▀▀ ▄███▀  ▄█▀ ▀▄██
█▄█ ▀▀█▄█▀▀▄▄█▀█ ▄█▀▀█▀▀█ █▄█▄▄▀ ▀█ ▄ ██ █▄█▄▀▄ ▀ ▄██▄   ▀█
█▀▄▄ █ ▄▀█▄ ▀▄▀█▄▀▄▄▄██▀▀▄  █▀▀  ██▄   ▄█▀   █▄█▄▀▀▄██▀ ▀ █
█▄▄ █▀ ▄▄▀█  ▀ ▄▄ ▄ ▄█▀ ▀█▀ █▀  ███▀▀██ ▄▀ ▄▄▀██  ▄  ▀▀▀▀██
█▀▄ ▀▀█▄▀  ▄▀▀█▀▀▄█▄█▄█▀▀ ▀█▄▀  ▄ ▄ ▀  █ ▀ ▀▄▀██   ██▀▄   █
█▄  ▄ ▄▄▄ █ ▄▀▄▀▄█▄█ ▀▄█ █▄ ▄▄▄ ▄▄▄███▀▄ █▄  ▀▄▄  ▄▄▄ ▀ █▀█
█  ▀  █▄█ █▄ ▄█▄▀▄▄▀▀█▄█▄▀█ █▄█  ██▄   ██▀▀▀█▀██▄ █▄█ █▄▀▀█
██ ▀   ▄  █ ▀▄▄ ██▀▀█▄█▄██▄▄▄  ▄ ▀▄  ▀▀ ▀█ ▀▀▄▀█  ▄ ▄▄▀  ▀█
█▄▀ ▀▀ ▄▀█▄█▄█ ███▄ ▀█▄▀▄▀██▄█▀ █▀▀█ ▄ ███▀▀ █▄▄█▄▄▄▄███▄ █
█▄█▄   ▄█▀▀▄  ▀█▀  █▄▀▄▀█▀█▄▄█▀ ▄█ ▄██ █▀████  ▀▀▀▄▀▄▄▀ ▄██
█   █ █▄▄▀▀▄█▄▀ ▀█  ▀▀▀▀▄ ▄▄▀██▄ █▀█▄ ██▀█▀▀▄▀▄▄█ ▄▀ ▄▀▀▄ █
█▀▀▄▄ █▄▀▀▄█  █▀▀█▀█▀ ▀▀▄ ▄▀▀█▄  █ ▄▀ ▄ ▀▄▄▄▄▀▄▀▄▄ ██▀  ▄▄█
█▄█▀▄▀▄▄  █▀█ ██▀▄  ▄▄▀▀▀ █▀▄▄▀ ▀█▀█▄▄▀▄▀▀  ▄██▄▀▄ ▀▄▄▀▄███
█▀ █ ▄ ▄█▀▀█▀█▄█ ▀▀ █▀▀ ▀ ▀▀█ ▄ ▀▀▀██▀█  ▀▀▀█ ▄▄██ █▄▀▀  ▀█
██▄▀ █▀▄████▄ ▄▀▀▄▀  ▄▀▄▀ ▄ ▄▄██▄███▄▄▀██▀▄  █▄█▀▄ █▀▄ █▄▀█
█ ▀ ▀▀▄▄▀ ▀███ █ ▀ ▀█  █▄ ▀▄█ ▄▄█▀█ ▄▄▄ █▀ ▀█▄▄ ▄▄▄█▀█  ▄██
███████▄▄▀█▀█▀█▀ ▄▀▄ █▀▀  █ ▄▄▄ ▄█ █▄ ▀█ ▀   ▀█▄▀ ▄▄▄  █▄▀█
█ ▄▄▄▄▄ █▄▀ ██▄▄ ▀▄ ▀██▀▀▀█ █▄█ ▀▀▀  ▀██▀▀█  ▀▄▀  █▄█ ▀▀ ▀█
█ █   █ █ ▄▄ ▀▄ ▄▀  ▄██▀▀▄ ▄▄▄ ▄ ▀▀▄  ██▀█▄▀▀███▀▄ ▄ ▄▀▀███
█ █▄▄▄█ █ ▀█▄█ ▀▄ ▀ ▄█▀▄▀█▄█▀█▀█▄██ ▀▄ ▄▄▀▄█▀  ▀▄▄▀█▀█▀ ███
█▄▄▄▄▄▄▄█▄██▄▄▄▄▄▄▄▄▄▄▄█▄▄▄██▄█▄▄▄▄▄▄▄█▄████▄█▄██▄██▄▄█▄▄██

2025-08-29T20:15:15: 
2025-08-29T20:16:15: 🎯 QR Code detected! Displaying...
2025-08-29T20:16:15: 📱 Scan this QR code with your WhatsApp!
2025-08-29T20:16:15: 🔗 Or copy this link to scan:
2025-08-29T20:16:15: https://api.qrserver.com/v1/create-qr-code/?size=300x300&data=2%40kC2FXsugfM0c1u%2FKJo6k8L55keoiOXCR%2BAPL2lZwEv3kafJs9EMrwLiFLnJICOwmQN%2BJqGsX0SKuvHeLMWv7gZGcxCoJB6c5vd0%3D%2C0f6h0QOo6NpHQJ40FsgzrFAhoTX51jdow5HnlaZLdFE%3D%2CZMIj5C9ZS7gDncd06Mc%2FOQ%2B0uLx5zogPF64TOEfNvl8%3D%2Cgd%2BQh45gfGB2fUDM%2FOVRx4Euohxfg3oYjrB9IIjfzY0%3D
2025-08-29T20:16:15: 
2025-08-29T20:16:15: ▄▄▄▄▄▄▄▄▄▄▄▄▄▄▄▄▄▄▄▄▄▄▄▄▄▄▄▄▄▄▄▄▄▄▄▄▄▄▄▄▄▄▄▄▄▄▄▄▄▄▄▄▄▄▄▄▄▄▄
█ ▄▄▄▄▄ █▀  ▄▄█ █▀█ ▄▀ █  ▄█ █▀▄█▀▄▀▀ ▄██ ▄▄ ▄▄▄ ██ ▄▄▄▄▄ █
█ █   █ █▀▄▀▄█▀▄██  ▄█▄█▀▀▀█▄██▀▀▄█ ▀ ▄ ▀▄▀▄▀█ ▄ ██ █   █ █
█ █▄▄▄█ █▀  ▀▀▀▄▄█▀▀▄ ▄█▀ █ ▄▄▄ █▄▀██▄▄▀██▀▄▄ ▀▀▄██ █▄▄▄█ █
█▄▄▄▄▄▄▄█▄▀ █▄▀ ▀▄▀▄▀ ▀ █ █ █▄█ ▀▄█ ▀▄█ ▀▄█ ▀ █▄▀▄█▄▄▄▄▄▄▄█
█  ▄ ▄▀▄▄▄ ▀█▄▄▀▄▄▄▄▀▄▀█▀▀▄▄  ▄ ▀█▀██  ███ ▀▀▀██▀ ▄█ █▄▀▄▀█
██▄█ ▀ ▄ ▀▄▄▄█▄ ██▀ ▀▀▀    ▄█▀ █▀▀ ██▄▀█  ██▄██ ▀▀▄ ▄▄▀▀▄▀█
███▀▄▄ ▄█▄█ ▄▄▄▄▄▄▀ ▀█▀▄▄▀▀  ▀▀█▄██▄▀▄ █▀█▀▀ █▀█▀ ▀▄▀▀█▄▀▀█
█ ▄█▄▄█▄   ▄█▄▄▀▀█▄▀▀▄██▀ ▀▄▀█▀▄▄ ▀██▄█ ▀▀▀▀ ▀▀ ▀▀▀▀▀█ ▀▀▀█
█ ▄▄ ▄ ▄▀█▄▀▀ ▄██▄▄▄▀█▀█▄▀ ▄▀ ▀ ▄▀ █▄▄▀▄█▀ ▀█▀▄█▀  ▄█▀▀ ▄▀█
██▀▀▀██▄█▀▀▄▄█▀██ █▀▄▀▀▀▄▀█▄█▄▄  ▀█   ██▄▀▄▄▄█▄ ▀ ▄▀█▄  █▀█
█  ▄   ▄▀█▄ ▄ ▀█▄▀▄▄▄██▀▀▄  █▀▀ ███▄ ▄ ▄ █   ▀▄█▄▀▀███▀   █
█▄▄ ███▄ ▀ ██▄▀▄▄ ▄ ▄█▀ ▀█▀ █▀  ▄▄█▀ ██ █  ▄▄ ██  ▄▄▄█▀▀▀██
█▀▄ ▀█▀▄ █▀██ █▄▀▄█▄█▄█▀▀ █▀▄▀  ▄ ▄ ▀  █ ▀ ▀▄▀██ ▀▀██▀▄   █
█▄  ▄ ▄▄▄  ▄▀▀▄▀▄█▄█ ▀▄█ █  ▄▄▄ ▄▄ ████  █ ▄ ▀ ▄▄ ▄▄▄ ▀ █▀█
█  ▀▄ █▄█ ██ ▄▀ ▀▄▄▀▀█▄█▄▀▀ █▄█  █ ▄   ▄█▀▄▀█▀▄█▄ █▄█ ██▀▀█
█▄▀█ ▄ ▄▄ █ ▀▄▄ ██▄██▄█▄██▄▄▄  ▄ ▀▄  ██▄▀█▄█▀ ▄▄▀▄ ▄ ▄▀▀ ▀█
█▀▀█▄▀ ▄█ ▄█▄█ █▄█▄ ▀▄█▀ ▀███▄▀ █▀▀█  █▄▀█▀▀ ▀██▀█▄▄▄█▄█▄▄█
█  ▄▄  ▄█ ▀▄  ▀█▀▄ █▀▀▄▀███▄██▀ ▄█ ▄▄  ▄ ▄█▄▄▀ ▀▀▀▄▀ ▄▀  ██
█▄  █ █▄▄▀▀▄▄█▀ ▀█  ▀▀▀▀▄ ▄▄▀███▄█▀█  ██▀█▀▀▀█▄▄█ ▄▀ ▄▀▀█▀█
█▀▀▄▄ █▄▀▀▄ ▀▀▀ ▀█▀█▀ ▀▀▄ ▄▀▀█ ▄▀█ ▄▀▀▄  ▄▄▄▄▀▄▀▄▄ ██▀  ▄▄█
█▄█▀▄ ▀▄  ▄ ▄█▀▀▀▄  ▄▄▀▀▀ █▀▄▄▀ ▀█▀█▄▄▀▄▀▀  ▄██▄▀▄▀▀▄▄█▄███
█▀ █ █ ▄█▀██ █▄▄ ▀▀ █▀▀ ▀ █▀█ ▄ ▀▀▀▀█▀▀▄ ▀▀▀█  ▄▀█ ▀▄▀ ▀ ▀█
██▄▄▄▄▄▄ ▀▄ ▄ ▀█▀▄▀  ▄▀▄▀ █▀▄▄██▄██▄▄▄ ██▀▀▀ █▀▄▀▀▀▀█▄█ ▄▀█
█ ▀ ▀▀▄▄█ ▀███ █ ▀███  ▀▄  ▄█ ▄▄█▀▄▀ ▄▀▄█▀▀▀▀▄█  ▄▄██▄  ▄██
███████▄▄▀█▀█▀█▀▄█▄ ▀██▀▀ █ ▄▄▄ ▄█ █▀▄▀▄█▀ ▀ █▄█▀ ▄▄▄ ▀▄ ██
█ ▄▄▄▄▄ █▄▀ ██▄▄▀▀▄  ▄█▀▀▀█ █▄█ ▀█▀ █▄█▄▄▀█▀  ▄▀▀ █▄█ ▀▀ ██
█ █   █ █ ▄▄▄█▄ ▄▀  ▄██▀▀▄ ▄ ▄ ▄ █▀▄ ▄██▄▀▄▀ ███▀▄ ▄▄ ▀▀▄▄█
█ █▄▄▄█ █  ██ ▄ ▄ ▀ ▄█▀▄▀█▄██▀▀████  █ ▄▄ ▄█▀▀ ▀▄▄▀█▄▀▀ ███
█▄▄▄▄▄▄▄█▄▄█▄▄▄▄▄▄▄▄▄▄▄█▄▄▄████▄▄▄▄▄▄▄█▄████▄█▄██▄██▄██▄▄██

2025-08-29T20:16:15: 
2025-08-29T20:16:35: 🎯 QR Code detected! Displaying...
2025-08-29T20:16:35: 📱 Scan this QR code with your WhatsApp!
2025-08-29T20:16:35: 🔗 Or copy this link to scan:
2025-08-29T20:16:35: https://api.qrserver.com/v1/create-qr-code/?size=300x300&data=2%40A%2FpeJTsL0%2FO%2BjTincpYOpzoQWeLXD52om80Y7TNvfC2BrM2L1pCjko%2Fpj4fQcL4sDYPYht76EAUk6eT0gWKTuBHgHVQJQyYW4Go%3D%2C0f6h0QOo6NpHQJ40FsgzrFAhoTX51jdow5HnlaZLdFE%3D%2CZMIj5C9ZS7gDncd06Mc%2FOQ%2B0uLx5zogPF64TOEfNvl8%3D%2Cgd%2BQh45gfGB2fUDM%2FOVRx4Euohxfg3oYjrB9IIjfzY0%3D
2025-08-29T20:16:35: 
2025-08-29T20:16:35: ▄▄▄▄▄▄▄▄▄▄▄▄▄▄▄▄▄▄▄▄▄▄▄▄▄▄▄▄▄▄▄▄▄▄▄▄▄▄▄▄▄▄▄▄▄▄▄▄▄▄▄▄▄▄▄▄▄▄▄
█ ▄▄▄▄▄ █▀  ▄▄▄ ▀██▀▄█▀▄  ▄█ █▀▄█▀▀▀ ▀▄█▀█ ▄▀█▄▄ ██ ▄▄▄▄▄ █
█ █   █ █▀▄▀▄▀▀▄██  ██▄█▀ ▀█▄██▀ ██ ▄▀▄ ██▀▄▀▄ ▄ ██ █   █ █
█ █▄▄▄█ █▀  ▄▄▀▄▄█▀▀▄ ▄█▀ █ ▄▄▄  ▄▀█  ▄▀█ ▀▄▀ ▀▀▄██ █▄▄▄█ █
█▄▄▄▄▄▄▄█▄▀ █▄▀ ▀▄▀▄▀ ▀ █ █ █▄█ ▀▄█ ▀▄█ ▀▄█ ▀ █▄▀▄█▄▄▄▄▄▄▄█
█  ▄  ▀▄  █▀ ▀▄▀▄▄▄▄▀▄▀█▀▀▄▄  ▄ ▀█▀██  ███ ▀▀▀██▀▀ █ ▀▄▀▄▀█
██▄█  ▀▄ █▀ ▄█▄ ██▀ ▀▀▀   ▀▄█▀ █▀▀ ██▄██  █▀▄██ ▀▀█▀▀█▀▀▄▀█
████ ▄ ▄▄▄▄█▄▄▄▄▄▄▀ ▀█▀▄▄▀▀▀▄▀▀█▄█▄▄▀▄ █▀█ ▀ ██▄█▀▀▄███ ▀▀█
█▄  █▄█▄▀  ▄█▄▄▀▀███▀▄ █▀ ▀▄ █▀ ▄ ▄ █ ▄▀██ ▀ █▄██ ▀▀▀█▀ ▀▀█
█▀▀▀▀▄ ▄▀█▄▀▀ ▄█▀▄▀▄ ▄▀█▄▀ ▄▀ ▀ ▄▀▀▄▄ ▀▄▀▀   ▀██▀  ▄█▀   ██
█▄  ▀█▀▄█▀▀▄▄█▀█▄▀█▀  ▀▀▀▄█▄█▄█  ▀█  ▄▄█▀▀█▄█ █▀▀ ▄▀█▄   ██
███▄ ▄ ▄▀█▄ ▄▄▀█▄▀▄▄▄██▀▀▄  █▀▀ ▀██▄█  ▄▀▀   █▄█▄▀▀▄██▀ ▀ █
█▄▄ █▄█▄ ██▀█ ▀█▄ ▄ ▄█▀ ▀█▀ █▀  █▄█▀ ▄█ ▄  ▄█ ██   █▄▀▀▀▀██
█▀▄ ▀▀█▄█ ██▄███▀▄█▄█▄█▀▀ ██▄▀  ▄ ▄ ▀  █ ▀ ▀▄▀██▄▀ █▄▀▄   █
█▄  ▄ ▄▄▄  ▄█  █▄█▄█ ▀▄█ █▄ ▄▄▄ ▄▄▄▀██▀▄ █▄  ▀▄   ▄▄▄ ▀ █▀█
█  ▀  █▄█ █▄ ▄▄ ▀▄▄▀▀█▄█▄▀▀ █▄█  ██▄   ▄█▀▀ █▀▀▄▀ █▄█ █▄▀▀█
█▄█▀█  ▄ ▄█ ▀▄▄ ██▄ █▄▄▀██▄ ▄  ▄ ▀▄  ██▄██▄ █▄▄▄  ▄▄▄▄   ▀█
█▄█ ▄▀ ▄ ▀▄█▄█ █▄█▄▄█▄▀▀▀ ██▄█▀ █▀▀█▀▄ █▀█▀▀ ▀ ██▄▄▄▄▄██ ▄█
█ ▀    ▄▄ ▀▄  ▀█▀▄ █  ▄▀█▀█▄▄▄▀  █ ▄▄  ▄▄ █▄▄▀▀  ▀▄▀ █▀ ▄██
█▄  █ █▄▄▀▀▄█▀▀ ▀█  ▀▀▀▀▄ ▄▄▀█▄█▄█▀█▄ ██▀█▀▀▄█▄▄█ ▄▀ ▄▀▀▄▀█
█▀▀▄▄ █▄▀▀▀█▀▀▄ ▀█▀█▀ ▀▀▄ ▄▀▀█ ▄▀█ ▄▀▀▄  █▄▄▄▀▄▀▄▄ ██▀  ▄▄█
█▄█▀▄▀▄▄  ▄ ▀██▄▀▄  ▄▄▀▀▀ █▀▄▄▀ ▀█▀█▄▄▀▄▀▀  ▄██▄▀▄▄█▄▄█ ███
█▀ █ ▀ ▄█▀ █████ ▀▀ █▀▀ ▀ █▀█ ▄ ▀▀█▀█▀▀▄ ▀███   ▀▄ ▀▄▀▄  ▀█
██▄█ ▄█▄██▄▄▄ ▄▄▀▄▀  ▄▀▄▀ ▄█▄▄██▄█▀█▄▄ ██▀   ██▄██▀█▀▄██▄▀█
█ ▀ ▀▀▄▄ ▀▀███ █ ▀▄▄█   ▄ ▀▄█ ▄▄█▀█   █▀▀██▄▀▄ ▄█▄ █▄█▀ ▄██
███████▄▄ █▀█▀█▀▄▄  ▀▄▀▀▄▀█ ▄▄▄ ▄█ █   ██▀▀  ▀▄█▀ ▄▄▄  █▄██
█ ▄▄▄▄▄ █▄▀ ██▄▄▀█▄ ▄ █▀ ▄█ █▄█ ▀▀▀ ▀▀▄██▀█▀ █▄ ▄ █▄█ ▀▀ ▀█
█ █   █ █ ▄▄▀ ▄ ▄▀  ▄██▀▀▄ ▄   ▄██▀▄▄ ███▀▄▀▄▀██▀▄ ▄▄ ▀▀███
█ █▄▄▄█ █    █▄ ▄ ▀ ▄█▀▄▀█▄█▀▀▀██▄█  █ ▄█ ▄█▀  ▀▄▄▀██▀▀ ███
█▄▄▄▄▄▄▄█▄▄▄▄▄█▄▄▄▄▄▄▄▄█▄▄▄████▄▄▄▄▄▄▄█▄████▄█▄██▄███▄█▄▄██

2025-08-29T20:16:35: 
2025-08-29T20:16:55: 🎯 QR Code detected! Displaying...
2025-08-29T20:16:55: 📱 Scan this QR code with your WhatsApp!
2025-08-29T20:16:55: 🔗 Or copy this link to scan:
2025-08-29T20:16:55: https://api.qrserver.com/v1/create-qr-code/?size=300x300&data=2%400g75T5wduGYIpcSdtZllI9BwrwEtU6lm7qIclb5dXebjwspiARNTIl0r8xXKxKKujxd%2FfuUM8ULThkMcpMyXd5lCGBDPZP%2BRdZk%3D%2C0f6h0QOo6NpHQJ40FsgzrFAhoTX51jdow5HnlaZLdFE%3D%2CZMIj5C9ZS7gDncd06Mc%2FOQ%2B0uLx5zogPF64TOEfNvl8%3D%2Cgd%2BQh45gfGB2fUDM%2FOVRx4Euohxfg3oYjrB9IIjfzY0%3D
2025-08-29T20:16:55: 
2025-08-29T20:16:55: ▄▄▄▄▄▄▄▄▄▄▄▄▄▄▄▄▄▄▄▄▄▄▄▄▄▄▄▄▄▄▄▄▄▄▄▄▄▄▄▄▄▄▄▄▄▄▄▄▄▄▄▄▄▄▄▄▄▄▄
█ ▄▄▄▄▄ █▀  ▄▄▄ █▀▄▀█▀▀█  ▄█ █▀▄█▀▀▀██ █▄█▄▄█▀▄▄ ██ ▄▄▄▄▄ █
█ █   █ █▀▄▀▄▀▀▄▄▄  ██▄█▀ ▀█▄██▀▀▄█ ▀▀▄ █▄▀▄ ▄ ▄ ██ █   █ █
█ █▄▄▄█ █▀▄▄█▄▀▄▄█▀▀▄ ▄█▀ █ ▄▄▄ ▀▀▀█▀▀▄▀ ▄▀▄▀█▀▀▄██ █▄▄▄█ █
█▄▄▄▄▄▄▄█▄█ █ ▀ ▀▄▀▄▀ ▀ █ █ █▄█ ▀▄█ ▀▄█ ▀▄█ ▀ █▄▀▄█▄▄▄▄▄▄▄█
█  ▄  ▀▄ ▄▄██▀▄▀▄▄▄▄▀▄▀█▀▀▄▄  ▄ ▀█▀██  ███ ▀▀▀██▀▀▄█▄█▄▀▄▀█
██▄█ ▀ ▄▀██  █▄ ██▀ ▀▀▀   ▀▄▀▀ █▀▀▄▀█▄▀█  ▀▀▄██▄█▄▄ █▄▀▀▄▀█
███ ▄▄ ▄▀▀▄ ▄▄▄▄▄▄▀ ▀█▀▄▄▀▀ ██▀█▄█▄█▀▄ ▄▀█▀  ██▄▀ ▀▄██▀ ▀▀█
█  █▀▄█▄▀  ▄█▄▄▀▀██▀▀▄ ▀▀ ▀▄▀██ ▄   ▀ ▄▄▀█   █▀▀  ▀▀▀██ ▀▀█
██▄▄▀▄ ▄▀█▄▀▀ ▄█▄█ ▄ ▄▀█▀  ▄▀ █▀▄▀▀▄▄ ▀█▀▀█  ██▄▀  ▄█▀▀▀▄▀█
█ ▀▀▀██▄█▀▀▄▄█▀█▀ █▀██▀▀▄▄█▄█▄▄▀▄▀█  ▄▄█ █▄██ ▄▀▀  ██▄  ▄██
█▄ ▄   ▄▀█▄ ▀ ▀█▄▀▄▄▄██▀▀▄  █▀▀  ▀█▄▀  ▄██   ▀▄█▄▀████▀ ▀ █
█▄▄ █▄▀▄ ▀▄▀▀ ▄█▄ ▄ ▄█▀ ▀█▀ █▀  ███▀ ▄█ ▄  ▄█▀██  ▄  █▀▀▀██
█▀▄ ▀ █▄▀▀▄ ▄ █ ▀▄█▄█▄█▀▀ █▀▄▀  ▄ ▄ ▀  █ ▀ ▀▄▀██▀▀▀███▄   █
█▄  ▄ ▄▄▄ ▀ ▄█▄▄▄█▄█ ▀▄█ █▄ ▄▄▄ ▄▄▄▀███▄ █▄▄ ▀  █ ▄▄▄ █ █▀█
█  ▀  █▄█ █▄ ▄▀█▀▄▄▀▀█▄█▄▀▀ █▄█  █▀█  ▀▄█▀▀▀█▀██▄ █▄█  █▀▀█
██▄█▀▄ ▄ ▄█ ▀▄▄ ███▀█▄▀ ██▄ ▄  ▄ ▀█ ▄█▄ ▀█▀▀▀ ▄▀ ▄ ▄▄▄ ▀ ▀█
█  ██▀ ▄██▄█▄█ █▄█  ▄▄██▀▀██▄▄▀ █▀▀█▄▄▀▄█▀   ████▄▄▄▀▄██  █
█ ▄    ▄▀█▀▄  ▀█ ▀ █▀▀▄▀█ █▄ ▀▀ ▄▀ ▄▀  ██▀██ ▄  ▀▀▄▀█▄▀ ▄▀█
█▄▀ █ █▄▄▀▀▄▀▄▀ ▀█  ▀▀▀▀▄ ▄▄▀█   █▀█▄ ██▄█▀▀ ▀▄▄█ ▄▀ ▄▀▀█ █
█▀▀▄▄ █▄▀▀ ▄█ ▄▄▀█▀█▀ ▀▀▄ ▄▀▀█▄▄▀▄ ▄  ▄  ▄▄▄█▀▄▀▄▄ ██▀  ▄▄█
█▄█▀▄ ▄▄  █▀█▄▄█▀▄  ▄▄▀▀▀ █▀▄▄▀ ▀█▀█▄▄▀▄▀▀  ▄██▄▀▄ █▄▄█ ███
█▀ █ █▀▄█▀ █▀▄ █ ▀▀ █▀▀ ▀ █▀█ ▄ ▀▀███▀▀▄ ▀▀██   ██ ▀▄▀▀  ▀█
██▄ ▀▄ ▄▀█▀▀▄ ▀▀▀▄▀  ▄▀▄▀ ▄ ▄▄██▄██▄▄▄ ▄█▀▀  ████▄ ███▀▀▄▀█
█ ▀ ▀▀▄▄▀█▀███ █ ▀█▀█ ▀█▄   █ ▄▄█▀█   ██▀█▀██▄▀▄ ▄▄███▀▀▄██
███████▄█▀█▀█▀█▀█▄▄ ▀▄▀█ ▀█ ▄▄▄ ▄█ █ ▄███▀▀ ▄██▄▀ ▄▄▄  █▄▀█
█ ▄▄▄▄▄ █▄▀ ██▄▄▀ ▄ ▄▀█▀▄▀█ █▄█ ██▀ ▀██▄ ██ █▀█   █▄█ ▀▀ ██
█ █   █ █ ▄▄▄▀▄ ▄▀  ▄██▀▀▄ ▄▄▄ ▄ █▀▄  ██▀█▄▀▄███▀▄ ▄▄ ▀▀▄██
█ █▄▄▄█ █ ▀▄▀ ▄▄▄ ▀ ▄█▀▄▀█▄█▀█▀████  ▄ ▄█ ▄█▀▀ ▀▄▄▀█▄▀▀ ███
█▄▄▄▄▄▄▄█▄▄█████▄▄▄▄▄▄▄█▄▄▄████▄▄▄▄▄▄▄█▄████▄█▄██▄█████▄▄██

2025-08-29T20:16:55: 
2025-08-29T20:17:15: 🎯 QR Code detected! Displaying...
2025-08-29T20:17:15: 📱 Scan this QR code with your WhatsApp!
2025-08-29T20:17:15: 🔗 Or copy this link to scan:
2025-08-29T20:17:15: https://api.qrserver.com/v1/create-qr-code/?size=300x300&data=2%40%2Bmsgzkr4EExRGDWMOvEZyGGWyk1cZu3AYOCvtMOAUeTAvgE9HrC9Qs6nPA00ePhNE0fQevDlNKu5ze5EJWTjUqkS6rLnOnxb%2BNU%3D%2C0f6h0QOo6NpHQJ40FsgzrFAhoTX51jdow5HnlaZLdFE%3D%2CZMIj5C9ZS7gDncd06Mc%2FOQ%2B0uLx5zogPF64TOEfNvl8%3D%2Cgd%2BQh45gfGB2fUDM%2FOVRx4Euohxfg3oYjrB9IIjfzY0%3D
2025-08-29T20:17:15: 
2025-08-29T20:17:15: ▄▄▄▄▄▄▄▄▄▄▄▄▄▄▄▄▄▄▄▄▄▄▄▄▄▄▄▄▄▄▄▄▄▄▄▄▄▄▄▄▄▄▄▄▄▄▄▄▄▄▄▄▄▄▄▄▄▄▄
█ ▄▄▄▄▄ █▄▄   ████ ▄▄██▄ ▄▄▀▄██ ██▀██▀▄█ ▀▄▄█▄ ▄ ██ ▄▄▄▄▄ █
█ █   █ █ █ ▄  ▄██ ▀█▄█▄▀  ██▄█  █▄▀▄ █ ▄▄▀█ █▀▄ ██ █   █ █
█ █▄▄▄█ █▄▀ ▀ ██▀▀ ▄ ▀▀▀ █▀ ▄▄▄ █▄▄▀▀█     ▀▄ ▄▀▄██ █▄▄▄█ █
█▄▄▄▄▄▄▄█▄█ █▄▀▄█▄█ ▀▄█ ▀▄█ █▄█ ▀ ▀ █ █▄█▄▀▄▀▄▀▄█ █▄▄▄▄▄▄▄█
█  ▄ █▀▄▀ ▄ █▀█▀██▄█ ▄ ▄▀ ▀▄  ▄  █ ▄█▀▀█▄▄   ▀▄▄▀  █▀▄▄ █ █
█  ▄██▀▄█▄▀  █ ▀ ▀ ██ ▄▄▀██▄ ▀▀ █ █▀▄▀█▄█▄   ▄  ▄ ▀  ▄ ▄  █
█▀█▄█▄▄▄▀▄▄▀  ▄  ▄█▄▀▀█▄ █▀█▀██▀▄▀▀▄█   ██▄█ ▀▀██▄▀ ▀▀█▄▀██
█▀▄ ███▄ ▀▀████▀ ▄█▀ ▄▀ ▀▀ ▄ ▄▀██ █▄█▀▀  ▄  █▀▄█ ▀ ▀ ▄▀  ▀█
█▀▄ ▄ ▀▄█▄▀█ █ ▄▀ ████▄▀ █▄█▄▄▀█  ▄▀▀▀██▄█▀█ ▄▄▀ █▄█ █▀█  █
█▄ █▄▀█▄███▄ ▀▀▀▄█▀█▀ █▀  █ ▀▄▀▄ █▀ █▀█▀▄█ ▀▄▀▀ █▄▄█▀▄▄▄▄▀█
█ ▄▄▀▄▀▄ ██▀▀▄ ██ ▄███▄ ▀█▀ ▄ ▀▀█▀▄█▄█▀▄▄  ▀▀▀█▄▄  ▄▄▄▀▀ ▀█
█▀ ▀ ▄█▄▄  ██▄  ▀▄██ ▄▄▄  █▀ █▀█ ▄ █  ▀▀ █▀▀   ▀▀██▀██ ▄█▄█
██▄▄█▀ ▄██▀ ▄▄▀ █▄▀ █ ▀▀█▄█▀ ▀▄▄▄▄  █▄ ▀▄▀▄█▄█▀█▄█▀ ██ ▄ ▄█
██▀ █ ▄▄▄ ▀▄█ ▀▀█▄▄▄▀▀█▄ ▄  ▄▄▄ █▄▀▄█▄▄ ▀▄ ▀▀▀▀▀▄ ▄▄▄ █▀▄▀█
██▄█▄ █▄█ █▀▀▀█▄▄ █▄█▄▀▀█▄█ █▄█ ▄▄ ▀▀█▄▄ █ ▄▀ ▀▀█ █▄█ ▄▄█ █
█▀▀▄▄  ▄  ▀ █ ▄▄▀██▄█  ▀▀▀▄▄  ▄  █▀▀ ▀▀▄▀▀▀▄▀ ▀█▀ ▄  ▄▄▄ ██
██▄▄▀  ▄█▀█▄▄▄▀█▄▄▀██▄█ ▄ ▄███▀▀▄▀ ▄██▀▄   ▀▀▀▄▄███▄███▄▀ █
█  ▀ ▄▀▄▀▄▄ ▀██▄ ▀▀  █▀█▀█▀█ ▀ █▄ █  ███▄▀▄ ▄▄██ ▄  ▄  ██▄█
█▀▀▄▀ ▀▄▄██▄▀ ▀▄██▄▄▀██▀ ▄▄ ██▄▀ ███▄ █▀▀███▄▀ ▄▀▄▄█▄▄██▄██
█  ▄█▀█▄ ▀▄▀ █▄▄ ▄▀▄    ▄▀█▀ ▄▄▀ █▀█▀▀█ ▀█▄██▀█ ▄█▀█▄  ▀█▄█
█▀▀ ▀▄▀▄▄▀▀  ▄▀ ▄ ▀█ █▄█ █▀ ▀  ██▄▄▀█▀██▄█▀█ ▄   ▀█▀▀ ▄▀▀▄█
██ ▀▄▄▄▄██ ▀▀▄▄█▄▀█▄███ █▄██▀  ▄▀██▀▀██▄▄▀███▄▄▄██ █ ▀▄█ ██
█▄█▀▀█▄▄█ ▀ ▄▀██ █▀▀▀▄ █▀▀█▄███▄██▄▄▄██▄▄  ▀▀████▄  █▄▀ █▀█
█ ▀ ▀▀▄▄▀▀▄▀▄ ▄▄██▄█▀▀▀ ██▄█ ▄█▀▀ ▀██▀▄▀ ██▀██▀▀ ▄▄ ▀ ▀█ ▄█
███████▄█▀▀▀▀███ ▄█   ▀██▄█ ▄▄▄ ▄▀▄█ ▄▀  ▀▄█▄█▀█▀ ▄▄▄ ▄▀▄▀█
█ ▄▄▄▄▄ ██ ▀█▄█▄▀▄▄▀██▄   ▄ █▄█ ▄█ ▀█▄█▄█ ▄▀▄▄█ ▄ █▄█ ▀ █▀█
█ █   █ █▀▀    ▀▀█▀█ ▄ █ ▀▄▄    ▄ ▄ ▀█▀▄▄██▄▄  ▀  ▄▄ ▄ ▄ ██
█ █▄▄▄█ █  ▀▀ ▀▄  █▄▄▀█▄█▀▄▀▀██▀▄ ▀ █      ▀ █▄▀  ▀▀▀██▄█▀█
█▄▄▄▄▄▄▄█▄████████▄██▄█▄▄████▄███▄██▄█▄▄▄▄█▄███▄██▄█▄██████

2025-08-29T20:17:15: 
2025-08-29T20:17:35: 🎯 QR Code detected! Displaying...
2025-08-29T20:17:35: 📱 Scan this QR code with your WhatsApp!
2025-08-29T20:17:35: 🔗 Or copy this link to scan:
2025-08-29T20:17:35: https://api.qrserver.com/v1/create-qr-code/?size=300x300&data=2%40Rn259bQZS9y5LZUV%2BCjRrK1QWRHWJOXxP8ysO%2BBBGh6zL2JeOuf3RYMeRo2muRCtfogvYzwGOBgOkUK9OBKt4f8xRnoFjjRV%2FFQ%3D%2C0f6h0QOo6NpHQJ40FsgzrFAhoTX51jdow5HnlaZLdFE%3D%2CZMIj5C9ZS7gDncd06Mc%2FOQ%2B0uLx5zogPF64TOEfNvl8%3D%2Cgd%2BQh45gfGB2fUDM%2FOVRx4Euohxfg3oYjrB9IIjfzY0%3D
2025-08-29T20:17:35: 
2025-08-29T20:17:35: ▄▄▄▄▄▄▄▄▄▄▄▄▄▄▄▄▄▄▄▄▄▄▄▄▄▄▄▄▄▄▄▄▄▄▄▄▄▄▄▄▄▄▄▄▄▄▄▄▄▄▄▄▄▄▄▄▄▄▄
█ ▄▄▄▄▄ █▀▀█  ▄▀▄▄ ▄ ▄ ▀▄ ▄▄▀ █ █ ▄ ██▄▄▄██ ▀▄█▄ ██ ▄▄▄▄▄ █
█ █   █ █▄█ ▀▀█▄█▄█▄ ██▄█████▄ █▀▄▄▀█▄  ▄▄▄ ▀▄▀▄ ██ █   █ █
█ █▄▄▄█ █ ▀ ▄▄▄▀██▀█▀███▀▄  ▄▄▄ ██ █ ▀▀▄ █▀ ▄▀ ▀▄██ █▄▄▄█ █
█▄▄▄▄▄▄▄█ █▄▀▄▀ ▀ █ ▀ ▀▄▀▄█ █▄█ ▀▄█▄█ █ ▀ ▀▄▀ █ █ █▄▄▄▄▄▄▄█
█▄▄█ ▀▀▄ ▀█▀ █ ▀██▀ █▄ ▄▄█▄▄   ▄██ ▄ ▄▄█▄▄███▀▄▄█▄█▄▄ ▀▄ ▀█
█▀▀ ▀  ▄██ ███▀█▄█▀▄▄▄   ▄▄▀▄▀ ▀▄▄▀▀█   ▀ █▀▀   ▄▀ ▄▄▀▀█▀▄█
█▀█▀▀▀▄▄▀▀█▀  ▄██▀█▄▀▄ ▀ █ ▀▀ █▀▄▄█ █  ▄  ▄█ ▄▄  █▀██ █▄▀ █
█▄█ ▀█ ▄▄ ▀█   ▀ ▄  █▄▄▄▄▄█▄▀█     █ ▄▄█  ▄▄▄▀▄█▀██▀ ▄███▀█
█▄ ▀█▄ ▄▄ █▀▀▄▀ ██▄ ▄▀ ▀▀▄█▀   █▀▄ █  ▄▀ ▀▀▄█▄▄█▀▄█▀▄▀ █▀▄█
█   ▄ █▄█  ▀ ▀▀▄▀▀▀█   ▄▄▄██▄▀▀▄▄▄▄█ ███▄█▀▀▀██▄█▄▄ ▄▀▄▄  █
██ ▄▀█▄▄███▀▄▄███ ▀  █▄ ▄ ▄ ▄ ▄▄▄▀▄█▀ ▄▄█ █▄▄██▄▀█▄█▄▄▄▄▄ █
█ ▀█▄▄▀▄█▄█▀  █▄█ ▄▄▀   ▀▀▄█▄▀ ▄  ▄▀▀▀ ██   ▀▄▄█ ▄▄█▀█▀█▄ █
██▄▀ ▄▀▄▄█▀██▄▄█ ▀▀ ██▄▄█▄█ █▄▄▄▄▀███▄ ▄▀▄▄█▄ ▄ ██ █▄▄ ▄ ▀█
█ ▄ █ ▄▄▄ ▀▄ █▄▀█▄▀▀▄▀█▄█▀  ▄▄▄  ▄▀  ▀█▄▀▄▀▄▄▀▀▀█ ▄▄▄ ▄▄▀▀█
█▄█▄▀ █▄█  ▄  ▄  ▄▄█▄ ██▄█▄ █▄█ █ ██ ▄█▀▄▀ █ ▄ █  █▄█  ▄▄▄█
██▀▄ ▄▄▄  ▄██ ▄▀▄ ▄▀██ ▄▀▀█▄▄▄▄   ▄▄ ▀▄  ▄████ █  ▄▄▄ ██  █
█▄▄▄▀ █▄█ █▄▀▀▄█▄▄▄ ███ ▄█▀███▄▄▀▀ ▄  █▄   █ ▀ █▄▄ ▄ █▀   █
█▀▄▀▄  ▄█▄ ▄ ▄▄ ▄█ ▀▀▄█▀█▀ ▀▄▄▀▄█▄▀▄▄▄▄▀▀█▄▀▄    █▀▄▀▄▀▄▀▄█
█ █▀▄█▀▄▄  ▀▄█▀▀  ▄▄▀  ▄ ▄▄█  ▀  ▄  ▄ █▄ ▄██▄ █▀▀▄▄ ▀▀██▄ █
███▄█▀ ▄█▀▀  ▄▀▀ ▄▄▀█   ▀▄ ▀ ▄▀▄█▄▀██▄  ▀▄▀ ▀ █ ▀ ▄█▄ █▄ ▄█
█  ▄█ █▄██▀▀ █▀  ▄ ▄▀▀ ▀▀▄ ▄█▄▀▄▄  █▄ ▄▀ ▀ ▄▀ ▄▄▀  ▄█▄█▄  █
██ ▄▀█ ▄█ █ █▄▄ ▀▄█▄█  ██▄▀ ▄█ ▄▀   ▀███▀▄▀▀█▀█▀▀  ▄█▄██  █
█▀ ▄▄▀█▄ ▀ ▀▀▄▀▀ █▄▄▄▄ █▄▄▀▄██ ▀ █▀▄▀ █▄▄ ▄█▄█▄▄▄▀▀▀▄█ ▀ ▀█
█ ▀ ▀▀▄▄▄▀ ██▀█ ▀▀█  ██▀▄▄█▄▄ ▄  ▄▄  ▄ ▄▄█▄  ▀▀▀█▀▀▄▀  ▄▀ █
███████▄▄ ▄▄▀██ ▄▀   ▄▄ █▄█ ▄▄▄ ▄▄▀   ▀█  █▄  ▄ █ ▄▄▄ ▄▀▄ █
█ ▄▄▄▄▄ █▄ ▀ ▀ ▄▄ ▀▄▀▄▄  █▀ █▄█ █▀ ▀▄▄ ██▀▀█▄▄█   █▄█ ▄█ ██
█ █   █ █▀█▄ ▀▀██▀ ▄▀ ▄▀▀ █  ▄  ▀  ▄▄▄   ▀▄█▀ ▄█▀ ▄ ▄ ▀█▀ █
█ █▄▄▄█ █▀ █ ▄▀▄███▄▄▄ ▀█▀▄▄ ▄█▀██▄██▀ ██▄ ▀ ▀▀▄  ▀▄▀▄█▄█▄█
█▄▄▄▄▄▄▄█▄████▄▄███▄▄▄█▄█▄▄██▄▄▄▄▄███▄█▄▄▄▄█▄██▄▄▄██▄█▄▄▄██

2025-08-29T20:17:35: 
2025-08-29T20:17:55: {"level":30,"time":"2025-08-29T19:17:55.972Z","pid":17372,"hostname":"LAPTOP-R3IJ5HFS","class":"baileys","trace":"Error: QR refs attempts ended\n    at Timeout.genPairQR [as _onTimeout] (C:\\Users\\55519\\Desktop\\DIGITAL MARKETING\\SAAS AND APP DEVELOPMENT\\Caio Website Personal Brand\\caio_personal_brand_current_one\\node_modules\\@whiskeysockets\\baileys\\lib\\Socket\\socket.js:485:21)\n    at listOnTimeout (node:internal/timers:588:17)\n    at process.processTimers (node:internal/timers:523:7)","msg":"connection errored"}
2025-08-29T20:17:55: 🔄 Scheduling reconnect attempt 2/10 in 10s...
2025-08-29T20:18:05: 🚀 Starting WhatsApp service...
2025-08-29T20:18:06: 📱 WhatsApp service started. Waiting for connection...
2025-08-29T20:18:06: {"level":30,"time":"2025-08-29T19:18:06.244Z","pid":17372,"hostname":"LAPTOP-R3IJ5HFS","class":"baileys","browser":["Chrome (Linux)","",""],"helloMsg":{"clientHello":{"ephemeral":"GeMEkBBsVtEfHECsimc5W8U2SPpITcD9a6MthPAqn24="}},"msg":"connected to WA"}
2025-08-29T20:18:06: {"level":30,"time":"2025-08-29T19:18:06.405Z","pid":17372,"hostname":"LAPTOP-R3IJ5HFS","class":"baileys","node":{"passive":false,"userAgent":{"platform":"WEB","appVersion":{"primary":2,"secondary":3000,"tertiary":1023223821},"mcc":"000","mnc":"000","osVersion":"0.1","device":"Desktop","osBuildNumber":"0.1","releaseChannel":"RELEASE","localeLanguageIso6391":"en","localeCountryIso31661Alpha2":"US"},"webInfo":{"webSubPlatform":"WEB_BROWSER"},"connectType":"WIFI_UNKNOWN","connectReason":"USER_ACTIVATED","devicePairingData":{"eRegid":"AAAAYA==","eKeytype":"BQ==","eIdent":"sjSc2pJdme3cHZjk7N65+lJd0D1RnpKAcMfh2Fg8bmc=","eSkeyId":"AAAB","eSkeyVal":"fzZefcyyXYiGcqDSoUIZeCt4Lfkbv0snpKKdQIPpZTA=","eSkeySig":"XeZLDGT6dQadRD6Ts6PveMpDLO0K7EgvOjtnmAYpQfvRAgfiFqc0Pmdl7oBwLqbD8eKZuZk5Ph7cPGhrAijtBg==","buildHash":"c9lQeUMlTdrMrIi/+YcPiA==","deviceProps":"Cg5DaHJvbWUgKExpbnV4KRgHIAA="},"pull":false},"msg":"not logged in, attempting registration..."}
2025-08-29T20:18:06: 🎯 QR Code detected! Displaying...
2025-08-29T20:18:06: 📱 Scan this QR code with your WhatsApp!
2025-08-29T20:18:06: 🔗 Or copy this link to scan:
2025-08-29T20:18:06: https://api.qrserver.com/v1/create-qr-code/?size=300x300&data=2%40JpkeGTABme9S998Slgo%2FPAj2t0%2FTN4F8XlXbQ1psd67sR81ZlGPNEUPaX3ZvKUSYKl8oLQiaarYfRzMk0LrMi84syXfOQajoMos%3D%2C3G66tLEW9E92H2zBwdoGLzmkI6c0tEJIfC%2Bv6ycHtEk%3D%2CsjSc2pJdme3cHZjk7N65%2BlJd0D1RnpKAcMfh2Fg8bmc%3D%2CScCD8In7U3wvZSnul2HYSP6iOVieTLrstyuAsKTx%2FsA%3D
2025-08-29T20:18:06: 
2025-08-29T20:18:06: ▄▄▄▄▄▄▄▄▄▄▄▄▄▄▄▄▄▄▄▄▄▄▄▄▄▄▄▄▄▄▄▄▄▄▄▄▄▄▄▄▄▄▄▄▄▄▄▄▄▄▄▄▄▄▄▄▄▄▄
█ ▄▄▄▄▄ █▀ ▀██ ██▀ ▄ █ █▄ ▄▀▀█ ▄▀▄█▀ █▄█▄▄▄▄ ▀▄▄ ██ ▄▄▄▄▄ █
█ █   █ █▀▄██  █▄█  ██▄▄ ▀▀█▄█▀ ▄▄██▀ █▄▀▄█ ▀▄ ▄ ██ █   █ █
█ █▄▄▄█ █▀ ▄▀█▀█▄██▀▄ █▄▀ █ ▄▄▄ ▄█ ▀▀  █  ▄ ▄▄▀▀▄██ █▄▄▄█ █
█▄▄▄▄▄▄▄█▄█ █ ▀ ▀▄▀▄▀ █ █ █ █▄█ ▀▄█ ▀▄█▄█ ▀▄█▄█▄▀▄█▄▄▄▄▄▄▄█
█▄  ▄ ▀▄▄ ▀▄▀▀ █▀▄▄▄ █▄▀▀▀ ▄▄▄  ▀█▀█▀  ▄██▀ ▄█▄▄ ▀ █▄█▄▀ ██
█▄█▄▄██▄  █▀ ▄▄ ▄ ▀ ▀▀▀ ▀▀ ▄▄  ▄▀▀▄█▀▄██ █ █ ▀▄▄█▀█▄ █▀▀▄▀█
█  █ █ ▄▄██  ▀▄▄▄█▀ ▀▄▀▄▀  ▄ ▀▀███ ▄█▄▀▄█▀▀ ▄▀▀█▀▀ ▄███▄▄██
█ ▀▄ ▄▀▄ ▀█▄▄█ █▄██▀█ █▀██▄█▀██  ▀▀▄▄▄   ▀████▀  ▄███▀▀ ▄▀█
█▄   ▀ ▄█▄▄▀██▀▀██▀▄▀▄██▀▀▄▄▀   █▀▀▄   ▄▀█▄ ▄▀▄▄▄▀▀▄ ██▀ ▀█
█▄ ▀ ▄▀▄███▀ ▀▀███▀████▀██ ▄▀▄ ▀ █▀  █▄▀  ▄█▀█▄▀█ ▀█▀ ▄▀███
██▀█▀█ ▄▄▄█▄ ▀▀█▄▀▄ ▄█▀▀▀▄▀▀█▀▀ ▄▀█▄█▄▀▄██▀▀▄█▄█▄▀ ▄████  █
██  █▀▀▄ ▄▀█ ▄█▄▄ ▀▄▄█ ▄▀█▀ ▄ █ ██▄ ▄▀█  ██▀▀▄▀ ▄█▄█  ▀▀▀██
█ ▄▀▄██▄██ ▀█▄█▀▄▄▄ █▄▀▀▀ ██▄▀▀▀▄ ▄  ▄ ▄██▀▀ ███   ███▄   █
█  ▀  ▄▄▄   ▀ ▀ ▀▀▄█ ▀▄██▀  ▄▄▄ ▄▄ ▀▀▄ █▀▀ ▀ ▀ ▀▀ ▄▄▄ ▀  ▀█
█▀▀ ▀ █▄█ ▄▀▀▄ ██▄▄▀ ▄▄█ ▀▀ █▄█ ▄█▄██▄███▀ ▀▀▀██▄ █▄█ ▀▄▄▀█
█▀▄ ▄ ▄▄   █ █▀  █▀▄▀▀ ██▀▀ ▄▄▄▄▀▀█▀▄▀▄▄▄███▀▀█▀▀▄     ▀ ██
█▄▄▀ ▄▄▄ ██▀ ▀█▄██   █▀█  █▀▀▄▀ ▀▀▀█ ▄ ████ ▄███▀ █▄▄▄█▄█ █
████▀ ▀▄▄▀▀▄ █ █▀ ▀▀ █▀█▄  ▀▄█▀ ▄▀▄ ▄▀█  ▄ ▀   ▄██ ▀▀  ▀ ▀█
█▀▀ ▀▄█▄██▄▄▄▀ █▀█▀▄▀▀▀▀▄ █ ▀██ ▄█▄█▄ ▀▄▀█▀ ▀██▄▀▀█▄▄▄▄▀█ █
█▀▄ █▄█▄ █▄▄██ █▀█▀▄▀  ▀▄ ▄▄▀█ ▄▀▄ █ ▄▀▄▄▀█▀█ ▄ ▀▄ ███ ▀▄▄█
█ █▄█  ▄▄ ▀▄ ▄ ▀▄█▄ ▄▄▀▀▄▀█▀▄█▄▀▀█▀█ ▄▀███ ▀ ██▄██▄██▄██▀▀█
██ █▀ ▀▄ ▀ ▄ ▀ ▄ ▀▀ ▄▄▀ █▄█▀ █▄ ▀▀▀▀▄▀▄▄▄  ██ ▀█▀▄▄█▄▄▀▀ ▀█
█▀▀ ▄█ ▄▀  ▄█▀▄▄▀▄▀ ▀█▀▄▄▀▄███▄███▄█ ▄██▄█▄▀ ▀▀▄█▀█▀▄▄ ████
█ ▀ ▀▀▄▄ ▀▄ ▄▀▄█▀▄██ ▄▀ █▄▄▀██ ▄▄█▄ ▄▄█▄█▀▀▀██▀ ▄▄ █▀█▀ ▄▀█
███████▄█ █ ▄▄▄▀▄█ ▄ █▀█▄▀▀ ▄▄▄  ▀ █▄▄ ██▀▀ ▄█▀▄▀ ▄▄▄   █▄█
█ ▄▄▄▄▄ █▄▀▀▀▀ █▄▄▄▄ ██ █▄█ █▄█ ▀█▀ ▀▀█ ▄█ █▀▀▀ █ █▄█ █▀ ██
█ █   █ █    ▄▄█▄▀▄▄▄█▀█▀▄▄▄   ▄▄█▄▄ ▄▄▄█▀  ▀█▄▄▀  ▄   ██▄█
█ █▄▄▄█ █ █▄ ▀▀ ▄ ▄ ▄██▄▀█▄▀█▀▀█▄▄▄ ▄█▄ █ ▀▀█ ██  ▀█▀█▀▀███
█▄▄▄▄▄▄▄█▄██▄█▄██▄█▄█▄████▄█▄██▄▄▄▄▄█▄█████▄▄█▄▄████▄█▄█▄██

2025-08-29T20:18:06: 
2025-08-29T20:19:06: 🎯 QR Code detected! Displaying...
2025-08-29T20:19:06: 📱 Scan this QR code with your WhatsApp!
2025-08-29T20:19:06: 🔗 Or copy this link to scan:
2025-08-29T20:19:06: https://api.qrserver.com/v1/create-qr-code/?size=300x300&data=2%40wMOmh0hQop46TyVJAi3wEkJBBUguBK223V0jaJBGRK69lmayJi%2F29tU3dJrmZXRqFLbVTwaqDLnHSIvRPHKnH1K43YO3XffWCQg%3D%2C3G66tLEW9E92H2zBwdoGLzmkI6c0tEJIfC%2Bv6ycHtEk%3D%2CsjSc2pJdme3cHZjk7N65%2BlJd0D1RnpKAcMfh2Fg8bmc%3D%2CScCD8In7U3wvZSnul2HYSP6iOVieTLrstyuAsKTx%2FsA%3D
2025-08-29T20:19:06: 
2025-08-29T20:19:06: ▄▄▄▄▄▄▄▄▄▄▄▄▄▄▄▄▄▄▄▄▄▄▄▄▄▄▄▄▄▄▄▄▄▄▄▄▄▄▄▄▄▄▄▄▄▄▄▄▄▄▄▄▄▄▄▄▄▄▄
█ ▄▄▄▄▄ █▀ ▀██ ▄▀▀▀█ ▀ ▄▄▄▄▀▀█ ▄▀▄▀▀▄ ▀▀█ ▄ ▀ ▄▄ ██ ▄▄▄▄▄ █
█ █   █ █▀▄█▀  █▄█  ██▄▄▀▀▀█▄█▀ ▀███▄▀█▄▄██ ▀█ ▄ ██ █   █ █
█ █▄▄▄█ █▀ ▄██▀█▄██▀▄ █▄▀ █ ▄▄▄ ▄█ ▀▄█ █  ▄ █ ▀▀▄██ █▄▄▄█ █
█▄▄▄▄▄▄▄█▄█▄█▄▀ ▀▄▀▄▀ █ █ █ █▄█ ▀▄█ ▀▄█▄█ ▀▄█▄█▄▀▄█▄▄▄▄▄▄▄█
█▄  ▄ █▄▄▄ █ ▀ █▀▄▄▄ █▄▀▀▀ ▄▄▄  ▀█▀█▀  ▄██▀ ▄█▄▄▀  █▄█▄▀ ██
█▄█▄▄█▄▄  ▄▀█▄▄ ▄ ▀ ▀▀▀ ▀▀█▄▄  ▄▀▀ █▀▄██ █▄▀ ▀ ▄▄▀██ ▀▀▀▄▀█
█  ▀▄█ ▄ █ ▀ ▀▄▄▄█▀ ▀▄▀▄▀  ▄▄▀▀███ ▄█▄▀▄█▀  ▄▀ █ ▀ ▄███ ▄██
██▀▄ ▄▀▄▀▀█▄▄█ █▄█▄ █ ▄▄██▄█ ▄█▄ ▀█▄  ██ ████▀▀  ████ ▀▀▄▀█
█▀▄█▄▀ ▄█▄▄▀██▀▀██▄ ▄▄ ▀▀ ▄▄▀ ▀▀█▀▀▄ ▄ ▄███  ▀██▄▀▀▄ █▄ ▄▀█
█████▄▀▄███▀ ▀▀█ ▀▀█ ██▀▄▄ ▄▀▄▀ ▄▀▀ █ ▄▀ ▄▄██▄█ █ █▀▀ ▄▀▄██
█ ▀█▀█▄▄▄▄█▄▀▀▀█▄▀▄ ▄█▀▀▀▄▀▀█▀▀ ▄▀█▄▄▄▀▄█▀▀▀▄▀▄█▄▀██████  █
██  █▄▀▄  █▄ ▀▀ ▄ ▀▄▄█ ▄▀█▀ ▄ █ █▄▄ █ █  ▄█▀ █▀ ▄█ ▄▄ ▀▀▀██
█ ▄▀▄ █▄▄ ▄  ▀▄▀▄▄▄ █▄▀▀▀ █▀▄▀▀▀▄ ▄  ▄ ▄██▀▀ ███  ▀███▄   █
█  ▀  ▄▄▄ ▄███ ▄▀▀▄█ ▀▄██▀▀ ▄▄▄ ▄▄ █▀▄▄█▀▀▄█ ▀▄██ ▄▄▄ ▀  ▀█
█▀▀▄█ █▄█ ██▀▄▄ █▄▄▀ ▄▄█ ▀▀ █▄█ ▄█ ▄█▄▀▄█▀▄ ▀▀ █▀ █▄█  ▀▄▀█
█▀ ▄▀▄▄▄▄  █ █▀  ███▀▀█ █▀ ▄▄▄▄▄▀▀█ ▄▀▄▀▄█▄▀███▄▀▄▄▄ ▄▀▀ ██
█ █▀ ▄▄▄▀▀█▀ ▀█▄██ ▄ █▄▀ ▀█▀▄█▀ ▀▀▀█ ▄▀██▀  ▄█▄▄█▀█▄▄▄▄▄█▄█
██▄█  ▀▄▄ ▀▄ █ █  ▀▀▀█▀█▄  ▀ ▄▀ ▄▀▄ ▄ █  ▀▀ ▀▄▀███ ▀█  ▀▄▀█
█▄▄ ▀▄█▄██▄▄█▀ █▀█▀▄▀▀▀▀▄ █ ▀██▄▄█▄█  ▀▄██▀  ██▄▀▀█▄▄▄▄▀▄▀█
█▀▄ █▄█▄ █▄▀███▀▀█▀▄▀  ▀▄ ▄▄▀█▄ ▀█ █ ▄▀▄█▀█▀█ ▄ ▀▄ ███ ▀▄▄█
█ █▄█▄█▄▄ ▀▄▀▀  ▄█▄ ▄▄▀▀▄▀█▀▄█▄▀▀█▀█ ▄▀███ ▀ ██▄█████▄▀▀▀▀█
██ █▀ █▄ ▀ █ ▀▀▀ ▀▀ ▄▄▀ █▄▀▀ █▄ ▀▀▀█▄▀ ▄▄ ▄▀█ ███▄▄▀▄▄ ▀ ▀█
█▀▀▄▀▄▄▄▄▄█▀█▀ ▀▀▄▀ ▀█▀▄▄▀█▄██▄████▄ ▄ █▄█ ▀ ▀▄▄▀▄▄▄▄▄▀ ███
█ ▀ ▀▀▄▄██▄ ▄▀▄█▀▄█▄ ▄ ▀█▄▄▄██ ▄▄██▀  ▀▄█▀▄███▀█▄█▄▀█▄▀ ▄▀█
███████▄▄▀█ ▄▄▄▀██▄▄ ▄▄▀▀▀▀ ▄▄▄  ▀ █▄▄▀▄ █▄▀▄█▄▄█ ▄▄▄  ▀█▄█
█ ▄▄▄▄▄ █▄▀▀▀▀ ██▀▄▄▄▀█  ▄█ █▄█ ▀▀▀  ▄█ ▀█ █▀▀▀▀█ █▄█ █▀ ██
█ █   █ █   ▄▀▄█▄▀▄▄▄█▀█▀▄▄▄▄▄ ▄█▀▄▄ ▄▄▄█▀  ▄█▄▄   ▄ ▄ ████
█ █▄▄▄█ █ ▀▀  ██▄ ▄ ▄██▄▀█▄▀█▀▀█▄█▄ ▄▄▄ █▀▀▀▄▀██  ▀███▀▀███
█▄▄▄▄▄▄▄█▄▄▄▄█▄██▄█▄█▄████▄████▄▄▄▄▄█▄█████▄▄█▄▄█████▄▄█▄██

2025-08-29T20:19:06: 
2025-08-29T20:19:26: 🎯 QR Code detected! Displaying...
2025-08-29T20:19:26: 📱 Scan this QR code with your WhatsApp!
2025-08-29T20:19:26: 🔗 Or copy this link to scan:
2025-08-29T20:19:26: https://api.qrserver.com/v1/create-qr-code/?size=300x300&data=2%40Sd%2BWM4nvHTxH0gk%2BVThwZmhzTILh41ZZ0QCsd1TbbK93nobdtl3HMkLczJQA%2BLX%2FFu1o%2FgxJbfZB6v6RKaDqUzu7k6dtsTxd9Vc%3D%2C3G66tLEW9E92H2zBwdoGLzmkI6c0tEJIfC%2Bv6ycHtEk%3D%2CsjSc2pJdme3cHZjk7N65%2BlJd0D1RnpKAcMfh2Fg8bmc%3D%2CScCD8In7U3wvZSnul2HYSP6iOVieTLrstyuAsKTx%2FsA%3D
2025-08-29T20:19:26: 
2025-08-29T20:19:26: ▄▄▄▄▄▄▄▄▄▄▄▄▄▄▄▄▄▄▄▄▄▄▄▄▄▄▄▄▄▄▄▄▄▄▄▄▄▄▄▄▄▄▄▄▄▄▄▄▄▄▄▄▄▄▄▄▄▄▄
█ ▄▄▄▄▄ █▀ ▀██▀▄ █ █ ▀ ▄▄ ▄▀▀█ ▄▀▄▀▀▀▀ ▀▄█  ▄█▄▄ ██ ▄▄▄▄▄ █
█ █   █ █▀▄██▄ █▄▄  ██▄▄  ▀█▄█▀ ▄▄██  █▄█▄█  █ ▄ ██ █   █ █
█ █▄▄▄█ █▀▄▄█ ▀█▄██▀▄ █▄▀ █ ▄▄▄ ▀█ ▀▄  █ ▀▄ ▄ ▀▀▄██ █▄▄▄█ █
█▄▄▄▄▄▄▄█▄▀▄█▄▀ ▀▄▀▄▀ █ █ █ █▄█ ▀▄█ ▀▄█▄█ ▀▄█▄█▄▀▄█▄▄▄▄▄▄▄█
█▄  ▄ ▀▄  ▄▀ ▀ █▀▄▄▄ █▄▀▀▀▄ ▄▄  ▀█▀█▀  ▄██▀ ▄█▄▄ ▀ █ ▀▄▀ ██
█▄█▄▄▄█▄█▀▄▄▄▄▄ ▄ ▀ ▀▀▀ ▀▀▄█▄  ▄▀▀ ▀▀▄█▀ █ ▀ ▀▄▄▀▀█▄ ▄▀▀▄▀█
█    █ ▄ █ ▄ ▀▄▄▄█▀ ▀▄▀▄▀  ▄▄▀▀███▄▄█▄▀▄█▀▀▀▄▀▄█   ▄█▀█ ▄██
█▀█ █▄▀▄▀ █▄▄█ █▄████ ▀▄██▄█ ▄█  ▀▀█   █ ▀  ▀▀█▄█▄███▀  ▄▀█
█▀▀█▀▀ ▄█▄▄▀██▀▀██▄ ▀▄▄▀ ▀▄▄▀   █▀▀▄  ▀█▀▀  ▄█ ▄▄▀▀▄ ██▀ ▀█
█▄▄ █ █▄███▀ ▀▀█▄▀▀█▀▀█▀▀  ▄▀▄  ▄▀▀ ▀█▄ ▀▀▄█▄▀█ █ ▀▀▀ ▄▀▀██
█▀██▀  ▄▄▄█▄  ▀█▄▀▄ ▄█▀▀▀▄▀▀█▀▀  ▀█▄█ ▀▄██▀▀▀▀▄█▄▀▄█████ ▀█
██  █ █▄    █▄▀▀▄ ▀▄▄█ ▄▀█▀ ▄ █ ██▄ ▄ █ ▀▄█▀▀▄▀ ▄█▄▄ ▄▀▀▀██
█ ▄▀▄██▄▄▀▀▀▀ ▀ ▄▄▄ █▄▀▀▀ ██▄▀▀▀▄ ▄  ▄ ▄██▀▀ ███▄▀▀▄▀█▄   █
█  ▀  ▄▄▄ ▀▀▄█▄ ▀▀▄█ ▀▄██▀  ▄▄▄ ▄▄ ▀▀▄ █▀▀ ▀ ▀ ▀▀ ▄▄▄ ▀  ▀█
█▀▀█▄ █▄█ █▄▀▄▄▄█▄▄▀ ▄▄█ ▀▀ █▄█ ▄█ ▄█▄▀██▀▀ ▀▀▄██ █▄█  ▄▄▀█
█▄ █ ▄▄▄▄  █ █▀  ███▀▀▄▀█▀ ▄▄▄▄▄▀▀█  ███▄▀████▄██▄▄   ▄▀ ██
█ ▄█▄▄▄▄▀██▀ ▀█▄▄█  ▀█▀█▀▀█▀▄█▀ ▀▀▀██  ▄▄▀▀▀ █▄▄▀▄█▄████▀ █
██▀█▀ ▀▄▄█▀▄ █ █▀ ▀▀▄ ▀██▀ ▀ ▄▀  ▀▄  ▄▄▀   ▀█▀▀███ ▀▀  ▀▄▀█
█▄  ▀▄█▄██▄▄ █ █▀█▀▄▀▀▀▀▄ █ ▀█▄  ▀▄██ ▀▄▀▀▀  ▀█▄▀▀█▄▄▄▄▀▄▀█
█▀▄ █▄█▄ █▀ ▀  █▀█▀▄▀  ▀▄ ▄▄▀█▄▄▀█ █▀█▀▄▄ █▀▄▀▄ ▀▄ ███ ▀▄▄█
█ █▄█ █▄▄ ▀█ █▄▀▄█▄ ▄▄▀▀▄▀█▀▄█▄▀▀█▀█ ▄▀███ ▀ ██▄██▄██▄█▀▀▀█
██ █▀▀█▄ ▀  ▄█ ▄ ▀▀ ▄▄▀ █▄▀▀ █▄ ▀▀▀█▄▀▄ ▄ ▄██ ▀▀█▄▄▀▄▄ ▀ ▀█
█▀▀█▀ █▄▄ ▄ █▀▄▄▀▄▀ ▀█▀▄▄▀▄▄██▄███▄█ ▄ █▄█▀  ▀ █▀ ▄▀█▄▀████
█ ▀ ▀▀▄▄▀█▄ ▄▀▄█▀▄▀  ▄ ▄█▄▄▄██ ▄▄██▀▄▄▀█▀▀ ▀█▀▀▄ █ ██▄ ▀▄▀█
███████▄█▀█ ▄▄▄▀ ▄▄ ▀▄▀█▀▀▀ ▄▄▄  ▀ █▄ ▀██▀▄  ▀▄▄█ ▄▄▄ ▀▀█▄█
█ ▄▄▄▄▄ █▄▀▀▀▀ █▀█▄▄ ▀█  ██ █▄█ ██▀ ██▄ ██ ██  ▀  █▄█ █▀ ▀█
█ █   █ █    ▀▄█▄▀▄▄▄█▀█▀▄▄▄   ▄ █▄▄▄ ▄▄█▀  ▄█▄▄   ▄   █▄▄█
█ █▄▄▄█ █ █ ▄█ █▄ ▄ ▄██▄▀█▄▀▀▀▀███▄ ▄█▄ █▀▀▀█▀██  ▀█ █▀▀███
█▄▄▄▄▄▄▄█▄███████▄█▄█▄████▄█▄██▄▄▄▄▄█▄█████▄▄█▄▄██████▄█▄██

2025-08-29T20:19:26: 
2025-08-29T20:19:46: 🎯 QR Code detected! Displaying...
2025-08-29T20:19:46: 📱 Scan this QR code with your WhatsApp!
2025-08-29T20:19:46: 🔗 Or copy this link to scan:
2025-08-29T20:19:46: https://api.qrserver.com/v1/create-qr-code/?size=300x300&data=2%40shtk%2BoXsBhDMFmA4VS4lQMv9oRK4kBmVMoYGyix8Jm7q5Ms9FEiGT5DJtWc%2B59AflaORmff7HIYgLG6uHVRlQ8Hk7HdoqFaMDmM%3D%2C3G66tLEW9E92H2zBwdoGLzmkI6c0tEJIfC%2Bv6ycHtEk%3D%2CsjSc2pJdme3cHZjk7N65%2BlJd0D1RnpKAcMfh2Fg8bmc%3D%2CScCD8In7U3wvZSnul2HYSP6iOVieTLrstyuAsKTx%2FsA%3D
2025-08-29T20:19:46: 
2025-08-29T20:19:46: ▄▄▄▄▄▄▄▄▄▄▄▄▄▄▄▄▄▄▄▄▄▄▄▄▄▄▄▄▄▄▄▄▄▄▄▄▄▄▄▄▄▄▄▄▄▄▄▄▄▄▄▄▄▄▄▄▄▄▄
█ ▄▄▄▄▄ █▀ ▀██▀▄██ █▄▀ █▄▄▄▀▀█ ▄▀▄▀█ ▄▄▀▄█  ▀▀▄▄ ██ ▄▄▄▄▄ █
█ █   █ █▀▄█▀  █▄█  █▄▄▄  ▀█▄█▀ ▀▄██▀▀█▄▀▄█  █ ▄ ██ █   █ █
█ █▄▄▄█ █▀▄▄▄▄▀█▄██▀▄ █▄▀ █ ▄▄▄ ▄▀ ▀█▀ █▄▄▄ ▀█▀▀▄██ █▄▄▄█ █
█▄▄▄▄▄▄▄█▄▀ ▀▄▀ ▀▄▀▄▀ █ █ █ █▄█ ▀▄█ ▀▄█▄█ ▀▄█▄█▄▀▄█▄▄▄▄▄▄▄█
█▄  ▄▄▀▄▄ █  ▀ █▀▄▄▄ █▄▀▀▀ ▄▄▄  ▀█▀█▀  ▄██▀ ▄█▄▄▀  █▄▀▄▀ ██
█▄█▄▄▄█▄ █████▄ ▄ ▀ ▀▀▀ ▀▀ ▄▄  ▄▀▀▄▀▀▄█▀ █ ▀ ▀  ▀▄██▀▀▀▀▄▀█
█  █ █ ▄ ▀▀  ▀▄▄▄█▀ ▀▄▀▄▀  ▄▄█▀██████▄ ██▀▀▀▄▀▄█▀▀ ▄▄▀▀▄▄██
█▀▄ ▀▄▀▄▀▀█▄▄█ █▄█▄ █ ████▄█▀▄█▄ ▀█▀▄▄▀  ▀▄ █▀▄██▀██▄  ▀▄▀█
██   ▀ ▄█▄▄▀██▀▀▄█  ▀█▀▀▀ ▄▄▀   █▀▀█▄  ▄▀█▄ ▄▀▀▄▄▀▀▄ █▄ ▄██
█▄▀▄ ▄█▄███▀ ▀▀█▀▀▀█▀██▀▄▄ ▄▀▄ ▀ ▀▀ ▄ ▄ ▄ ▄█▀▀█ █ █▀▀ ▄▀ ██
█▄▄█▀██▄▄▄█▄█▀▀█▄▀▄ ▄█▀▀▀▄▀▀█▀▀  ▀█▄ ▄▀▄██▀▀▀█▄█▄▀ ▄████▀▀█
██  █▀█▄   █▄▄▄█▄ ▀▄▄█ ▄▀█▀ ▄ █ ▄█▄ █▀█ ▀▄█▀▀█▀ ▄██ ▄ ▀▀▀██
█ ▄▀▄█▄▄▄▄█▄ ▄▄ ▄▄▄ █▄▀▀▀ ██▄▀▀▀▄ ▄  ▄ ▄██▀▀ ███▀ ▀█ ▀▄   █
█  ▀  ▄▄▄ ▄▄▀  ▄▀▀▄█ ▀▄██▀▀ ▄▄▄ ▄▄▄█▀▄ ▀▀▀▄▀ ▀▄█  ▄▄▄ ▀  ▀█
█▀▀▀▄ █▄█ █ ▀▄▄▄█▄▄▀ ▄▄█ ▀█ █▄█ ▄█▄▄█▄ ▄█▀▄▀▀▀▄█▄ █▄█ ▄▀▄▀█
█▄▀▄ ▄ ▄▄▄ █ █▀  █ ▄▀▀▄▄█▀  ▄▄▄▄▀▀▄▀▄▀▄█ █▄█▀█▄██▄▄▄▄▄▀▀ ██
████ ▄▄▄ ▀█▀ ▀█▄▀▄▄▄▀█▀█▄▀█▀▄▄▀ ▀▀▀█   ██▀▀ ▄▀▄▄▀▀█▄▄▄███ █
█▄    ▀▄▄ ▀▄ █ ███▀▀ █▀█▄▀ ▀  ▀ ▄█▄ ▄██▀▀█▀ ▄█▀▄██ ▀▄█ ▀▄██
█ ▀ ▀▄█▄██▄▄▄  █▀█▀▄▀▀▀▀▄ █ ▀██▀ █▄█▄ ▀▄██▀  ██▄▀▀█▄▄▄▄▀▄ █
█▀▄ █▄█▄ █ ▀ ▀▄▄▀█▀▄▀  ▀▄ ▄▄▀█▀▄▀▄ █ ▄▀▄▄▀█▀▄ ▄ ▀▄ ███ ▀▄▄█
█ █▄█▄█▄▄ ▀█▀▄▄▄▄█▄ ▄▄▀▀▄▀█▀▄█▄▀▀█▀█ ▄▀███ ▀ ██▄██  █▄█▀▀▀█
██ █▀▀▀▄ ▀█▄ ▄ █ ▀▀ ▄▄▀ █▄█▀ █▄ ▀▀█▀▄▀▄▄▄  ▀█ █▀▀▄ █▄▄ ▀ ▀█
█▀▀▄ █▄▄ █ ▄█▀▄▄▀▄▀ ▀█▀▄▄▀█ ██▄█████ ▄▀▄▄█▀  ▀███▀▀▄▄▄▀████
█ ▀ ▀▀▄▄██▄ ▄▀▄█▀▄▀▄ ▄█▀█▄█▄██ ▄▄█▄ ▄ ▀██▀██▀█▄█ █ █▄▄  ▄▀█
███████▄█▀█ ▄▄▄▀▀▄█▄▄▄██ ▀▀ ▄▄▄  ▀ █  ▀▄▄▀▀ ▄████ ▄▄▄ ▀▀█ █
█ ▄▄▄▄▄ █▄▀▀▀▀ █▀ ▄▄▀██  ▄█ █▄█ ▀█▀ ▀▄█ ▄▄▀██  ▀█ █▄█ █▀▄▀█
█ █   █ █    █▄█▄▀▄▄▄█▀█▀▄▄▄ ▄ ▄ ▀▄▄▀▄▄▄▀█  ▄▀▄▄   ▄▄  █▄██
█ █▄▄▄█ █ ▄▄▄▄▀▄▄ ▄ ▄██▄▀█▄▀▀█▀█▄▄▄ ██▄ █ ▀▀▄▀██  ▀█▀█▀▀███
█▄▄▄▄▄▄▄█▄███▄▄▄█▄█▄█▄████▄█▄▄█▄▄▄▄▄█▄█████▄▄█▄▄████▄▄▄█▄██

2025-08-29T20:19:46: 
2025-08-29T20:20:06: 🎯 QR Code detected! Displaying...
2025-08-29T20:20:06: 📱 Scan this QR code with your WhatsApp!
2025-08-29T20:20:06: 🔗 Or copy this link to scan:
2025-08-29T20:20:06: https://api.qrserver.com/v1/create-qr-code/?size=300x300&data=2%40bk844hREnr02Y%2Bf3KSzM8suYst2aId4HC%2F9tesNRvaeS2W8ockDHhIAI8CL%2FXAGMXjtQm31ta1LO86FYgDhCRgO53US0Pqt3TAg%3D%2C3G66tLEW9E92H2zBwdoGLzmkI6c0tEJIfC%2Bv6ycHtEk%3D%2CsjSc2pJdme3cHZjk7N65%2BlJd0D1RnpKAcMfh2Fg8bmc%3D%2CScCD8In7U3wvZSnul2HYSP6iOVieTLrstyuAsKTx%2FsA%3D
2025-08-29T20:20:06: 
2025-08-29T20:20:06: ▄▄▄▄▄▄▄▄▄▄▄▄▄▄▄▄▄▄▄▄▄▄▄▄▄▄▄▄▄▄▄▄▄▄▄▄▄▄▄▄▄▄▄▄▄▄▄▄▄▄▄▄▄▄▄▄▄▄▄
█ ▄▄▄▄▄ █▀ ▀██▀██▀ █▀█ ▄ ▄▄▀▀█ ▄▀▄▀▀▄ ▀▀▀▄  ▄▄▄▄ ██ ▄▄▄▄▄ █
█ █   █ █▀▄██  ███  █▄▄▄▀ ▀█▄█▀  ▄██▄▀█▄███ ▀█ ▄ ██ █   █ █
█ █▄▄▄█ █▀ ▄█▄▀█▄██▀▄ █▄▀ █ ▄▄▄  █ ▀▀  ███▄ ▄▄▀▀▄██ █▄▄▄█ █
█▄▄▄▄▄▄▄█▄█ █▄▀ ▀▄▀▄▀ █ █ █ █▄█ ▀▄█ ▀▄█▄█ ▀▄█▄█▄▀▄█▄▄▄▄▄▄▄█
█▄  ▄ █▄ ▄▀█ ▄ █▀▄▄▄ █▄▀▀▀ ▄▄▄  ▀█▀█▀  ▄██▀ ▄█▄▄▄▀ █ █▄▀ ██
█▄█▄▄█▄▄█▄█ █▄▄ ▄ ▀ ▀▀▀ ▀▀ █   ▄▀▀▄█▀▄█▀ █▄█ ▀ ▄█▄█▄█▀▀▀▄▀█
█  ▄██ ▄▄▀▄█ ▀▄▄▄█▀ ▀▄▀▄▀  ███▀███▄██▄ ██▀ ▀▄▀ ▄ ▀ ▄ █▀ ▄██
█▄▀▀█▄▀▄▀ █▄▄█ █▄██▀█ ▄ ██▄█ ██  ▀▄█▄ ▄▄▄█▄ ███▄▀████▀▀ ▄▀█
█▀ █ ▀ ▄█▄▄▀██▀▀▄█▄ ▀█▀█▀▀▄▄▀  ▀█▀▀▄▄ ▀███▀▀▄█▄▄▄▀▀▄ █▄  ▀█
██ █▄▄▀▄███▀ ▀▀█▀█▀█▄██▀ █ ▄▀▄▀ ▄▀▀ ▄▄▄▀█▀██▀ ▄▀█ ▀█▀ ▄▀▄▀█
█▄██▀█▀▄▄▄█▄▄▀▀█▄▀▄ ▄█▀▀▀▄▀▀█▀▀ ▄██▄  ▀▄█▀▀▀█▀▄█▄▀▀█████▀ █
██  ██ ▄▄▄ ▀  ██▄ ▀▄▄█ ▄▀█▀ ▄ █ ▄█▄ █▀█  ██▀ █▀ ▄██▄▄ ▀▀▀██
█ ▄▀▄ █▄██   ▀██▄▄▄ █▄▀▀▀ ██▄▀▀▀▄ ▄  ▄ ▄██▀▀ ███▄▀▄███▄   █
█  ▀  ▄▄▄  █ ▀▄▀▀▀▄█ ▀▄██▀  ▄▄▄ ▄▄ ▀▀▄▄█▀▀▄▀ ▀ █  ▄▄▄ ▀  ▀█
█▀▀▄█ █▄█ ██▀▄ ██▄▄▀ ▄▄█ ▀█ █▄█ ▄█▄██▄ ▄█▀ ▀▀▀ █  █▄█ █▀▄▀█
█    ▄▄▄   █ █▀  █▀▄▀▀▀██▀  ▄▄▄▄▀▀▄▀ ▀▄▄▄█ ▀█▀█▄▀▄   ▄   ██
█▀ ▄▄▄▄▄▄ █▀ ▀█▄▄█▄ ▀█▀█▀▀█▀▄▄▀ ▀▀▀█ ▄▀██▀ ▀▄█▄▄███▄▀▄███ █
██▀██ ▀▄  ▀▄ █ █ ▀▀▀▄▀▀██▄ ▀▄▄▀  ▀▄ █ ▄ ▄▀▀ ▄▀▀███ ▀ ▀ ▀▄██
█▀  ▀▄█▄██▄▄   █▀█▀▄▀▀▀▀▄ █ ▀█▄█ █▄█  ▀▄▀█▀  ▀█▄▀▀█▄▄▄▄▀█ █
█▀▄ █▄█▄ █▀█ █  ▀█▀▄▀  ▀▄ ▄▄▀█  ▀▄ █▀▄▀▄▄ █▀█ ▄ ▀▄ ███ ▀▄▄█
█ █▄█ ▀▄▄ ▀█▄ █▀▄█▄ ▄▄▀▀▄▀█▀▄█▄▀▀█▀█ ▄▀███ ▀ ██▄███▄█▄█▀▀▀█
██ █▀██▄ ▀ █▀▀▄█ ▀▀ ▄▄▀ █▄█▀ █▄ ▀▀▀█▄▀ ▄▄ ▄██ ▀██▄ █▄▄▀▀ ▀█
█▀▀▀▄██▄ ▄  █▀▀ ▀▄▀ ▀█▀▄▄▀▄███▄███▀▄ ▄██▄█▀▀ ▀▄▄█▄▀█▀▄▀████
█ ▀ ▀▀▄▄ █▄ ▄▀▄█▀▄▄▀ ▄ ▄█▄█ ██ ▄▄█▄  ▄▄▄█▀▀▄██▀▀▄▄▄█▀▄▄ ▄▀█
███████▄▄▀█ ▄▄▄▀███▄▀█▀▀▄▀▀ ▄▄▄  ▀ ██  █▄█▄▀ ▀███ ▄▄▄  ▀▀▄█
█ ▄▄▄▄▄ █▄▀▀▀▀ ██ ▄▄█▀█  ▀█ █▄█ ▀▀▀ ▄▄▄ █▀ █▄▀  ▄ █▄█ █▀ ██
█ █   █ █   ▄▀▄█▄▀▄▄▄█▀█▀▄▄▄▄  ▄▀▀▄▄▄▄▄▄▄█  ▀█▄▄▀  ▄▄  █▄▄█
█ █▄▄▄█ █ ▀▀▀█▄▀▄ ▄ ▄██▄▀█▄▀▀▀▀█▄▄▄ █▄▄ █ ▀▀█ ██  ▀█▄▀▀▀███
█▄▄▄▄▄▄▄█▄▄▄▄▄▄▄█▄█▄█▄████▄█▄██▄▄▄▄▄█▄█████▄▄█▄▄████▄▄▄█▄██

2025-08-29T20:20:06: 
2025-08-29T20:20:26: 🎯 QR Code detected! Displaying...
2025-08-29T20:20:26: 📱 Scan this QR code with your WhatsApp!
2025-08-29T20:20:26: 🔗 Or copy this link to scan:
2025-08-29T20:20:26: https://api.qrserver.com/v1/create-qr-code/?size=300x300&data=2%40DmeG8I%2BAwfmEhKRNapNXG7AMEJ61QT1PzHeU7RKE8Rs5w1EodEM9X%2BisiVRXYwNEbFKnPLzw%2Bf5xgC2RQWfM8sB5kgq72oxOhTM%3D%2C3G66tLEW9E92H2zBwdoGLzmkI6c0tEJIfC%2Bv6ycHtEk%3D%2CsjSc2pJdme3cHZjk7N65%2BlJd0D1RnpKAcMfh2Fg8bmc%3D%2CScCD8In7U3wvZSnul2HYSP6iOVieTLrstyuAsKTx%2FsA%3D
2025-08-29T20:20:26: 
2025-08-29T20:20:26: ▄▄▄▄▄▄▄▄▄▄▄▄▄▄▄▄▄▄▄▄▄▄▄▄▄▄▄▄▄▄▄▄▄▄▄▄▄▄▄▄▄▄▄▄▄▄▄▄▄▄▄▄▄▄▄▄▄▄▄
█ ▄▄▄▄▄ █▀ ▀██▀█▀▀▀█ ▀ █▄ ▄▀▀█ ▄▀▄▀█▀ ▀▀▀█▀▄ ▀▄▄ ██ ▄▄▄▄▄ █
█ █   █ █▀▄█▀  ██▄  ██▄▄  ▀█▄█▀  ███▄▀█▄▄██ ▀▄ ▄ ██ █   █ █
█ █▄▄▄█ █▀   ▄▀█▄██▀▄ █▄▀ █ ▄▄▄  ▄ ▀▀  █▀█▄ ▀ ▀▀▄██ █▄▄▄█ █
█▄▄▄▄▄▄▄█▄█ ▀▄▀ ▀▄▀▄▀ █ █ █ █▄█ ▀▄█ ▀▄█▄█ ▀▄█▄█▄▀▄█▄▄▄▄▄▄▄█
█▄  ▄▄▀▄ ▄ █▀█ █▀▄▄▄ █▄▀▀▀▄▄▄▄  ▀█▀█▀  ▄██▀ ▄█▄▄▀ ▄█▄▀▄▀ ██
█▄█▄▄██▄█▀█   ▄ ▄ ▀ ▀▀▀ ▀▀▄▄▄  ▄▀▀ █▀▄▀▀ █▄▀ ▀▄▄ ▀█▄█▀▀▀▄▀█
█  ███ ▄  ▀▀ ▀▄▄▄█▀ ▀▄▀▄▀  ▄▀▀▀██████▄ ██▀  ▄▀▄▄▀▀ ▄▄▀█▄▄██
█▀ ▄▀▄▀▄▀▀█▄▄█ █▄█▀▀█ ████▄█ ██  ▀█▀  ▀█▄▀▄███ ▄ ▀███▀ ▀▄▀█
█▄▀█ ▀ ▄█▄▄▀██▀▀▄█   ▄▀█▀▀▄▄▀ ▀▀█▀▀█▄ ▄▄█▀▀ ▄▀▀▄▄▀▀▄ ██▀▄██
█▄▀█▀ █▄███▀ ▀▀██▄▀█▄▀█▀ █ ▄▀▄▀  ▀▀ ▀▀▄ ▀█▄█▄██ █ █▀▀ ▄▀▄▀█
█ ▄█▀█ ▄▄▄█▄▀▄▀█▄▀▄ ▄█▀▀▀▄▀▀█▀▀ ▀██▄  ▀▄█▀▀▀▄▀▄█▄▀▀█████ ▀█
██  █▀ ▄   ▄▄   ▄ ▀▄▄█ ▄▀█▀ ▄ █ ▄█▄ █ █ ▀██▀▀█▀ ▄██▀▄ ▀▀▀██
█ ▄▀▄▀ ▄▀██▀█▀ █▄▄▄ █▄▀▀▀ ▀█▄▀▀▀▄ ▄  ▄ ▄██▀▀ ███▀▀ ▄▀▀▄   █
█  ▀  ▄▄▄ ▄ ▀▄▀▄▀▀▄█ ▀▄██▀▀ ▄▄▄ ▄▄ █▀▄ █▀▀▄▀ ▀▄▀█ ▄▄▄ ▀  ▀█
█▀▀█▄ █▄█  █▀▄▄ █▄▄▀ ▄▄█ ▀▀ █▄█ ▄█▄██▄ ██▀▀ ▀▀██▀ █▄█ ▀▄▄▀█
█▀▄ █  ▄▄▄ █ █▀  █▄▄▀▀█▄█▀  ▄▄▄▄▀▀█ ▄███ ▀█ █▀ █ ▄▄   ▀▀ ██
█ ██▄▄▄▄ ▄█▀ ▀█▄█▄  ▀▄▄▀▀▀█▀██▀ ▀▀▀█ ▄▀▄█▀ ▀ ▀▄▄█▀█▄▄█▄▄█▄█
█▄▄▄▀ ▀▄██▀▄ █ █▀▀▀▀▄ ▀█   ▀ ▀▀  █▄  ▀█ ▄ ▀  █▀███ ▀██ ▀▄▀█
█▀  ▀▄█▄██▄▄▄  █▀█▀▄▀▀▀▀▄ █ ▀█▀█ █▄█  ▀▄▄▀▀  ▀█▄▀▀█▄▄▄▄▀█▀█
█▀▄ █▄█▄ █▄  ▄▄ ▀█▀▄▀  ▀▄ ▄▄▀█▄  █ █▀▄▀▄█▀█▀█ ▄ ▀▄ ███ ▀▄▄█
█ █▄██ ▄▄ █▄█▀  ▄█▄ ▄▄▀▀▄▀█▀▄█▄▀▀█▀█ ▄▀███ ▀ ██▄██▀▄█▄▀▀▀▀█
██ █▀▄█▄ ▀ ▀ █▀  ▀▀ ▄▄▀ █▄█▀ █▄ ▀▀▀▀▄▀▄ ▄  ██ ██▀██▀▄▄▀  ▀█
█▀▀ ▀  ▄▄ ▀▀█▀▀▀▀▄▀ ▀█▀▄▄▀▄ ██▄███▄▄ ▄█▄▄█▀▀ ▀████▄▀█▄█▀███
█ ▀ ▀▀▄▄▀ ▄ ▄▀▄█▀▄█▄ ▄▄▄█▄▄▀██ ▄▄█▄▀▄   ▀▀▄ ▀█ ▄█▄▀▀▄▀▀ ▄▀█
███████▄▄▀█ ▄▄▄▀██  █▄██▀ ▀ ▄▄▄  ▀ █▄  ▄███▀ █▄▄▀ ▄▄▄ ▀ █ █
█ ▄▄▄▄▄ █▄▀▀▀▀ █ ▀▄▄█▀█ ▄ █ █▄█ █▀▀ ▀█▄ ▀█ ███▀▀▄ █▄█ █▀ ██
█ █   █ █   ██▄█▄▀▄▄▄█▀█▀▄▄▄▄  ▄▄█▄▄█▄▄▄▀█  ▄█▄▄   ▄   █▄██
█ █▄▄▄█ █ █▀▄▀▄ ▄ ▄ ▄██▄▀█▄▀▄█▀██▄▄ ▄▄▄ ▄ ▀▀█ ██  ▀███▀▀███
█▄▄▄▄▄▄▄█▄▄▄█████▄█▄█▄████▄████▄▄▄▄▄█▄█████▄▄█▄▄█████▄▄█▄██

2025-08-29T20:20:26: 
2025-08-29T20:20:46: {"level":30,"time":"2025-08-29T19:20:46.904Z","pid":17372,"hostname":"LAPTOP-R3IJ5HFS","class":"baileys","trace":"Error: QR refs attempts ended\n    at Timeout.genPairQR [as _onTimeout] (C:\\Users\\55519\\Desktop\\DIGITAL MARKETING\\SAAS AND APP DEVELOPMENT\\Caio Website Personal Brand\\caio_personal_brand_current_one\\node_modules\\@whiskeysockets\\baileys\\lib\\Socket\\socket.js:485:21)\n    at listOnTimeout (node:internal/timers:588:17)\n    at process.processTimers (node:internal/timers:523:7)","msg":"connection errored"}
2025-08-29T20:20:46: 🔄 Scheduling reconnect attempt 3/10 in 15s...
2025-08-29T20:21:01: 🚀 Starting WhatsApp service...
2025-08-29T20:21:01: 📱 WhatsApp service started. Waiting for connection...
2025-08-29T20:21:02: {"level":30,"time":"2025-08-29T19:21:02.450Z","pid":17372,"hostname":"LAPTOP-R3IJ5HFS","class":"baileys","browser":["Chrome (Linux)","",""],"helloMsg":{"clientHello":{"ephemeral":"hwHkJsFrc3S/5+eLZIlyG3AKfRzj9NL9f8gFmyNsTXo="}},"msg":"connected to WA"}
2025-08-29T20:21:02: {"level":30,"time":"2025-08-29T19:21:02.591Z","pid":17372,"hostname":"LAPTOP-R3IJ5HFS","class":"baileys","node":{"passive":false,"userAgent":{"platform":"WEB","appVersion":{"primary":2,"secondary":3000,"tertiary":1023223821},"mcc":"000","mnc":"000","osVersion":"0.1","device":"Desktop","osBuildNumber":"0.1","releaseChannel":"RELEASE","localeLanguageIso6391":"en","localeCountryIso31661Alpha2":"US"},"webInfo":{"webSubPlatform":"WEB_BROWSER"},"connectType":"WIFI_UNKNOWN","connectReason":"USER_ACTIVATED","devicePairingData":{"eRegid":"AAAADg==","eKeytype":"BQ==","eIdent":"DH94OzuTY6vM4Ki2eafge36XWklqBjjYR3Uw9OkB13M=","eSkeyId":"AAAB","eSkeyVal":"eNyJAwKnHsOMQMi7JuhZ/RVxf5+BfD61iPUKDYfcBno=","eSkeySig":"ZKFxbExJ8LkTLdBDXTz7vMPCZtbMAMA+9JhfSp4G/zkkXEMJmvCZT+sbCEfGYJxU6BgjLkm3Br6sDYz29+GYiA==","buildHash":"c9lQeUMlTdrMrIi/+YcPiA==","deviceProps":"Cg5DaHJvbWUgKExpbnV4KRgHIAA="},"pull":false},"msg":"not logged in, attempting registration..."}
2025-08-29T20:21:02: 🎯 QR Code detected! Displaying...
2025-08-29T20:21:02: 📱 Scan this QR code with your WhatsApp!
2025-08-29T20:21:02: 🔗 Or copy this link to scan:
2025-08-29T20:21:02: https://api.qrserver.com/v1/create-qr-code/?size=300x300&data=2%40DJ99a314T%2FKiEuT%2BT6I7TwAnSNBlGjBGzwbT7h8sa0Ba%2FPT1fT02ca1q9twxnVFwAnKqkqqEkprxjuVa%2Bdkbv46pFXZib5aq7TM%3D%2CnuJ2jWp8xafaBb2xxhf2SNdemfpsULnj3DHzkrBOqi0%3D%2CDH94OzuTY6vM4Ki2eafge36XWklqBjjYR3Uw9OkB13M%3D%2CuKSO3RoDJUqe6Ed98y9ajrbBXyj9%2FrEOzm5cKA4k8Us%3D
2025-08-29T20:21:02: 
2025-08-29T20:21:02: ▄▄▄▄▄▄▄▄▄▄▄▄▄▄▄▄▄▄▄▄▄▄▄▄▄▄▄▄▄▄▄▄▄▄▄▄▄▄▄▄▄▄▄▄▄▄▄▄▄▄▄▄▄▄▄▄▄▄▄
█ ▄▄▄▄▄ █▀█▄▀▀  ▀▀ ▀▀█▀▀▄▄ █▀▀▄▄█▄▀█▀ ▄▀   ▄█▄▄▄ ██ ▄▄▄▄▄ █
█ █   █ █▀▄ █ ▀███▀ ██▄█  ▀█▄▄▄▀▀▄█▀▀ ▄█▄▄██ █ ▄ ██ █   █ █
█ █▄▄▄█ █▀▄█▀█▀▄▄█▀▀▄ ▀ ▀ █ ▄▄▄  ▄▀▀██▄█▀█ ▄▄ ▀▀▄██ █▄▄▄█ █
█▄▄▄▄▄▄▄█▄█▄█ █▄▀▄▀ ▀ █ █ █ █▄█ ▀▄█ ▀▄█ ▀▄█ ▀ ▀▄▀▄█▄▄▄▄▄▄▄█
█▄▄ ▄ ▀▄ ▄█ ▀▀▄█▄█▄  ▄▀█▀▀▄▄ ▄  ▀█▀█▀▄ ▄█▀▀▀ ▀▄▄ ▀ █▄█▄▀ ▀█
██  ▄█▄▄  ███▀▄ █ ▀ ▀▀▀  █▀▄ ▄ ██▀ ██▄▀▀▄▀▀   ▄▀███▄▀▀▀▀▀██
█▀  ▄█▀▄█▀█▄▄█▄▄▄█▀ ▀▄▀▄ ▀█▄▀█▀█ ▀▄▄▄▄▀▄▄██  ▀█▄█▀▀▄███▄▄██
█▄▄ ▄▄▀▄▄▀▄▀▄▀█ ██▀▀▀ ▀██▀ █ ██▄▀ ▄▀  ▄▀█▄ ▀▄ ▄█▀ █▀▄  ▀ ▀█
█  █▄▄ ▄█   █  █▄█ ▄ ▄▄▀▀▀█▄▀ █ █▀▀█ ▄ █▀██▀ ▀██▀▀▄█▀█ ▀███
█▄██▀ ▀▄█▀▀▄▀ ▀█▄▄  ▄█ ▄▄ █▄█▄▄█▀ █▄▄▄█  ▄ ▀█ █▀█▀▄▄ ▄▀ ▄▀█
█▄ ▄█▀ ▄▀▀   ▄▀█▄▀▄▄▄█▀▀▀▄  ▀▀▀▀██▀█ ▄ ▄█▀  ██▄█▄▀▄█▀▀▀   █
██▀█▀▄ ▄  █▀▀ ▀█▄ ▀█▄█ ▀▀█▀ ▄ ▄ ▄██  ▄█▄▀▀  ▄▀ ██ ▄  █▀▀▀██
█▄█ ▄▀ ▄▄▄▄▄▀▄██▄▄  █▄▄▀▀ ██▀█  ▄ ▄   ▄███  ▀█▄▄▀▀ ▄███ ▄ █
███▀▀ ▄▄▄  ▀█▀█▄ ▄▄█ ▀▄█▄▄▀ ▄▄▄ ▄ ▄█▄▄▄▄▀█▀ █▄▀▀█ ▄▄▄ ▀  ██
█▄▄▀▀ █▄█  █ ▀████▄▀▀█▄█▄▀█ █▄█  ▀█▄   ▄▀▀▀▀▄██▄▀ █▄█ █ ▀▀█
█▀▄▀ ▄▄▄  ▀█ ▄▄▀▀▄▄ ▄▄ ██▀▄▄  ▄ ▄██ ▀▄████▀ ▄▀▄▄▄▄   ▄  █▀█
█ ██▀▀█▄▀▀██▄▀▄███ ▄▄▄▄▀▄▀▄▄▀▄▀  █▀█▀ █▄▀▀█ ▄█▄▄█▄  ▀▄███ █
███▄▄  ▄▄ █ ▄ ▄▀▄  ▀▄█ ▄▀ ▄▄▀█▀  █ ▄█ ▄ █▀ ▀ █▄▄▀█ ▀▀▀▀  ██
█ ▀█ ██▄▄▀█ ▄▀▀ ▀█▄▄▀▀▀▀▄ ▄▀▀██▀▄▀▀▄▄ ▄█▀█▀  █▄█▀ ▀▄▀▄ ▀█▀█
█▄▄▀█  ▄▀██▄▀▄ █▀█▀▄▀ ▄█▄ █ ▀█ ▄▀█▀▄ ▀ ▄█▀ ▄ ▀ ▀ ▀▄▀▀▀  ▄▄█
█▄██▄█▄▄▀▀▀▀███ ██▄ ▄▄▄▀▄▀█▀▄▄ ▄▀█▀█▄ ▀█▄█ ▀█▀▄██▀▀▀█▄▀▀▀▀█
██▄▀█▄ ▄ ▄▄▄ ▀▄ ▀▄▀  ▀▀  ▀▀▀   ▄▀█▀▀██▀ █ ▄█▀ ▀  █▀▀▀ ▀  ██
█▀▀▄█  ▄▀▄█▀ ▀▀██▄▀  █▀▄▀▀▄ ▀▄█▄▄█▄▄  ▀▄▀▀▄ ▀███▀ ███▄█▄▄▀█
█ ▀ ▀▀▄▄▀ ███ █▀ █ ▄█▄ ▀█▀█  █▄▄▀ █  ▄▀█▀█ ▀█  █▀▀ ▀▀█ ▀▄▀█
███████▄▄▀█▄  ▄ ▄▄ ▄▀▄▀▀  █ ▄▄▄ ▄▀▄█   █▀█▀▀ ▀▀█▀ ▄▄▄ ▄█▄▄█
█ ▄▄▄▄▄ █▄ ▀▀██  ▀▄▄▄▄▀▀█ ▄ █▄█ ▄ ▄▄█▄█▄▄█▄█▀   █ █▄█ ▀▀ ▀█
█ █   █ █  ▄██▀▀▄▀ ▄▄█▄▀▀▄▄▄   ▄ ▀▄▄▄▄▀▄█▀▄  █ ██▄▄▄▄ ▀▀▄██
█ █▄▄▄█ █ ▄▄ ▄▄▀▄  █▄█▄▀▀█ ██▀▀█▄██▀▀▄█ ▀▀▄█▄▀▀    █ ▀█ ███
█▄▄▄▄▄▄▄█▄██▄██▄█▄█▄████▄█▄█▄██▄▄▄▄▄█▄▄▄████▄████▄█▄▄▄▄█▄██

2025-08-29T20:21:02: 
2025-08-29T20:22:02: 🎯 QR Code detected! Displaying...
2025-08-29T20:22:02: 📱 Scan this QR code with your WhatsApp!
2025-08-29T20:22:02: 🔗 Or copy this link to scan:
2025-08-29T20:22:02: https://api.qrserver.com/v1/create-qr-code/?size=300x300&data=2%405B09VEyjSW2Jo7ztFGbNhPUpolrScZR%2Fs6incHA9Cn4bi%2FgBziE7NyQIPFnMPHH9sCUxTJGlMhV5iZmGIzFv6QVj6%2B8YNgeTEAs%3D%2CnuJ2jWp8xafaBb2xxhf2SNdemfpsULnj3DHzkrBOqi0%3D%2CDH94OzuTY6vM4Ki2eafge36XWklqBjjYR3Uw9OkB13M%3D%2CuKSO3RoDJUqe6Ed98y9ajrbBXyj9%2FrEOzm5cKA4k8Us%3D
2025-08-29T20:22:02: 
2025-08-29T20:22:02: ▄▄▄▄▄▄▄▄▄▄▄▄▄▄▄▄▄▄▄▄▄▄▄▄▄▄▄▄▄▄▄▄▄▄▄▄▄▄▄▄▄▄▄▄▄▄▄▄▄▄▄▄▄▄▄▄▄▄▄
█ ▄▄▄▄▄ █▀▄▀██ ▀▀ ▄▄ ▄▀█   ▄ ▄  ██▄▄ ▄ ▄▀▄█ ▀██▄ ██ ▄▄▄▄▄ █
█ █   █ █▄█▀ ▄████▄▄▀▄█▄▄█████▀███▄ █▄ █▄█ ▀██▀▄ ██ █   █ █
█ █▄▄▄█ █ █▀▄ ▄▀██▀█▀█  ▀▄  ▄▄▄ ▀▀ ▀█▀▀ ▄█  ▄  ▀▄██ █▄▄▄█ █
█▄▄▄▄▄▄▄█ █ ▀ █▄▀ █▄▀ █▄▀▄█ █▄█ ▀▄█▄█ █ ▀ ▀▄▀ ▀ █ █▄▄▄▄▄▄▄█
█  ▀▄▀█▄ ▀▀ ▀▄ ██▄▀▄▄▄ ▄▄█▄▄ ▄▄▄██ ▄▄ ▄▄▄ ▄█▄▀███▄█▄ ▄▀▄▄▀█
█▀████▄▄ █▀▀ ▄▀█▄ ▀▄▄▄   ▀▄ █  ▀ ▄▀██   █▀▀▄████▄   ▄▄▀█▄ █
██ ▀▄ █▄██▀█ ▀▄██ █▄▀█ ▀▄███▀▄█▀  ▀▀  ▀▄█ ██   ▀▄▄▀█▄ █▄▄▄█
█▄▄▀▄█▄▄  █ ▀█▀ ▄▄ ▄█ ██ █▄█ █  █ ▀█▀▄▀ ▄▀▄▄▄  ▀▀█▀▀█▀█▄▄▀█
█▀▄  ▄ ▄ █▀ █▄█ ██▄▄▄  █ █ ▀  ▀▄ ▄ ▄ ▄█ █▀▀█▀▄█▄▀█▀  █ █▄ █
██▄▀ █▀▄█  ▀█▄▀▄▀▄▄▄▄▄▀▀▀███▄▀▀ █▀▄▀▄▄█ █▀▄▄  ██▀█ █▀▀█▄  █
█▄▄▄▄█▀▄█▀▀▀ ▄███ ▀  █  ▄ ▄   ▄█ ▀ ▄█ ▄▄ ▄█▄ ▀█▄▀██▄  ▄▄█▀█
█▀▄  ▄▄▄▀▀▄▄ ▀▀▄█ ▀▀▀ ▀▀▀▀▄██ ▄▄▀▀▄ ▀  ▀▀▀ ▄ █▀██▄▄▄▀▀▀█▄ █
█ █▀█▄█▄ ▄ █▀ ▄ █▀▄▄███▄█▄█▄  ▄▄▄▀██▄▄▄▄▄ ▄▄▀▄█▀██ ▄▄▄▀▄▄▀█
█▀▀▀  ▄▄▄ ▄ ▀ ██▀█▀▀▄▀█▄▀   ▄▄▄   █ ▀ ▄  ▄▄▄▀▄ ▄▀ ▄▄▄  ▄▄██
█ ▀█  █▄█ █  █▄ ▄█▄█▄ ██▄█▄ █▄█ █▄▄▄ ▄█▀ ▀ █▀ █▄▄ █▄█ ▄▀▄▄█
█▄▄▀█▄▄▄▄   ▄ ▄  ▀  ▄█▄ ▀█▄▄ ▄ ▄▄▄▄█▀▄▀▀ ▄▀█▄▄█▄  ▄ ▄ █▄█ █
██ █▄  ▄██▄▄▀█ ██▄▀ ▄██ ▄▄ ▄██▄▄▄█ ▄▀▄█▄▀ █▄ ▀▄▄▄▄▄  █▀ ▀▄█
██▄ █  ▄ ▄▄ ▄▄▀▄▀█ █▀▄▀▄ █▀▀ ▄▀▄▀▄▀▄▄  █▄█ ▄▄███ ▀█▄▀█▀▄█▄█
█▀▀▄▀ ▀▄▄ ▄█▀ ▀▀    ▀  ▄ ▄▄   █▄ ▄ ▀▄ ▄▄  █▄  █ █▄▀█ ▀▄██ █
█  ▀▄▀█▄██▄▀▄▀   ▄▄ █ █▄▀▄▀  ▄▄ █▄ █▄▄▄▄█▀█ ▄▀▀ ██ ▀  █▄ ▄█
█   █ ▄▄▄▄█▄▀▄█ ▄█▄▄▀▀█▀▄█ ▄█▄  ▄  █▄▄▄ ██ █ ▄█████ ▄▄▀█▄▄█
█▀▄ ▄▄█▄ █▀▀  █▀ ▀█▄   █▄█▀ ▀█▄ ▀▄  ▀▀▀▀▄█ █▀▀ █▄█   █▄▄ ▄█
███▄▄  ▄▀█▀███▀▄▄█▄▄▄█ █▄█▀▀ █   █ ██▄██  ▄█████▄ ▀▄█▄▄▄ ▀█
█ ▀ ▀▀▄▄▀ ▄██▄ ▄▀█▄▀ ▀▄▀██▀ ▀█▄ ▄█▄  ▄█▀▄▀▀▄▄██▄▀ █ ▀ ▀▄▀▄█
███████▄▄▀▄▀▄▄▄▀▄  ▄ █  ███ ▄▄▄ ▄ █ ▄▄ █▀▄██ ▄▄▀█ ▄▄▄ ▀  ▀█
█ ▄▄▄▄▄ █▄▀ ▄▀▀ ▄ ▀ █   █▀  █▄█   ███▄▀▄▀▀ ▀█ ▀   █▄█ ▄█▄██
█ █   █ █▀▀▄▄▄▄▄█▀  ▀ █▀▀ ▀  ▄  ▀▄█▄▄ ▄▀ ▀▄▄▄▄▀█▄   ▄ ▀█ ▀█
█ █▄▄▄█ █▀▄█▀  ▄██▄▀▄▄█▄█▀ ▄▄ █▀▄▄▄▄█ █▀ █ ▀▄▀ █▄▄ ▄▀▄▀▄█▄█
█▄▄▄▄▄▄▄█▄█▄█▄▄▄▄█▄▄██▄▄██▄███▄▄▄▄██▄▄▄▄▄▄▄█▄█▄▄▄▄█▄█▄██▄██

2025-08-29T20:22:02: 
2025-08-29T20:22:23: 🎯 QR Code detected! Displaying...
2025-08-29T20:22:23: 📱 Scan this QR code with your WhatsApp!
2025-08-29T20:22:23: 🔗 Or copy this link to scan:
2025-08-29T20:22:23: https://api.qrserver.com/v1/create-qr-code/?size=300x300&data=2%40TAtxgHPujkgGss9GJo7NmD6zXPh2ir%2Bq4Yhlq3gZAjIQvBb4JcxQCuc%2FXcYY%2BCfQH%2FMAcpQvDtk11WJFLgu9FklshsAW%2BHpqSTo%3D%2CnuJ2jWp8xafaBb2xxhf2SNdemfpsULnj3DHzkrBOqi0%3D%2CDH94OzuTY6vM4Ki2eafge36XWklqBjjYR3Uw9OkB13M%3D%2CuKSO3RoDJUqe6Ed98y9ajrbBXyj9%2FrEOzm5cKA4k8Us%3D
2025-08-29T20:22:23: 
2025-08-29T20:22:23: ▄▄▄▄▄▄▄▄▄▄▄▄▄▄▄▄▄▄▄▄▄▄▄▄▄▄▄▄▄▄▄▄▄▄▄▄▄▄▄▄▄▄▄▄▄▄▄▄▄▄▄▄▄▄▄▄▄▄▄
█ ▄▄▄▄▄ █▀█▄▀▀ ▀▀▀   ▀  ▄▄ █▀▀▄▄█▄▀▀▀  █▀█▄ ▄▀▄▄ ██ ▄▄▄▄▄ █
█ █   █ █▀▄ ▀▄▀███▀ ▄▄▄█▀▀▀█▄▄▄▀▄▄█▀█▀▄██▄██▀█ ▄ ██ █   █ █
█ █▄▄▄█ █▀ █▀█▀▄▄█▀▀▄ ▀ ▀ █ ▄▄▄ ▄█▀▀█▀▄█▄▄ ▄ ▄▀▀▄██ █▄▄▄█ █
█▄▄▄▄▄▄▄█▄▀ ▀▄█▄▀▄▀ ▀ █ █ █ █▄█ ▀▄█ ▀▄█ ▀▄█ ▀ ▀▄▀▄█▄▄▄▄▄▄▄█
█▄▄ ▄ █▄  █▄  ▄█▄█▄  ▄▀█▀▀▄  ▄  ▀█▀█▀▄ ▄█▀▀▀ ▀▄▄   █ ▀▄▀ ▀█
██  ▄██▄▀▄▄█▀ ▄ █ ▀ ▀▀▀  █ █ ▄ ██▀ ▀█▄█▀▄▀█▄   ▀▄ ██▀▀▀▀▀██
█▀   █▀▄▄▄▄▀▄█▄▄▄█▀ ▀▄▀▄ ▀▄█▀▀▀█ ▀█▄▄▄▀▄▄█▀▀ ▀█▄▀▀▀▄▀█▀▄▄██
█ █▄▄▄▀▄█ ▄▀▄▀█ ███▀▀ ▄▀█▀ █ ▄█ ▀ █    █▀▄▀▀  ▄▄███▀▄    ▀█
█▀▀ █▄ ▄█   █  █▄▄▄▄█▄█▀▀ █▄▀  ▀█▀▀▄ ▄▄▄█▀▀▀▀██▄▀▀▄█▀█▀ ███
█▄ █▀▄█▄█▀▀▄▀ ▀█▀▄  ▄▄ ▄▀ █▄█▄██▀ █▄▀▄█ ▄▀▀▀▄█▄▀█▀ ▄ ▄▀  ▀█
█▀▀▄█ █▄▀▀  ▀▄▀█▄▀▄▄▄█▀▀▀▄  ▀▀▀▀▄█▀█   ▄ █   █▄█▄▀ ▄▀▀▀   █
██▀█▀▀▄▄▄▄█▀▄  █▄ ▀█▄█ ▀▀█▀ ▄ ▄ ▄▄█ ▀██▄▀▀  █  ██ ▀█▄▀▀▀▀██
█▄█ ▄▄▀▄▀▀▄█▄█ ▄▄▄  █▄▄▀▀ ██▀█  ▄ ▄   ▄███  ▀█▄▄▄▀▀████ ▄ █
███▀▀ ▄▄▄ █▀  ▀▀ ▄▄█ ▀▄█▄▄▀ ▄▄▄ ▄  █▄▄▄ ▀█▀▄█▄██▄ ▄▄▄ ▀  ██
█▄▄▄▄ █▄█ ▄  ▀▀ ██▄▀▀█▄█▄▀▀ █▄█  ▀▀█  ▀█▀▀▄▀▄██▄█ █▄█ ▄ ▀▀█
██▀ ▀▄ ▄▄▄▀█ ▄▄▀▀▄▀▄▄▄ ▄█▀▄   ▄ ▄██ ▀ ▄▀█▀▄█ ▀ ▀▀▄   ▄  █▀█
██▄▀▄▀█▄  ██▄▀▄█▄█  ▀▄██▄▀▄▄▄▄▀  █▀█   ▄▀█ ▀ ▀▄▄██  █▄███ █
█  ▀▀  ▄█ █ ▄ ▄▀▀  ▀ █ ▄█▀▄▄▀█▀ ▄▀ ▄█▄█▀ ▄▀▀ ▀▄█▀█ ▀▄█▀ ███
█▄██ ██▄▄▀█ █▄▀ ▀█▄▄▀▀▀▀▄ ▄▀▀█ ▄▄█▀▄▄▄▄███▀ ▀▀▄█▀ ▀▄▀▄ ▀█ █
█▄▄▀█  ▄▀█ ██  ▄▀█▀▄▀ ▄█▄ █ ▀█  ▀▄▀▄▀  ▄█  ▄▀▀ ▀ ▀▄▀▀▀  ▄▄█
█▄██▄█▄▄▀▀▀██▄  ██▄ ▄▄▄▀▄▀█▀▄▄ ▄▀█▀█▄ ▀█▄█ ▀█▀▄██▀█▄█▄▀▀▀▀█
██▄▀██▄▄ ▄▄▀▀██ ▀▄▀  ▀▀  ▀█▀   ▄▀██████▄█  ▀▀ █▄ ▀ █▀ ▀  ██
█▀▀▀▄█▀▄ ▀█▄ ▀▀██▄▀  █▀▄▀▀▄▄▀▄█▄▄█▄█  ▀█▀▀ ▀▀██▄▀▀▄████ ▄▀█
█ ▀ ▀▀▄▄█ ███ █▀ █▀▀█▄▄██▀█▄ █▄▄▀ █▀ ▄█ ▀▀▀▄█ █▄ █▄▀ █ ▀▄▀█
███████▄█ █▄  ▄  ▄   ▄▀█▀▀█ ▄▄▄ ▄▀▄█▄ ▀██▀▀ ▄█▄▄█ ▄▄▄ ▄█▄▄█
█ ▄▄▄▄▄ █▄ ▀▀██ ▀▀▄▄▄▄▀▀█▀▄ █▄█ ▄ ▄▄▀▄▄▄ ▀▄█   ▀█ █▄█ ▀▀ ██
█ █   █ █  ▄▄ ▀▀▄▀ ▄▄█▄▀▀▄▄▄ ▄ ▄ █▄▄█ ▀▄▀▀▄  ▀ ██▄▄▄▄ ▀▀███
█ █▄▄▄█ █ █▀▀██▄▄  █▄█▄▀▀█ █▀▀▀██▄█▀▀██ ▀ ▄██▀▀    ████ ███
█▄▄▄▄▄▄▄█▄█▄█▄▄▄█▄█▄████▄█▄█▄▄█▄▄▄▄▄█▄▄▄████▄████▄█▄▄█▄█▄██

2025-08-29T20:22:23: 
2025-08-29T20:22:43: 🎯 QR Code detected! Displaying...
2025-08-29T20:22:43: 📱 Scan this QR code with your WhatsApp!
2025-08-29T20:22:43: 🔗 Or copy this link to scan:
2025-08-29T20:22:43: https://api.qrserver.com/v1/create-qr-code/?size=300x300&data=2%40u6j9JVVsBBMS8ANzbgtEtrj9RlHh5NEZl9PlKAVnTtV5EK4kGI2WSjbCxXfyFL85qIqJEOFDQ8ScXE02FH1Cwq9P%2BL0yvqLntn8%3D%2CnuJ2jWp8xafaBb2xxhf2SNdemfpsULnj3DHzkrBOqi0%3D%2CDH94OzuTY6vM4Ki2eafge36XWklqBjjYR3Uw9OkB13M%3D%2CuKSO3RoDJUqe6Ed98y9ajrbBXyj9%2FrEOzm5cKA4k8Us%3D
2025-08-29T20:22:43: 
2025-08-29T20:22:43: ▄▄▄▄▄▄▄▄▄▄▄▄▄▄▄▄▄▄▄▄▄▄▄▄▄▄▄▄▄▄▄▄▄▄▄▄▄▄▄▄▄▄▄▄▄▄▄▄▄▄▄▄▄▄▄▄▄▄▄
█ ▄▄▄▄▄ █▀█▄▀▀   █ ▀ ▀ ▀ ▄ █▀▀▄▄█▄▄▀▀█ ▀ █ ▄▄▄▄▄ ██ ▄▄▄▄▄ █
█ █   █ █▀▄ ▀ ▀█▄▄▀ ██▄█  ▀█▄▄▄▀▀██▀▀ ▄█▀▄██▀▄ ▄ ██ █   █ █
█ █▄▄▄█ █▀ ▀ █▀▄▄█▀▀▄ ▀ ▀ █ ▄▄▄ ▄ ▀▀▀█▄█   ▄█ ▀▀▄██ █▄▄▄█ █
█▄▄▄▄▄▄▄█▄█ █ █▄▀▄▀ ▀ █ █ █ █▄█ ▀▄█ ▀▄█ ▀▄█ ▀ ▀▄▀▄█▄▄▄▄▄▄▄█
█▄▄ ▄▄█▄▄▄▀  █▄█▄█▄  ▄▀█▀▀ ▄ ▄  ▀█▀█▀▄ ▄█▀▀▀ ▀▄▄▀  █ █▄▀ ▀█
██  ▄██▄█ ▄▄  ▄ █ ▀ ▀▀▀  ██▄▄▄ ██▀▄██▄█▀▄▀█    ██▄▄█▀█▀▀▀██
█▀ ▄ █▀▄█▀▄▄▄█▄▄▄█▀ ▀▄▀▄ ▀▄▄▀█▀█ ▀██▄▄ █▄█▀▀ ▀▄▄▀ ▀▄███ ▄██
█▀█  ▄▀▄▄ ▄▀▄▀█ ███▀▀ ▄▄█▀ █▀██ ▀ ▀▀▄▄▄▀█ ▀▀▄▄▄██▀█▀▄    ▀█
█▀█▄ ▄ ▄█   █  █▀▄  ▀█▄▀▀ █▄▀   █▀ █▄  █ █ ▀ █▀█▀▀▄█▀█▀ ▀▀█
█ ▀ ▀▄▀▄█▀▀▄▀ ▀█▄▀  █▄ ▄▄██▄█▄▄▄█▄█▄▄ ▄ ▀  ▀▀▀█ █▀▄  ▄▀  ██
█ ▄▄█  ▄▀▀  ▀▄▀█▄▀▄▄▄█▀▀▀▄  ▀▀▀▀▄█▀█   ▄▀▀  ▄▀▄█▄▀▀▄▀▀▀ ▀ █
██▀█▀▀█▄  ▀▀████▄ ▀█▄█ ▀▀█▀ ▄ ▄ ▄▄█  ▄█▄ ▀  ▄  ██ ▄█ █▀▀▀██
█▄█ ▄ ▄▄▀  ▀ █▀▄▄▄  █▄▄▀▀ ▀█▀█  ▄ ▄   ▄███  ▀█▄▄  ▄█▀▀█ ▄ █
███▀▀ ▄▄▄ █▄█▄▀▄ ▄▄█ ▀▄█▄▄▀ ▄▄▄ ▄  ▀▄▄▄▄▀█▀ █▄█▀  ▄▄▄ ▀  ██
█▄▄▄▀ █▄█  ▀ ▀████▄▀▀█▄█▄▀▀ █▄█  ▀▄▄  ▀▄▀▀ ▀▄████ █▄█ ▄█▀▀█
█ █▄▀  ▄▄ ▀█ ▄▄▀▀▄█▀▄▄ ▀█▀█▄  ▄ ▄█▄ ▀▄▀▄▀█▄▀ ▀▀██▄  ▄▄▀▀█▀█
█  ▄ ▀█▄█ ██▄▀▄█▄█▄▄▀▄██▀▀▄▄█▄▀  █▀█▄▄▀▄█▀▄ ██ █▀▀  ▀▄█▄█▄█
███ ▀  ▄▄▀█ ▄ ▄▀▄▄ ▀█  ▄▀ ▄▄▄█▀ ▄▀ ▄ █▄ ▄  ▀█▄█▄▀█ ▀  ▀  ██
█▄ █ ██▄▄▀█  ▀▀ ▀█▄▄▀▀▀▀▄ ▄▀▀█▄▄▄█▀▄█ ▄█▀█▀  █▄█▀ ▀▄▀▄ ▀█▀█
█▄▄▀█  ▄▀█▄▄ █▄▀▀█▀▄▀ ▄█▄ █ ▀█▄▄▀█▀▄▀▀ ▄█▀ ▄▀▀ ▀ ▀▄▀▀▀  ▄▄█
█▄██▄██▄▀▀▀█▄██▀██▄ ▄▄▄▀▄▀█▀▄▄ ▄▀█▀█▄ ▀█▄█ ▀█▀▄██▀▄▀█▄▀▀▀▀█
██▄▀█▄▄▄ ▄▀▀▄██▀▀▄▀  ▀▀  ▀█▀   ▄▀██▀██▀ █  ▀▀ ▀▄ ▄ █▀ ▄  ██
█▀▀█▀▀ ▄ ███ ▀▀██▄▀  █▀▄▀▀█ ▀▄█▄▄█ █  ▀█▀▀▀ ▀█▀▄▀▀█▄▄█ ▀▄▀█
█ ▀ ▀▀▄▄█ ███ █▀ █▄▄█▄█▀█▀█▄ █▄▄▀ █ ▄▄██▀▀█▄█▄▀▄▀█ ██   ▄▀█
███████▄█▀█▄  ▄ ▄█ ▄▀▄██▄▀█ ▄▄▄ ▄▀▄█▄  █ █  ▄▀▄▄█ ▄▄▄ █▄  █
█ ▄▄▄▄▄ █▄ ▀▀██ ▀▀▄▄▄▄▀▀▄█▄ █▄█  ▄▄▄▄███▄▀▄▄▄█ ▀  █▄█ ▀▀ ██
█ █   █ █  ▄▄ ▀▀▄▀ ▄▄█▄▀▀▄▄▄▄▄ ▄ █▄▄▄ ▀▄██▄ ▄█ ██▄▄▄  ▀▀▄██
█ █▄▄▄█ █ ▄▄▄▀█▄▄  █▄█▄▀▀█ █▀▀▀██▄█▀▀██ ▀▀▄██ ▀    █▀▀█ ███
█▄▄▄▄▄▄▄█▄▄█▄▄███▄█▄████▄█▄██▄█▄▄▄▄▄█▄▄▄████▄████▄█▄██▄█▄██

2025-08-29T20:22:43: 
2025-08-29T20:23:03: 🎯 QR Code detected! Displaying...
2025-08-29T20:23:03: 📱 Scan this QR code with your WhatsApp!
2025-08-29T20:23:03: 🔗 Or copy this link to scan:
2025-08-29T20:23:03: https://api.qrserver.com/v1/create-qr-code/?size=300x300&data=2%40TDMf8GmhmyxhWIPc83rAB21BBE%2FXaK%2F4%2FW9ei04kAHL%2F9dCXqttQUJCyyDSYVZzqd8SpIVwEov1hnERLEF6x7nDyaimfLEVn%2Fuk%3D%2CnuJ2jWp8xafaBb2xxhf2SNdemfpsULnj3DHzkrBOqi0%3D%2CDH94OzuTY6vM4Ki2eafge36XWklqBjjYR3Uw9OkB13M%3D%2CuKSO3RoDJUqe6Ed98y9ajrbBXyj9%2FrEOzm5cKA4k8Us%3D
2025-08-29T20:23:03: 
2025-08-29T20:23:03: ▄▄▄▄▄▄▄▄▄▄▄▄▄▄▄▄▄▄▄▄▄▄▄▄▄▄▄▄▄▄▄▄▄▄▄▄▄▄▄▄▄▄▄▄▄▄▄▄▄▄▄▄▄▄▄▄▄▄▄
█ ▄▄▄▄▄ █▀█▄▀▀  ▀▀ ▀ █▀    █▀▀▄▄█▄▀▀  ▄▀█▀▀▄█▀▄▄ ██ ▄▄▄▄▄ █
█ █   █ █▀▄ █▄▀█▄▄▀ █▄▄█▀ ▀█▄▄▄▀▄▄█▀█▀▄█▄███▄▄ ▄ ██ █   █ █
█ █▄▄▄█ █▀▄██ ▀▄▄█▀▀▄ ▀ ▀ █ ▄▄▄ ▄▀▀▀▄█▄█▀█ ▄▄▄▀▀▄██ █▄▄▄█ █
█▄▄▄▄▄▄▄█▄█ █▄█▄▀▄▀ ▀ █ █ █ █▄█ ▀▄█ ▀▄█ ▀▄█ ▀ ▀▄▀▄█▄▄▄▄▄▄▄█
█▄▄ ▄▄▀▄▄▄ ▄▀▀▄█▄█▄  ▄▀█▀▀   ▄  ▀█▀█▀▄ ▄█▀▀▀ ▀▄▄▀  █▄█▄▀ ▀█
██  ▄█▄▄▀▄ █▀ ▄ █ ▀ ▀▀▀  ███ ▄ ██▀▄▀█▄██▄▀█▄   ▀▀██▄█▀▀▀▀██
█▀ ▄▀█▀▄  ▄▀▄█▄▄▄█▀ ▀▄▀▄ ▀█▄▀█▀█ ▀▀▄▄▄▀▄▄██  ▀██ ▀▀▄ ▀█ ▄██
██▄▀█▄▀▄█▀▄▀▄▀█ ██▀▀▀ ▀██▀ █ ▄█ ▀ ▀  ▄▀█▀  ▀  █▄ ▄█▀█▀ ▀ ▀█
██▀█▄▄ ▄█   █  ██▄▄  ▄█▀ ▀█▄▀ █ █▀▀▄ ▄▀▄██ ▀▄▀██▀▀▄█▀█ ▀▀██
██▄▀█ ▀▄█▀▀▄▀ ▀█    ▄▄ ▄█▄█▄█▄▄██ █▄▄▀█▀▄ ▀▀▄▀█▀█▀▄  ▄▀ ▄██
█▀ ▄█▄█▄▀▀  ▀▀▀█▄▀▄▄▄█▀▀▀▄  ▀▀▀▀ █▀█   ▄ ▀  ▄█▄█▄▀▀█▀▀▀ ▀ █
██▀█▀▄▀▄▄▄███▄▀▀▄ ▀█▄█ ▀▀█▀ ▄ ▄ ▄██ ▀▄█▄ ▀  █▀ ██ ▀▀ █▀▀▀██
█▄█ ▄▄ ▄▀█▄   ▀▀▄▄  █▄▄▀▀ ▀▀▀█  ▄ ▄   ▄███  ▀█▄▄▀▀ ▄█▀█ ▄ █
███▀▀ ▄▄▄ ███▀▄▀ ▄▄█ ▀▄█▄▄  ▄▄▄ ▄ ▄█▄▄▄▄▀██ █▄▀▀█ ▄▄▄ ▀  ██
█▄▄██ █▄█ ▄▀ ▀▀███▄▀▀█▄█▄▀█ █▄█  ▀ █  ▀▄▀▀ ▀▄█▄█▀ █▄█ ▄ ▀▀█
█ ▀▄▀▄ ▄▄ ▀█ ▄▄▀▀▄▄ ▄▄▀██▀▄   ▄ ▄█▄ █▄▀▀▀▀ █ ▀ ▄▀▄  ▄▄▀ █▀█
██▀▀█▀█▄ ▀██▄▀▄███  ▀███  ▄▄▄█▀  █▀██▄▀███▀▀█▀▄▄█   ▄▄█▄▀ █
█▄ █▀  ▄▄▄█ ▄ ▄▀▄▄ ▀█  ▄▄▀▄▄▀█▀ ▄▀ ▄▄██▀▄▀▀  █▄█ █ ▀█▀▀ ███
█▀▀█ ██▄▄▀█ ▀█▀ ▀█▄▄▀▀▀▀▄ ▄▀▀█▄  █▀▄▄ ▄█ ▀▀  █▄█▀ ▀▄▀▄ ▀▄▀█
█▄▄▀█  ▄▀██ ▀ ▄█▀█▀▄▀ ▄█▄ █ ▀█▄▄▀▄▀▄▀▀ ▄▄▀ ▄▀  ▀ ▀▄▀▀▀  ▄▄█
█▄██▄▄█▄▀▀█ ██▄███▄ ▄▄▄▀▄▀█▀▄▄ ▄▀█▀█▄ ▀█▄█ ▀█▀▄██▀ ▀█▄▀▀▀▀█
██▄▀█ ▄▄ ▄▄█▄▄▄▄▀▄▀  ▀▀  ▀▀▀   ▄▀██▀██▀▄█ ▄▀▀ ▀  ▄▄▀▀ ▀  ██
█▀▀ ▄▄█▄▀█▀▀ ▀▄██▄▀  █▀▄▀▀█▀▀▄█▄▄██▄  ▄█▀▀▀▀▀█▄██▀▄▀█▄█▄▄▀█
█ ▀ ▀▀▄▄ ▄███ █▀ █▀▄█▄▄██▀▄▄ █▄▄▀ █▀▄▄▀▄▀▀▀ █▄█▀▀▄▀▀▄▄  ▄▀█
███████▄█▀█▄  ▄ ██  ▀███▀ █ ▄▄▄ ▄▀▄█▄▄ ███▀  █▄█▀ ▄▄▄ ▄▄▄ █
█ ▄▄▄▄▄ █▄ ▀▀██ ▀▀▄▄ █▀▀▀ ▄ █▄█   ▄▄  ▄█ ▄▄█▄█ ▀▀ █▄█ ▀▀ ██
█ █   █ █  ▄▀ ▀▀▄▀ ▄▄█▄▀▀▄▄▄ ▄ ▄▀▀▄▄ ▄▀▄██▄  ▀ █▄▄▄▄ ▄▀▀███
█ █▄▄▄█ █ ▄█▀█ ▄▄  █▄█▄▀▀█ ██▀▀█▄██▀ ██  ▀▄█▄▀▀    █▀██ ███
█▄▄▄▄▄▄▄█▄▄▄▄██▄█▄█▄████▄█▄█▄▄█▄▄▄▄▄█▄▄▄████▄████▄█▄██▄█▄██

2025-08-29T20:23:03: 
2025-08-29T20:23:23: 🎯 QR Code detected! Displaying...
2025-08-29T20:23:23: 📱 Scan this QR code with your WhatsApp!
2025-08-29T20:23:23: 🔗 Or copy this link to scan:
2025-08-29T20:23:23: https://api.qrserver.com/v1/create-qr-code/?size=300x300&data=2%40%2Bdth8LCVx5bIT4wV1iEXQrZGKsr1rXKMpmjBPOpGT2CL6YFN05PqZFqeJ5TuQ%2Fipy1IonmdmLWYztPpvojFOHlDDq6kxLzPOOfQ%3D%2CnuJ2jWp8xafaBb2xxhf2SNdemfpsULnj3DHzkrBOqi0%3D%2CDH94OzuTY6vM4Ki2eafge36XWklqBjjYR3Uw9OkB13M%3D%2CuKSO3RoDJUqe6Ed98y9ajrbBXyj9%2FrEOzm5cKA4k8Us%3D
2025-08-29T20:23:23: 
2025-08-29T20:23:23: ▄▄▄▄▄▄▄▄▄▄▄▄▄▄▄▄▄▄▄▄▄▄▄▄▄▄▄▄▄▄▄▄▄▄▄▄▄▄▄▄▄▄▄▄▄▄▄▄▄▄▄▄▄▄▄▄▄▄▄
█ ▄▄▄▄▄ █▀█▄▀▀  ██▀  █▀ █  █▀▀▄▄█▄██▀▀ ▀▀ ▄   ▄▄ ██ ▄▄▄▄▄ █
█ █   █ █▀▄ ▀ ▀█▄▄▀ ▄█▄█▀ ▀█▄▄▄▀▀██▀▀ ▄█▄███▄▄ ▄ ██ █   █ █
█ █▄▄▄█ █▀ █▀▄▀▄▄█▀▀▄ ▀ ▀ █ ▄▄▄ ██▀▀█▄▄█   ▄▀▄▀▀▄██ █▄▄▄█ █
█▄▄▄▄▄▄▄█▄█ █▄█▄▀▄▀ ▀ █ █ █ █▄█ ▀▄█ ▀▄█ ▀▄█ ▀ ▀▄▀▄█▄▄▄▄▄▄▄█
█▄▄ ▄ █▄▄ ▀█ ▀▄█▄█▄  ▄▀█▀▀▄▄ ▄  ▀█▀█▀▄ ▄█▀▀▀ ▀▄▄   █▄█▄▀ ▀█
██  ▄▄▄▄█▄█   ▄ █ ▀ ▀▀▀  █ ▄ ▄ ██▀ ▀█▄▀█▄▀█   ▄█▀ ███ ▀▀▀██
█▀ ▄▄█▀▄▀█▀█▄█▄▄▄█▀ ▀▄▀▄ ▀██▀▀▀█ ▀█▄▄▄ ▄▄█   ▀██▄▀▀▄ ██▄▄██
█▀▀▄ ▄▀▄▄▀▄▀▄▀█ ████▀ ███▀ █ █▀▄▀  █▄▄█▀▀ ██▄▄ ▄█▄█▀▄    ▀█
█▀▄▄▀▄ ▄█   █  █▄▄▀▄▀▄██▄▀█▄▀  ▀█▀▀█ ▄▀█▀▀▀ ▄▀▄█▀▀▄█▀█▀▀███
██▀█ ▄█▄█▀▀▄▀ ▀██   ▄█ ▄▀██▄█▄▄█▀▄█▄ ▀█▀██▀▀ ██ █▀▄  ▄▀  ██
█▀▀▄█▀ ▄▀▀    ▀█▄▀▄▄▄█▀▀▀▄  ▀▀▀▀▄▀▀█▄▄ ▄▀▀   ▀▄█▄▀▀█▀▀▀ ▀▀█
██▀█▀ ▀▄ ▄▀▄ ▄ ▀▄ ▀█▄█ ▀▀█▀ ▄ ▄ ███ ▀▄█▄ ▀  ▄▀ ██ ▀▀ ▀▀▀▀██
█▄█ ▄█ ▄▄█▄▀▄▄ ▀▄▄  █▄▄▀▀ ▀▀▀█  ▄ ▄   ▄███  ▀█▄▄ ▀▀█▀██ ▄ █
███▀▀ ▄▄▄ ▀ ▄ ▄▄ ▄▄█ ▀▄█▄▄█ ▄▄▄ ▄ ▄▀▄▄▄ ▀██▄█▄▀█▀ ▄▄▄ █  ██
█▄▄▄  █▄█  ▀ ▀█▄██▄▀▀█▄█▄▀█ █▄█  ▀██   ▄▀▀  ▄█▄▄▀ █▄█ ▀█▀▀█
█ █▄ ▄▄▄ ▄▀█ ▄▄▀▀▄  ▄▄ ██▀▄   ▄ ▄██ █   █▀▀▄▄█ █ ▄ ▄▄▄ ▀█▀█
█ █▀█▀█▄████▄▀▄█ ▄   ▄█▀▀ ▄▄▀▄▀  █▀█ ▄▀█▄█▀ ▄▀▄█▀▄  ▄▄██▀ █
█ ▀▄█  ▄▀▄█ ▄ ▄▀▀█ ▀▀▄ ▄▀▀▄▄▄█▀ ▄█ ▄ █▄ ▄▀▀ ▀ █▄▀█ ▀▄█▀ ▀██
█ ██ ██▄▄▀█ ▀▀▀ ▀█▄▄▀▀▀▀▄ ▄▀▀██ ▄▀▀▄  ▄███▀ ▄█▄█▀ ▀▄▀▄ ▀█ █
█▄▄▀█  ▄▀█▀  ▀ █▀█▀▄▀ ▄█▄ █ ▀█▄ ▀▄▀▄▀  ▄▄▀ ▄ ▀ ▀ ▀▄▀▀▀  ▄▄█
█▄██▄▀ ▄▀▀█▀▄▄█▄██▄ ▄▄▄▀▄▀█▀▄▄ ▄▀█▀█▄ ▀█▄█ ▀█▀▄██▀▄▄█▄██▀▀█
██▄▀██▀▄ ▄███▀▀▀▀▄▀  ▀▀  ▀█▀   ▄▀█▀████▄█  ▀▀ ▀  █▄█▀  ▀ ██
█▀▀▀   ▄▀▄█▄ ▀█ █▄▀  █▀▄▀▀▄▄▀▄█▄▄█▄█   ▄▀▀  ▀████▀ ▀▄▄▀█▄▀█
█ ▀ ▀▀▄▄▄▀███ █▀ █▄ █▄▄██▀█  █▄▄▀ ▄ ▄ ▄ █▀  █ ██▄█ ██▀▀▀▄▀█
███████▄█▀█▄  ▄ ██ ▄▀███▀ █ ▄▄▄ ▄▀▄█▄ ▀▄▀█▀  ▀▄▄▀ ▄▄▄ ██  █
█ ▄▄▄▄▄ █▄ ▀▀██ ██▄▄█ ▀▀▄▄▄ █▄█ ▄ ▄▄▀▄▄████▄    ▄ █▄█ ▀▀▄██
█ █   █ █  ▄ ▄▀▀▄▀ ▄▄█▄▀▀▄▄▄▄▄ ▄ █▄▄█▄▀▄▀█▄ ██ ██▄▄▄▄ ▀▀███
█ █▄▄▄█ █ ▄██  ▀▄  █▄█▄▀▀█ ██▀▀█▄▄█▀▀▄█   ▄█▄▀▀    █▀██ ███
█▄▄▄▄▄▄▄█▄▄██▄▄▄█▄█▄████▄█▄████▄▄▄▄▄█▄▄▄████▄████▄█▄██▄█▄██

2025-08-29T20:23:23: 
2025-08-29T20:23:43: {"level":30,"time":"2025-08-29T19:23:43.176Z","pid":17372,"hostname":"LAPTOP-R3IJ5HFS","class":"baileys","trace":"Error: QR refs attempts ended\n    at Timeout.genPairQR [as _onTimeout] (C:\\Users\\55519\\Desktop\\DIGITAL MARKETING\\SAAS AND APP DEVELOPMENT\\Caio Website Personal Brand\\caio_personal_brand_current_one\\node_modules\\@whiskeysockets\\baileys\\lib\\Socket\\socket.js:485:21)\n    at listOnTimeout (node:internal/timers:588:17)\n    at process.processTimers (node:internal/timers:523:7)","msg":"connection errored"}
2025-08-29T20:23:43: 🔄 Scheduling reconnect attempt 4/10 in 20s...
2025-08-29T20:24:03: 🚀 Starting WhatsApp service...
2025-08-29T20:24:03: 📱 WhatsApp service started. Waiting for connection...
2025-08-29T20:24:03: {"level":30,"time":"2025-08-29T19:24:03.428Z","pid":17372,"hostname":"LAPTOP-R3IJ5HFS","class":"baileys","browser":["Chrome (Linux)","",""],"helloMsg":{"clientHello":{"ephemeral":"2KgWjkbNxLEa31zcIV/OlCVkGbjvsd69Ns6QrWDfv0I="}},"msg":"connected to WA"}
2025-08-29T20:24:03: {"level":30,"time":"2025-08-29T19:24:03.574Z","pid":17372,"hostname":"LAPTOP-R3IJ5HFS","class":"baileys","node":{"passive":false,"userAgent":{"platform":"WEB","appVersion":{"primary":2,"secondary":3000,"tertiary":1023223821},"mcc":"000","mnc":"000","osVersion":"0.1","device":"Desktop","osBuildNumber":"0.1","releaseChannel":"RELEASE","localeLanguageIso6391":"en","localeCountryIso31661Alpha2":"US"},"webInfo":{"webSubPlatform":"WEB_BROWSER"},"connectType":"WIFI_UNKNOWN","connectReason":"USER_ACTIVATED","devicePairingData":{"eRegid":"AAAAlg==","eKeytype":"BQ==","eIdent":"rgcF24W4u7pLCzy5st6ORFfk/t9AxZ0xkeFFX2QP4CM=","eSkeyId":"AAAB","eSkeyVal":"H3pMR7tG1i8YKIWcU8VUwgH+kzxhu1hL0j9N1zzYvCI=","eSkeySig":"7xF1bK8qFfqZGBXa5CKmqWWWT61o73t6qVuJcR96IHUo8qBNHcn0OkiseiJB5dPNsOKOgSy/6UoCGinVoql1ig==","buildHash":"c9lQeUMlTdrMrIi/+YcPiA==","deviceProps":"Cg5DaHJvbWUgKExpbnV4KRgHIAA="},"pull":false},"msg":"not logged in, attempting registration..."}
2025-08-29T20:24:03: 🎯 QR Code detected! Displaying...
2025-08-29T20:24:03: 📱 Scan this QR code with your WhatsApp!
2025-08-29T20:24:03: 🔗 Or copy this link to scan:
2025-08-29T20:24:03: https://api.qrserver.com/v1/create-qr-code/?size=300x300&data=2%40pDl%2Fv9TXdRy3xbhNPqVzuo2rn9JX03PBLfvQjiBbl19w1EzS%2Bi8Y2RDhuCB%2FjZf1TF5RIuPzaru6JnzltRr6TbsuYDH3Zpev0JY%3D%2CCpp%2FXH0In9oAFKQ88xgIqYScnXcqEMRL5g5TWRy4bj8%3D%2CrgcF24W4u7pLCzy5st6ORFfk%2Ft9AxZ0xkeFFX2QP4CM%3D%2C3XlcDXDdftVbywPWNTGL8Lf%2BFtyhlBpkxs21LKxwO%2BQ%3D
2025-08-29T20:24:03: 
2025-08-29T20:24:03: ▄▄▄▄▄▄▄▄▄▄▄▄▄▄▄▄▄▄▄▄▄▄▄▄▄▄▄▄▄▄▄▄▄▄▄▄▄▄▄▄▄▄▄▄▄▄▄▄▄▄▄▄▄▄▄▄▄▄▄
█ ▄▄▄▄▄ █▀█▄ █   ▀▄▀▄█   ▄▄▀ ▀    ████▀▀ ▀  ▀▄▄▄ ██ ▄▄▄▄▄ █
█ █   █ █▀▀ ▄█ ███ ▀█▄ █▀▀▀█▀▄▀▀▀▄█   ▀▀█▄▄  █ ▄ ██ █   █ █
█ █▄▄▄█ █▀█ █  █▄██▀▄ ▀▄▀ █ ▄▄▄ █ ██▄▀ ▀ ▄  ▀ ▀▀▄██ █▄▄▄█ █
█▄▄▄▄▄▄▄█▄▀ █▄█▄▀▄▀▄▀ █▄█ █ █▄█ ▀▄█ ▀▄▀ ▀▄█ █▄█▄▀▄█▄▄▄▄▄▄▄█
█▄  ▄ ▀▄▄ ▀   ▄▀▄▄  ▄▄██  ▄     ▀█▀█▀ ▀███▀▀▄█ ▄▀▀ █ ▀▄▀ ▀█
█ ▀▄  ▄▄ ▄█▀█▄▄ ▄█▀ ▀▀▀ █▀ ██ ▀▄▀▀ ██ ██ █▄▀   ▄███ ▄ ▀▀▄▀█
█▄▄    ▄▄█ ▄▀▀▄▄▄█▀  █▀▄▄▀▄ ▄█▀███▄█▄▄▀▄▀█▀ █▀▄▄  ▄██▀▀ █▀█
██▀▄▄█ ▄▀▄▄ ▀▀▄▀██  ▄▀▄▄▄  █ ██▄▄▀ ▀▄ █▄▀▄ ▀▀▀█ ▀  ▄█▄   ██
█▀▀█▄ █▄ ████▀ ▀▄▄▄ ▀▄▄▀█▀█ ▀   ██▀█▄  ▄▀█▀ █▀▄▄▀▀▀█▀▀   ▀█
██ ▄▀▀▄▄█▄▀▄▀ ▀█  ▀▄▀█ ▄▄▀ ▄█ █▄█▀▀▄▀▄▄▀█▀▀▀███ ▀▄▀██ ▄▀█▀█
█▄ ███ ▄▀ ▀█ ▀▀█▄▀▄▄▄██▀▀▄▀ ▀█▀  █▄▄█ ▀▄▄▀▄▀▄█▄█▄▀█▄▀▀▄█ ▀█
█ ▀▀ ▀▀▄ █  ▄▀ █▄ █▀▄█ █▀█▀  ▀█ ██▄▀▀ ▄ █ ▄▀█ ▀ █▄▄▄▄▀  ▀██
█▄▄█   ▄  █▀▄▀ ▀▄█▄▄█▄▄▀▄▀▀███  ▄ ▄  ▄ ▄ ▀▀ ▄██▄▀  █▀█▄▀▄ █
██  ▄ ▄▄▄ ▄▄  █  ▀▄█ ▀▄██▄  ▄▄▄    █▀█   ██▀▀  ▀▀ ▄▄▄ ▀ ▄▀█
█▄  █ █▄█ ▄▀▀   ▄█▄▀ █▄█  █ █▄█  ▀▄▄█ █▄▀█  █▀▀█▄ █▄█ ▄▀ ▀█
█▀▀▀▀  ▄ ▄▀▄█▄▀▄▀█▀▄▄█ ▄▄█     ▄  ▄▀ ▄▄  █▄  ▀▀ ▀▄   ▄▀▀███
███▀▀▀▀▄▄▄ █▄ ████▄ ▀███  ▄ ▀▄▀ ▄█▀██▄▀▄██▀▀▄▀▄▄█ ▄█ ▄▀ ▄▄█
█▀▀▄ ▀█▄▀█ ▄▄█▀▄  ▄██▄ ▄███▄▄▀▀ ▀█▄▄ ▄▄    ▀█▀ ▄▄▄▄▀▄▀  ▄██
█▄ ▄▄ ▀▄ ▀▄▀ ▀  ▀█  ▀▀▀▀▄ █ ▀██▄▄▀▄▄█ ▄███▀ ▄▀▄▄█  ▀▄█  ▄▀█
█    ▄▀▄ ▀█▄▄ █ ▀█▄▀▀ ▀█▄ █▄▀█▄▄ █ ▄██▄ █▀▄██▀▄▄ ▀▄██▄ ▀▄▄█
██▀▄▄▀▄▄▀▄ ▄ ▀▄▀██▄▄▄▄▀█  █▀▀▄█▀▀█▀█▀▄▀█▄▀ ▀ █▄▄▀ ▀▄██▄ ▀██
██ ▀  ▄▄█  ▄█▀█▄▄█▀  ▀▀ ▀▀█▀  ▀▄█▀█▀ █▄ ▄▀ ▀█▄▀▄ ▀ ██▄▀ ▄██
█████▄ ▄▄█  ▀████▄▀  ▄▀▄▀ █▀▄██▀▀▀▄█ ▄ ██▀▀▀ ▀█▄███▀███▄▄██
█ ▀ ▀▀▄▄▀█  █  ▄▀▄█▄▄▀▄▄▀▀█▄ █  ▀ ▄ ▀▄████▄▀▀██ ██ ▀██  ▄▀█
███████▄▄▀▀ ▀▄▄█▄▄█▄ █▄▀ ▀█ ▄▄▄  ▀▄█  ▀███ ▀▄█▄██ ▄▄▄  ▀▀██
█ ▄▄▄▄▄ █▄  ▀  ▀█ █▀█▄█▀  ▄ █▄█ ▀▀▄█  ▀▄█▀ ▀▄▀█▄▀ █▄█ ▀  ██
█ █   █ █ ▀▀█▀█▄▄▀▄▄▄█▀█▀▄▄▄   ▄▄▀▄▄▄▄ █▀▀▄ ▄██▄▀▄▄▄  ▄ ███
█ █▄▄▄█ █   ▄▄ ▄▄ ▀▄▄█▄▀▀█▄▀▀▀▀█▄█▄ █▀ ▄▄ ▄█▀ ▄▄█ ▀▄▀█▀ ███
█▄▄▄▄▄▄▄█▄█▄▄█▄▄▄█▄▄█████▄▄█▄██▄▄▄▄▄▄▄▄▄███▄▄█▄█▄██▄██▄▄▄██

2025-08-29T20:24:03: 
